dataset,arch,variant,noise,seed,accuracy,macro_f1,top3,violation_rate,forbidden,violation_rate_net,forbidden_net,dl_similarity,suffix_accuracy,exact_match,suffix_dfa_violation,suffix_dfa_violation_net,suffix_precedence_violation,suffix_net_fitness,n_suffix,prefix_lengths,best_epoch,corrupted,train_compliance,secs_per_epoch,secs_train,secs_petrinet,secs_dfa,secs_automaton,secs_markings,secs_artifacts,gpu,knowledge_key,net_fingerprint,artifacts_cached,split,knowledge,vocab_scope,train_frac,val_frac,test_frac,protocol,source_dir
Sepsis_Case,lstm,baseline,0.0,0,0.672595,0.491508,0.937984,0.0,0.002361,0.001824,0.002239,0.564343,0.369348,0.081218,0.0,0.04081,0.0,0.972783,394,6|7|8,12,0,0.997279,1.39,23.58,0.09,0.17,0.48,3.15,4.78,NVIDIA A100-SXM4-80GB,43a14d7652fde71f,ca89a5e805b1,0,temporal,train,all,0.7,0.15,0.15,C,noise_curve_c
Sepsis_Case,lstm,checker,0.0,0,0.671683,0.492059,0.941176,0.0,0.001628,0.001824,0.002246,0.559313,0.377863,0.109137,0.0,0.067821,0.0,0.964922,394,6|7|8,11,0,0.997279,1.42,22.7,0.09,0.17,0.48,3.15,4.78,NVIDIA A100-SXM4-80GB,43a14d7652fde71f,ca89a5e805b1,0,temporal,train,all,0.7,0.15,0.15,C,noise_curve_c
Sepsis_Case,lstm,checker_net,0.0,0,0.672139,0.491652,0.939352,0.0,0.002103,0.001824,0.002086,0.550158,0.37522,0.109137,0.0,0.055197,0.0,0.967531,394,6|7|8,11,0,0.997279,1.13,18.08,0.09,0.17,0.48,3.15,4.78,NVIDIA A100-SXM4-80GB,43a14d7652fde71f,ca89a5e805b1,0,temporal,train,all,0.7,0.15,0.15,C,noise_curve_c
Sepsis_Case,lstm,checker_net_state,0.0,0,0.665299,0.488424,0.936617,0.0,0.002138,0.001824,0.002271,0.556342,0.384028,0.093909,0.0,0.059894,0.0,0.972102,394,6|7|8,11,0,0.997279,1.19,19.1,0.09,0.17,0.48,3.15,4.78,NVIDIA A100-SXM4-80GB,43a14d7652fde71f,ca89a5e805b1,0,temporal,train,all,0.7,0.15,0.15,C,noise_curve_c
Sepsis_Case,lstm,marking,0.0,0,0.660283,0.486172,0.936617,0.0,0.001771,0.001824,0.002243,0.564383,0.373165,0.096447,0.008221,0.052554,0.0,0.974378,394,6|7|8,16,0,0.997279,1.4,29.39,0.09,0.17,0.48,3.15,4.78,NVIDIA A100-SXM4-80GB,43a14d7652fde71f,ca89a5e805b1,0,temporal,train,all,0.7,0.15,0.15,C,noise_curve_c
Sepsis_Case,lstm,gnn,0.0,0,0.667123,0.48632,0.937528,0.0,0.002767,0.001824,0.002797,0.568165,0.426307,0.07868,0.000881,0.010863,0.0,0.988012,394,6|7|8,11,0,0.997279,1.42,22.68,0.09,0.17,0.48,3.15,4.78,NVIDIA A100-SXM4-80GB,43a14d7652fde71f,ca89a5e805b1,0,temporal,train,all,0.7,0.15,0.15,C,noise_curve_c
Sepsis_Case,lstm,seq,0.0,0,0.664387,0.476008,0.931601,0.0,0.00275,0.001824,0.002426,0.585162,0.4266,0.07868,0.0,0.004991,0.0,0.990797,394,6|7|8,9,0,0.997279,3.3,46.18,0.09,0.17,0.48,3.15,4.78,NVIDIA A100-SXM4-80GB,43a14d7652fde71f,ca89a5e805b1,0,temporal,train,all,0.7,0.15,0.15,C,noise_curve_c
Sepsis_Case,lstm,lll,0.0,0,0.668947,0.482023,0.934337,0.0,0.002046,0.000456,0.000968,0.57106,0.419554,0.081218,0.023782,0.023782,0.002538,0.985692,394,6|7|8,10,0,0.997279,1.3,19.49,0.09,0.17,0.48,3.15,4.78,NVIDIA A100-SXM4-80GB,43a14d7652fde71f,ca89a5e805b1,0,temporal,train,all,0.7,0.15,0.15,C,noise_curve_c
Sepsis_Case,lstm,gll,0.0,0,0.673963,0.480949,0.935249,0.0,0.001247,0.001368,0.001396,0.570664,0.409865,0.076142,0.019671,0.000587,0.0,0.991282,394,6|7|8,15,0,0.997279,2.96,59.29,0.09,0.17,0.48,3.15,4.78,NVIDIA A100-SXM4-80GB,43a14d7652fde71f,ca89a5e805b1,0,temporal,train,all,0.7,0.15,0.15,C,noise_curve_c
Sepsis_Case,lstm,baseline,0.1,0,0.662107,0.480745,0.937528,0.0,0.027084,0.001368,0.009945,0.570012,0.395772,0.083756,0.0,0.027011,0.005076,0.982334,394,6|7|8,12,1082,0.672109,1.61,27.3,0.09,0.17,0.48,3.15,4.78,NVIDIA A100-SXM4-80GB,43a14d7652fde71f,ca89a5e805b1,0,temporal,train,all,0.7,0.15,0.15,C,noise_curve_c
Sepsis_Case,lstm,checker,0.1,0,0.665299,0.478862,0.937528,0.0,0.018163,0.001368,0.007438,0.572973,0.405755,0.083756,0.0,0.009395,0.002538,0.989357,394,6|7|8,12,1082,0.672109,1.68,28.48,0.09,0.17,0.48,3.15,4.78,NVIDIA A100-SXM4-80GB,43a14d7652fde71f,ca89a5e805b1,0,temporal,train,all,0.7,0.15,0.15,C,noise_curve_c
Sepsis_Case,lstm,checker_net,0.1,0,0.656635,0.466593,0.937528,0.0,0.027385,0.001368,0.007474,0.560972,0.409278,0.06599,0.0,0.00411,0.0,0.991254,394,6|7|8,10,1082,0.672109,1.25,18.79,0.09,0.17,0.48,3.15,4.78,NVIDIA A100-SXM4-80GB,43a14d7652fde71f,ca89a5e805b1,0,temporal,train,all,0.7,0.15,0.15,C,noise_curve_c
Sepsis_Case,lstm,checker_net_state,0.1,0,0.659371,0.473548,0.937073,0.0,0.022257,0.001368,0.007975,0.56613,0.420728,0.068528,0.000881,0.00734,0.002538,0.991628,394,6|7|8,12,1082,0.672109,1.14,19.38,0.09,0.17,0.48,3.15,4.78,NVIDIA A100-SXM4-80GB,43a14d7652fde71f,ca89a5e805b1,0,temporal,train,all,0.7,0.15,0.15,C,noise_curve_c
Sepsis_Case,lstm,marking,0.1,0,0.662107,0.485999,0.928409,0.000456,0.028099,0.00228,0.009261,0.560248,0.376982,0.104061,0.002936,0.080153,0.002538,0.9598,394,6|7|8,13,1082,0.672109,1.39,25.11,0.09,0.17,0.48,3.15,4.78,NVIDIA A100-SXM4-80GB,43a14d7652fde71f,ca89a5e805b1,0,temporal,train,all,0.7,0.15,0.15,C,noise_curve_c
Sepsis_Case,lstm,gnn,0.1,0,0.665299,0.481526,0.94072,0.001368,0.029105,0.00228,0.010576,0.576882,0.423664,0.073604,0.003523,0.007634,0.002538,0.990464,394,6|7|8,11,1082,0.672109,1.33,21.27,0.09,0.17,0.48,3.15,4.78,NVIDIA A100-SXM4-80GB,43a14d7652fde71f,ca89a5e805b1,0,temporal,train,all,0.7,0.15,0.15,C,noise_curve_c
Sepsis_Case,lstm,seq,0.1,0,0.673051,0.487277,0.935249,0.000456,0.027448,0.00228,0.010331,0.570505,0.399295,0.083756,0.016735,0.021726,0.002538,0.98573,394,6|7|8,15,1082,0.672109,3.28,65.69,0.09,0.17,0.48,3.15,4.78,NVIDIA A100-SXM4-80GB,43a14d7652fde71f,ca89a5e805b1,0,temporal,train,all,0.7,0.15,0.15,C,noise_curve_c
Sepsis_Case,lstm,lll,0.1,0,0.663019,0.468901,0.936617,0.0,0.021113,0.0,0.000879,0.550752,0.408984,0.063452,0.000881,0.0,0.0,0.992499,394,6|7|8,10,1082,0.672109,1.33,19.97,0.09,0.17,0.48,3.15,4.78,NVIDIA A100-SXM4-80GB,43a14d7652fde71f,ca89a5e805b1,0,temporal,train,all,0.7,0.15,0.15,C,noise_curve_c
Sepsis_Case,lstm,gll,0.1,0,0.668035,0.485112,0.937528,0.0,0.015954,0.000456,0.00496,0.582163,0.425426,0.071066,0.00411,0.0,0.005076,0.991305,394,6|7|8,12,1082,0.672109,2.94,50.01,0.09,0.17,0.48,3.15,4.78,NVIDIA A100-SXM4-80GB,43a14d7652fde71f,ca89a5e805b1,0,temporal,train,all,0.7,0.15,0.15,C,noise_curve_c
Sepsis_Case,lstm,baseline,0.2,0,0.659827,0.476883,0.916553,0.001368,0.056501,0.003648,0.017439,0.53993,0.374927,0.073604,0.02936,0.035232,0.005076,0.982138,394,6|7|8,13,2164,0.44898,1.4,25.25,0.09,0.17,0.48,3.15,4.78,NVIDIA A100-SXM4-80GB,43a14d7652fde71f,ca89a5e805b1,0,temporal,train,all,0.7,0.15,0.15,C,noise_curve_c
Sepsis_Case,lstm,checker,0.2,0,0.660283,0.473916,0.927497,0.001368,0.039116,0.005016,0.0136,0.556942,0.402819,0.081218,0.019965,0.037874,0.005076,0.980065,394,6|7|8,13,2164,0.44898,1.19,21.43,0.09,0.17,0.48,3.15,4.78,NVIDIA A100-SXM4-80GB,43a14d7652fde71f,ca89a5e805b1,0,temporal,train,all,0.7,0.15,0.15,C,noise_curve_c
Sepsis_Case,lstm,checker_net,0.2,0,0.660283,0.477191,0.929777,0.000912,0.050095,0.001824,0.011931,0.541503,0.395772,0.081218,0.041985,0.042866,0.007614,0.978132,394,6|7|8,10,2164,0.44898,1.1,16.55,0.09,0.17,0.48,3.15,4.78,NVIDIA A100-SXM4-80GB,43a14d7652fde71f,ca89a5e805b1,0,temporal,train,all,0.7,0.15,0.15,C,noise_curve_c
Sepsis_Case,lstm,checker_net_state,0.2,0,0.664387,0.475451,0.928409,0.000912,0.04504,0.002736,0.013761,0.540865,0.387258,0.073604,0.025543,0.039049,0.005076,0.978339,394,6|7|8,10,2164,0.44898,1.11,16.69,0.09,0.17,0.48,3.15,4.78,NVIDIA A100-SXM4-80GB,43a14d7652fde71f,ca89a5e805b1,0,temporal,train,all,0.7,0.15,0.15,C,noise_curve_c
Sepsis_Case,lstm,marking,0.2,0,0.659371,0.479375,0.925217,0.000912,0.054631,0.003648,0.016995,0.554723,0.409571,0.086294,0.015561,0.024075,0.005076,0.983615,394,6|7|8,11,2164,0.44898,1.16,18.61,0.09,0.17,0.48,3.15,4.78,NVIDIA A100-SXM4-80GB,43a14d7652fde71f,ca89a5e805b1,0,temporal,train,all,0.7,0.15,0.15,C,noise_curve_c
Sepsis_Case,lstm,gnn,0.2,0,0.663475,0.474718,0.930689,0.001368,0.052195,0.00228,0.016515,0.554198,0.392249,0.088832,0.009982,0.035232,0.005076,0.981077,394,6|7|8,9,2164,0.44898,1.26,17.67,0.09,0.17,0.48,3.15,4.78,NVIDIA A100-SXM4-80GB,43a14d7652fde71f,ca89a5e805b1,0,temporal,train,all,0.7,0.15,0.15,C,noise_curve_c
Sepsis_Case,lstm,seq,0.2,0,0.660283,0.466073,0.923393,0.001368,0.058078,0.002736,0.016697,0.578608,0.434821,0.073604,0.000294,0.000587,0.005076,0.991818,394,6|7|8,10,2164,0.44898,3.23,48.45,0.09,0.17,0.48,3.15,4.78,NVIDIA A100-SXM4-80GB,43a14d7652fde71f,ca89a5e805b1,0,temporal,train,all,0.7,0.15,0.15,C,noise_curve_c
Sepsis_Case,lstm,lll,0.2,0,0.660283,0.475079,0.924305,0.000912,0.043835,0.0,0.000856,0.559462,0.403993,0.073604,0.01057,0.0,0.005076,0.990926,394,6|7|8,13,2164,0.44898,1.14,20.46,0.09,0.17,0.48,3.15,4.78,NVIDIA A100-SXM4-80GB,43a14d7652fde71f,ca89a5e805b1,0,temporal,train,all,0.7,0.15,0.15,C,noise_curve_c
Sepsis_Case,lstm,gll,0.2,0,0.670315,0.471356,0.932057,0.001368,0.038726,0.001368,0.009489,0.575245,0.421609,0.07868,0.002055,0.000294,0.005076,0.990828,394,6|7|8,12,2164,0.44898,3.03,51.43,0.09,0.17,0.48,3.15,4.78,NVIDIA A100-SXM4-80GB,43a14d7652fde71f,ca89a5e805b1,0,temporal,train,all,0.7,0.15,0.15,C,noise_curve_c
Sepsis_Case,lstm,baseline,0.3,0,0.658915,0.472694,0.918833,0.001824,0.088294,0.00228,0.026919,0.570103,0.449207,0.091371,0.004991,0.021139,0.005076,0.984307,394,6|7|8,12,3245,0.315646,1.42,24.2,0.09,0.17,0.48,3.15,4.78,NVIDIA A100-SXM4-80GB,43a14d7652fde71f,ca89a5e805b1,0,temporal,train,all,0.7,0.15,0.15,C,noise_curve_c
Sepsis_Case,lstm,checker,0.3,0,0.650251,0.474874,0.911081,0.001368,0.064915,0.001824,0.019693,0.550294,0.375514,0.091371,0.016148,0.041985,0.005076,0.97785,394,6|7|8,13,3245,0.315646,1.42,25.62,0.09,0.17,0.48,3.15,4.78,NVIDIA A100-SXM4-80GB,43a14d7652fde71f,ca89a5e805b1,0,temporal,train,all,0.7,0.15,0.15,C,noise_curve_c
Sepsis_Case,lstm,checker_net,0.3,0,0.648427,0.458639,0.908801,0.001368,0.082335,0.001824,0.019257,0.572585,0.431004,0.071066,0.001468,0.001174,0.005076,0.990839,394,6|7|8,10,3245,0.315646,1.45,21.73,0.09,0.17,0.48,3.15,4.78,NVIDIA A100-SXM4-80GB,43a14d7652fde71f,ca89a5e805b1,0,temporal,train,all,0.7,0.15,0.15,C,noise_curve_c
Sepsis_Case,lstm,checker_net_state,0.3,0,0.652075,0.473731,0.916097,0.001368,0.076513,0.001824,0.022145,0.563551,0.430711,0.076142,0.004698,0.019378,0.005076,0.986233,394,6|7|8,12,3245,0.315646,1.2,20.39,0.09,0.17,0.48,3.15,4.78,NVIDIA A100-SXM4-80GB,43a14d7652fde71f,ca89a5e805b1,0,temporal,train,all,0.7,0.15,0.15,C,noise_curve_c
Sepsis_Case,lstm,marking,0.3,0,0.658003,0.463736,0.903329,0.001368,0.084587,0.001368,0.022774,0.56521,0.396359,0.06599,0.001468,0.001174,0.005076,0.991848,394,6|7|8,12,3245,0.315646,1.17,19.81,0.09,0.17,0.48,3.15,4.78,NVIDIA A100-SXM4-80GB,43a14d7652fde71f,ca89a5e805b1,0,temporal,train,all,0.7,0.15,0.15,C,noise_curve_c
Sepsis_Case,lstm,gnn,0.3,0,0.667579,0.466171,0.918377,0.001368,0.08385,0.001824,0.024545,0.578452,0.437757,0.073604,0.000294,0.0,0.005076,0.991398,394,6|7|8,9,3245,0.315646,1.26,17.7,0.09,0.17,0.48,3.15,4.78,NVIDIA A100-SXM4-80GB,43a14d7652fde71f,ca89a5e805b1,0,temporal,train,all,0.7,0.15,0.15,C,noise_curve_c
Sepsis_Case,lstm,seq,0.3,0,0.656635,0.454596,0.914273,0.001368,0.08019,0.001368,0.022349,0.562123,0.41926,0.060914,0.000294,0.0,0.005076,0.991021,394,6|7|8,7,3245,0.315646,3.29,39.53,0.09,0.17,0.48,3.15,4.78,NVIDIA A100-SXM4-80GB,43a14d7652fde71f,ca89a5e805b1,0,temporal,train,all,0.7,0.15,0.15,C,noise_curve_c
Sepsis_Case,lstm,lll,0.3,0,0.658003,0.458778,0.902873,0.000912,0.065882,0.0,0.00064,0.566472,0.427481,0.060914,0.002055,0.0,0.005076,0.991696,394,6|7|8,15,3245,0.315646,1.33,26.56,0.09,0.17,0.48,3.15,4.78,NVIDIA A100-SXM4-80GB,43a14d7652fde71f,ca89a5e805b1,0,temporal,train,all,0.7,0.15,0.15,C,noise_curve_c
Sepsis_Case,lstm,gll,0.3,0,0.663931,0.462673,0.917921,0.001368,0.070391,0.001824,0.017354,0.575426,0.416618,0.071066,0.000587,0.000294,0.007614,0.990982,394,6|7|8,12,3245,0.315646,2.98,50.73,0.09,0.17,0.48,3.15,4.78,NVIDIA A100-SXM4-80GB,43a14d7652fde71f,ca89a5e805b1,0,temporal,train,all,0.7,0.15,0.15,C,noise_curve_c
Sepsis_Case,lstm,baseline,0.4,0,0.629731,0.454987,0.891473,0.00228,0.119766,0.003648,0.030148,0.54655,0.382267,0.081218,0.028773,0.06283,0.007614,0.973286,394,6|7|8,13,4327,0.208163,1.42,25.52,0.09,0.17,0.48,3.15,4.78,NVIDIA A100-SXM4-80GB,43a14d7652fde71f,ca89a5e805b1,0,temporal,train,all,0.7,0.15,0.15,C,noise_curve_c
Sepsis_Case,lstm,checker,0.4,0,0.637027,0.466584,0.899681,0.000912,0.084192,0.000912,0.022874,0.552511,0.382267,0.098985,0.000294,0.047857,0.002538,0.978395,394,6|7|8,13,4327,0.208163,1.41,25.46,0.09,0.17,0.48,3.15,4.78,NVIDIA A100-SXM4-80GB,43a14d7652fde71f,ca89a5e805b1,0,temporal,train,all,0.7,0.15,0.15,C,noise_curve_c
Sepsis_Case,lstm,checker_net,0.4,0,0.636571,0.442396,0.894665,0.001368,0.108677,0.003648,0.024372,0.562016,0.427187,0.060914,0.000294,0.001468,0.005076,0.989888,394,6|7|8,9,4327,0.208163,1.44,20.1,0.09,0.17,0.48,3.15,4.78,NVIDIA A100-SXM4-80GB,43a14d7652fde71f,ca89a5e805b1,0,temporal,train,all,0.7,0.15,0.15,C,noise_curve_c
Sepsis_Case,lstm,checker_net_state,0.4,0,0.629731,0.454915,0.896945,0.000912,0.103333,0.00228,0.024957,0.546427,0.394304,0.083756,0.012918,0.056371,0.007614,0.973454,394,6|7|8,13,4327,0.208163,1.43,25.82,0.09,0.17,0.48,3.15,4.78,NVIDIA A100-SXM4-80GB,43a14d7652fde71f,ca89a5e805b1,0,temporal,train,all,0.7,0.15,0.15,C,noise_curve_c
Sepsis_Case,lstm,marking,0.4,0,0.632467,0.453966,0.888737,0.003192,0.116828,0.004104,0.031307,0.534998,0.391075,0.076142,0.000587,0.04404,0.007614,0.975035,394,6|7|8,11,4327,0.208163,1.49,23.77,0.09,0.17,0.48,3.15,4.78,NVIDIA A100-SXM4-80GB,43a14d7652fde71f,ca89a5e805b1,0,temporal,train,all,0.7,0.15,0.15,C,noise_curve_c
Sepsis_Case,lstm,gnn,0.4,0,0.636571,0.43786,0.910169,0.001824,0.105242,0.00456,0.032631,0.547447,0.406048,0.055838,0.000587,0.002055,0.005076,0.989807,394,6|7|8,9,4327,0.208163,1.42,19.86,0.09,0.17,0.48,3.15,4.78,NVIDIA A100-SXM4-80GB,43a14d7652fde71f,ca89a5e805b1,0,temporal,train,all,0.7,0.15,0.15,C,noise_curve_c
Sepsis_Case,lstm,seq,0.4,0,0.641587,0.44261,0.898313,0.001368,0.113893,0.001824,0.031226,0.541573,0.416911,0.048223,0.000587,0.000587,0.005076,0.988727,394,6|7|8,10,4327,0.208163,3.29,49.41,0.09,0.17,0.48,3.15,4.78,NVIDIA A100-SXM4-80GB,43a14d7652fde71f,ca89a5e805b1,0,temporal,train,all,0.7,0.15,0.15,C,noise_curve_c
Sepsis_Case,lstm,lll,0.4,0,0.639307,0.457949,0.894209,0.000912,0.091961,0.0,0.000805,0.529132,0.384322,0.096447,0.042278,0.0,0.005076,0.978579,394,6|7|8,13,4327,0.208163,1.63,29.29,0.09,0.17,0.48,3.15,4.78,NVIDIA A100-SXM4-80GB,43a14d7652fde71f,ca89a5e805b1,0,temporal,train,all,0.7,0.15,0.15,C,noise_curve_c
Sepsis_Case,lstm,gll,0.4,0,0.637027,0.458029,0.885089,0.003192,0.092541,0.002736,0.02005,0.566558,0.417792,0.073604,0.011157,0.001468,0.007614,0.99167,394,6|7|8,17,4327,0.208163,2.94,64.71,0.09,0.17,0.48,3.15,4.78,NVIDIA A100-SXM4-80GB,43a14d7652fde71f,ca89a5e805b1,0,temporal,train,all,0.7,0.15,0.15,C,noise_curve_c
Sepsis_Case,lstm,baseline,0.5,0,0.604195,0.434908,0.870953,0.002736,0.148315,0.005928,0.039132,0.504134,0.36054,0.055838,0.011744,0.068115,0.007614,0.962224,394,6|7|8,9,5409,0.152381,1.39,19.46,0.09,0.17,0.48,3.15,4.78,NVIDIA A100-SXM4-80GB,43a14d7652fde71f,ca89a5e805b1,0,temporal,train,all,0.7,0.15,0.15,C,noise_curve_c
Sepsis_Case,lstm,checker,0.5,0,0.601003,0.436624,0.882353,0.001824,0.11214,0.004104,0.032639,0.50534,0.335878,0.063452,0.000587,0.080153,0.005076,0.959248,394,6|7|8,9,5409,0.152381,1.14,15.93,0.09,0.17,0.48,3.15,4.78,NVIDIA A100-SXM4-80GB,43a14d7652fde71f,ca89a5e805b1,0,temporal,train,all,0.7,0.15,0.15,C,noise_curve_c
Sepsis_Case,lstm,checker_net,0.5,0,0.611035,0.439608,0.878249,0.001824,0.14353,0.00228,0.027513,0.514444,0.376982,0.06599,0.000587,0.045214,0.005076,0.971602,394,6|7|8,9,5409,0.152381,1.18,16.52,0.09,0.17,0.48,3.15,4.78,NVIDIA A100-SXM4-80GB,43a14d7652fde71f,ca89a5e805b1,0,temporal,train,all,0.7,0.15,0.15,C,noise_curve_c
Sepsis_Case,lstm,checker_net_state,0.5,0,0.601003,0.435709,0.882809,0.003192,0.133205,0.005928,0.034495,0.506136,0.381973,0.053299,0.01145,0.069289,0.005076,0.963382,394,6|7|8,9,5409,0.152381,1.22,17.13,0.09,0.17,0.48,3.15,4.78,NVIDIA A100-SXM4-80GB,43a14d7652fde71f,ca89a5e805b1,0,temporal,train,all,0.7,0.15,0.15,C,noise_curve_c
Sepsis_Case,lstm,marking,0.5,0,0.608755,0.434193,0.863657,0.004104,0.143127,0.005472,0.036955,0.538911,0.411333,0.060914,0.003523,0.005872,0.005076,0.981946,394,6|7|8,10,5409,0.152381,1.42,21.27,0.09,0.17,0.48,3.15,4.78,NVIDIA A100-SXM4-80GB,43a14d7652fde71f,ca89a5e805b1,0,temporal,train,all,0.7,0.15,0.15,C,noise_curve_c
Sepsis_Case,lstm,gnn,0.5,0,0.600091,0.413801,0.881441,0.005016,0.139287,0.005472,0.03737,0.523076,0.401938,0.063452,0.002642,0.037581,0.007614,0.971885,394,6|7|8,11,5409,0.152381,1.45,23.16,0.09,0.17,0.48,3.15,4.78,NVIDIA A100-SXM4-80GB,43a14d7652fde71f,ca89a5e805b1,0,temporal,train,all,0.7,0.15,0.15,C,noise_curve_c
Sepsis_Case,lstm,seq,0.5,0,0.616507,0.437578,0.873233,0.006384,0.143211,0.007752,0.037618,0.537505,0.414269,0.068528,0.003817,0.014093,0.005076,0.982469,394,6|7|8,10,5409,0.152381,3.3,49.54,0.09,0.17,0.48,3.15,4.78,NVIDIA A100-SXM4-80GB,43a14d7652fde71f,ca89a5e805b1,0,temporal,train,all,0.7,0.15,0.15,C,noise_curve_c
Sepsis_Case,lstm,lll,0.5,0,0.610123,0.407278,0.884633,0.000912,0.121784,0.0,0.001625,0.526059,0.414269,0.063452,0.000294,0.0,0.005076,0.987372,394,6|7|8,9,5409,0.152381,1.3,18.17,0.09,0.17,0.48,3.15,4.78,NVIDIA A100-SXM4-80GB,43a14d7652fde71f,ca89a5e805b1,0,temporal,train,all,0.7,0.15,0.15,C,noise_curve_c
Sepsis_Case,lstm,gll,0.5,0,0.592339,0.369837,0.883265,0.00228,0.129371,0.001368,0.025873,0.520006,0.380505,0.060914,0.000881,0.000587,0.005076,0.982428,394,6|7|8,9,5409,0.152381,2.94,41.22,0.09,0.17,0.48,3.15,4.78,NVIDIA A100-SXM4-80GB,43a14d7652fde71f,ca89a5e805b1,0,temporal,train,all,0.7,0.15,0.15,C,noise_curve_c
Sepsis_Case,lstm,baseline,0.6,0,0.561788,0.405117,0.822161,0.012312,0.17575,0.012312,0.049492,0.418237,0.284498,0.060914,0.210511,0.216676,0.007614,0.910065,394,6|7|8,11,6491,0.112925,1.15,18.42,0.09,0.17,0.48,3.15,4.78,NVIDIA A100-SXM4-80GB,43a14d7652fde71f,ca89a5e805b1,0,temporal,train,all,0.7,0.15,0.15,C,noise_curve_c
Sepsis_Case,lstm,checker,0.6,0,0.554036,0.405691,0.834929,0.003648,0.128934,0.003648,0.039465,0.458094,0.326189,0.058376,0.080446,0.088667,0.007614,0.940929,394,6|7|8,11,6491,0.112925,1.11,17.69,0.09,0.17,0.48,3.15,4.78,NVIDIA A100-SXM4-80GB,43a14d7652fde71f,ca89a5e805b1,0,temporal,train,all,0.7,0.15,0.15,C,noise_curve_c
Sepsis_Case,lstm,checker_net,0.6,0,0.53534,0.368133,0.845873,0.003648,0.173086,0.002736,0.032867,0.437703,0.314739,0.020305,0.027011,0.064885,0.010152,0.960578,394,6|7|8,9,6491,0.112925,1.11,15.51,0.09,0.17,0.48,3.15,4.78,NVIDIA A100-SXM4-80GB,43a14d7652fde71f,ca89a5e805b1,0,temporal,train,all,0.7,0.15,0.15,C,noise_curve_c
Sepsis_Case,lstm,checker_net_state,0.6,0,0.547196,0.370096,0.823073,0.012768,0.157431,0.012312,0.044354,0.383713,0.288021,0.035533,0.233118,0.242513,0.007614,0.907907,394,6|7|8,11,6491,0.112925,1.13,18.08,0.09,0.17,0.48,3.15,4.78,NVIDIA A100-SXM4-80GB,43a14d7652fde71f,ca89a5e805b1,0,temporal,train,all,0.7,0.15,0.15,C,noise_curve_c
Sepsis_Case,lstm,marking,0.6,0,0.524396,0.386804,0.829001,0.012768,0.187837,0.010944,0.046611,0.400629,0.279507,0.045685,0.221374,0.232237,0.005076,0.90649,394,6|7|8,9,6491,0.112925,1.18,16.48,0.09,0.17,0.48,3.15,4.78,NVIDIA A100-SXM4-80GB,43a14d7652fde71f,ca89a5e805b1,0,temporal,train,all,0.7,0.15,0.15,C,noise_curve_c
Sepsis_Case,lstm,gnn,0.6,0,0.578659,0.390669,0.862745,0.010488,0.183331,0.010944,0.048389,0.51402,0.365531,0.055838,0.049325,0.070757,0.007614,0.967421,394,6|7|8,9,6491,0.112925,1.26,17.68,0.09,0.17,0.48,3.15,4.78,NVIDIA A100-SXM4-80GB,43a14d7652fde71f,ca89a5e805b1,0,temporal,train,all,0.7,0.15,0.15,C,noise_curve_c
Sepsis_Case,lstm,seq,0.6,0,0.586411,0.352523,0.854081,0.002736,0.180618,0.003192,0.048563,0.542227,0.402231,0.058376,0.001174,0.001174,0.007614,0.982686,394,6|7|8,6,6491,0.112925,3.26,35.82,0.09,0.17,0.48,3.15,4.78,NVIDIA A100-SXM4-80GB,43a14d7652fde71f,ca89a5e805b1,0,temporal,train,all,0.7,0.15,0.15,C,noise_curve_c
Sepsis_Case,lstm,lll,0.6,0,0.592795,0.407086,0.856817,0.001368,0.1379,0.0,0.001476,0.500184,0.373752,0.048223,0.001468,0.0,0.007614,0.984077,394,6|7|8,11,6491,0.112925,1.14,18.3,0.09,0.17,0.48,3.15,4.78,NVIDIA A100-SXM4-80GB,43a14d7652fde71f,ca89a5e805b1,0,temporal,train,all,0.7,0.15,0.15,C,noise_curve_c
Sepsis_Case,lstm,gll,0.6,0,0.594619,0.436632,0.863201,0.003192,0.165335,0.002736,0.036558,0.497536,0.344392,0.071066,0.071345,0.003523,0.007614,0.964228,394,6|7|8,14,6491,0.112925,3.01,57.24,0.09,0.17,0.48,3.15,4.78,NVIDIA A100-SXM4-80GB,43a14d7652fde71f,ca89a5e805b1,0,temporal,train,all,0.7,0.15,0.15,C,noise_curve_c
Sepsis_Case,lstm,baseline,0.7,0,0.551756,0.334683,0.804834,0.004104,0.214973,0.004104,0.049203,0.497599,0.415737,0.043147,0.014386,0.013799,0.005076,0.979238,394,6|7|8,8,7573,0.093878,1.1,14.28,0.09,0.17,0.48,3.15,4.78,NVIDIA A100-SXM4-80GB,43a14d7652fde71f,ca89a5e805b1,0,temporal,train,all,0.7,0.15,0.15,C,noise_curve_c
Sepsis_Case,lstm,checker,0.7,0,0.550388,0.343127,0.817145,0.002736,0.16389,0.00228,0.040422,0.470196,0.361421,0.048223,0.006459,0.013799,0.005076,0.976517,394,6|7|8,8,7573,0.093878,1.13,14.63,0.09,0.17,0.48,3.15,4.78,NVIDIA A100-SXM4-80GB,43a14d7652fde71f,ca89a5e805b1,0,temporal,train,all,0.7,0.15,0.15,C,noise_curve_c
Sepsis_Case,lstm,checker_net,0.7,0,0.551756,0.338247,0.818057,0.006384,0.20178,0.001368,0.035956,0.469288,0.379624,0.040609,0.023194,0.01145,0.022843,0.974172,394,6|7|8,8,7573,0.093878,1.11,14.41,0.09,0.17,0.48,3.15,4.78,NVIDIA A100-SXM4-80GB,43a14d7652fde71f,ca89a5e805b1,0,temporal,train,all,0.7,0.15,0.15,C,noise_curve_c
Sepsis_Case,lstm,checker_net_state,0.7,0,0.544916,0.323737,0.79845,0.005472,0.191514,0.005928,0.044489,0.486822,0.355843,0.040609,0.027305,0.027598,0.005076,0.977579,394,6|7|8,8,7573,0.093878,1.12,14.52,0.09,0.17,0.48,3.15,4.78,NVIDIA A100-SXM4-80GB,43a14d7652fde71f,ca89a5e805b1,0,temporal,train,all,0.7,0.15,0.15,C,noise_curve_c
Sepsis_Case,lstm,marking,0.7,0,0.562699,0.333181,0.809394,0.010944,0.216182,0.010944,0.054227,0.509378,0.398708,0.032995,0.013506,0.012038,0.002538,0.97734,394,6|7|8,6,7573,0.093878,1.17,12.85,0.09,0.17,0.48,3.15,4.78,NVIDIA A100-SXM4-80GB,43a14d7652fde71f,ca89a5e805b1,0,temporal,train,all,0.7,0.15,0.15,C,noise_curve_c
Sepsis_Case,lstm,gnn,0.7,0,0.576835,0.364419,0.799818,0.015504,0.216142,0.012768,0.051928,0.497028,0.374046,0.050761,0.030241,0.020846,0.0,0.978188,394,6|7|8,7,7573,0.093878,1.29,15.42,0.09,0.17,0.48,3.15,4.78,NVIDIA A100-SXM4-80GB,43a14d7652fde71f,ca89a5e805b1,0,temporal,train,all,0.7,0.15,0.15,C,noise_curve_c
Sepsis_Case,lstm,seq,0.7,0,0.5513,0.339489,0.78933,0.005016,0.216944,0.00228,0.048817,0.463311,0.345273,0.038071,0.042278,0.024369,0.002538,0.976874,394,6|7|8,8,7573,0.093878,3.25,42.27,0.09,0.17,0.48,3.15,4.78,NVIDIA A100-SXM4-80GB,43a14d7652fde71f,ca89a5e805b1,0,temporal,train,all,0.7,0.15,0.15,C,noise_curve_c
Sepsis_Case,lstm,lll,0.7,0,0.48518,0.279396,0.735978,0.003648,0.167426,0.0,0.001073,0.333048,0.269524,0.005076,0.009982,0.0,0.177665,0.982498,394,6|7|8,12,7573,0.093878,1.14,19.39,0.09,0.17,0.48,3.15,4.78,NVIDIA A100-SXM4-80GB,43a14d7652fde71f,ca89a5e805b1,0,temporal,train,all,0.7,0.15,0.15,C,noise_curve_c
Sepsis_Case,lstm,gll,0.7,0,0.516188,0.317472,0.781578,0.002736,0.175572,0.000456,0.032643,0.40385,0.292132,0.050761,0.031415,0.0,0.017766,0.973726,394,6|7|8,12,7573,0.093878,3.02,51.26,0.09,0.17,0.48,3.15,4.78,NVIDIA A100-SXM4-80GB,43a14d7652fde71f,ca89a5e805b1,0,temporal,train,all,0.7,0.15,0.15,C,noise_curve_c
Sepsis_Case,lstm,baseline,0.8,0,0.343365,0.208467,0.636115,0.109895,0.237575,0.042864,0.069934,0.299475,0.23488,0.038071,0.258955,0.242807,0.020305,0.903515,394,6|7|8,10,8654,0.051701,1.14,17.12,0.09,0.17,0.48,3.15,4.78,NVIDIA A100-SXM4-80GB,43a14d7652fde71f,ca89a5e805b1,0,temporal,train,all,0.7,0.15,0.15,C,noise_curve_c
Sepsis_Case,lstm,checker,0.8,0,0.430461,0.270783,0.653443,0.013224,0.182351,0.014136,0.058041,0.287237,0.248385,0.022843,0.071051,0.103053,0.005076,0.938207,394,6|7|8,7,8654,0.051701,1.14,13.67,0.09,0.17,0.48,3.15,4.78,NVIDIA A100-SXM4-80GB,43a14d7652fde71f,ca89a5e805b1,0,temporal,train,all,0.7,0.15,0.15,C,noise_curve_c
Sepsis_Case,lstm,checker_net,0.8,0,0.346557,0.196116,0.640675,0.109439,0.22665,0.019152,0.049714,0.286087,0.201409,0.027919,0.214034,0.120082,0.027919,0.914529,394,6|7|8,10,8654,0.051701,1.14,17.09,0.09,0.17,0.48,3.15,4.78,NVIDIA A100-SXM4-80GB,43a14d7652fde71f,ca89a5e805b1,0,temporal,train,all,0.7,0.15,0.15,C,noise_curve_c
Sepsis_Case,lstm,checker_net_state,0.8,0,0.406749,0.272257,0.636115,0.029184,0.2121,0.025536,0.06099,0.302597,0.238109,0.035533,0.234586,0.191427,0.088832,0.910881,394,6|7|8,11,8654,0.051701,1.12,17.98,0.09,0.17,0.48,3.15,4.78,NVIDIA A100-SXM4-80GB,43a14d7652fde71f,ca89a5e805b1,0,temporal,train,all,0.7,0.15,0.15,C,noise_curve_c
Sepsis_Case,lstm,marking,0.8,0,0.4487,0.301059,0.68901,0.01368,0.24103,0.00912,0.065831,0.355602,0.304756,0.030457,0.068409,0.090722,0.027919,0.94769,394,6|7|8,6,8654,0.051701,1.17,12.83,0.09,0.17,0.48,3.15,4.78,NVIDIA A100-SXM4-80GB,43a14d7652fde71f,ca89a5e805b1,0,temporal,train,all,0.7,0.15,0.15,C,noise_curve_c
Sepsis_Case,lstm,gnn,0.8,0,0.397629,0.278493,0.650707,0.023712,0.236186,0.018696,0.065644,0.254518,0.206694,0.027919,0.248385,0.174398,0.06599,0.913368,394,6|7|8,9,8654,0.051701,1.28,17.9,0.09,0.17,0.48,3.15,4.78,NVIDIA A100-SXM4-80GB,43a14d7652fde71f,ca89a5e805b1,0,temporal,train,all,0.7,0.15,0.15,C,noise_curve_c
Sepsis_Case,lstm,seq,0.8,0,0.384405,0.238134,0.620611,0.041496,0.232598,0.040128,0.070356,0.265405,0.20963,0.025381,0.211392,0.179977,0.063452,0.917344,394,6|7|8,8,8654,0.051701,3.25,42.3,0.09,0.17,0.48,3.15,4.78,NVIDIA A100-SXM4-80GB,43a14d7652fde71f,ca89a5e805b1,0,temporal,train,all,0.7,0.15,0.15,C,noise_curve_c
Sepsis_Case,lstm,lll,0.8,0,0.443228,0.254,0.719562,0.03876,0.205418,0.0,0.001889,0.257325,0.300059,0.015228,0.041104,0.0,0.167513,0.97744,394,6|7|8,11,8654,0.051701,1.14,18.28,0.09,0.17,0.48,3.15,4.78,NVIDIA A100-SXM4-80GB,43a14d7652fde71f,ca89a5e805b1,0,temporal,train,all,0.7,0.15,0.15,C,noise_curve_c
Sepsis_Case,lstm,gll,0.8,0,0.449612,0.268029,0.721386,0.001368,0.226867,0.000456,0.049395,0.259816,0.30182,0.022843,0.019084,0.0,0.002538,0.986171,394,6|7|8,10,8654,0.051701,3.02,45.27,0.09,0.17,0.48,3.15,4.78,NVIDIA A100-SXM4-80GB,43a14d7652fde71f,ca89a5e805b1,0,temporal,train,all,0.7,0.15,0.15,C,noise_curve_c
Sepsis_Case,lstm,baseline,0.0,1,0.673963,0.479641,0.932969,0.0,0.002239,0.001824,0.002347,0.570435,0.402819,0.073604,0.0,0.002055,0.0,0.992095,394,6|7|8,12,0,0.997279,1.37,23.26,0.09,0.17,0.48,3.02,4.33,NVIDIA A100-SXM4-80GB,43a14d7652fde71f,ca89a5e805b1,1,temporal,train,all,0.7,0.15,0.15,C,noise_curve_c_s14_Sepsis_Case
Sepsis_Case,lstm,checker,0.0,1,0.674875,0.478593,0.93844,0.0,0.001491,0.001368,0.001909,0.573727,0.409571,0.071066,0.0,0.000587,0.0,0.992595,394,6|7|8,12,0,0.997279,1.28,21.82,0.09,0.17,0.48,3.02,4.33,NVIDIA A100-SXM4-80GB,43a14d7652fde71f,ca89a5e805b1,1,temporal,train,all,0.7,0.15,0.15,C,noise_curve_c_s14_Sepsis_Case
Sepsis_Case,lstm,checker_net,0.0,1,0.673507,0.47805,0.935705,0.0,0.00202,0.001368,0.001906,0.56826,0.378156,0.073604,0.0,0.002936,0.0,0.992383,394,6|7|8,12,0,0.997279,1.42,24.07,0.09,0.17,0.48,3.02,4.33,NVIDIA A100-SXM4-80GB,43a14d7652fde71f,ca89a5e805b1,1,temporal,train,all,0.7,0.15,0.15,C,noise_curve_c_s14_Sepsis_Case
Sepsis_Case,lstm,checker_net_state,0.0,1,0.666211,0.476413,0.933881,0.0,0.001892,0.001368,0.001804,0.565399,0.399295,0.071066,0.0,0.004698,0.0,0.991355,394,6|7|8,12,0,0.997279,1.47,25.06,0.09,0.17,0.48,3.02,4.33,NVIDIA A100-SXM4-80GB,43a14d7652fde71f,ca89a5e805b1,1,temporal,train,all,0.7,0.15,0.15,C,noise_curve_c_s14_Sepsis_Case
Sepsis_Case,lstm,marking,0.0,1,0.668035,0.49533,0.941632,0.0,0.00244,0.001824,0.002326,0.543875,0.361421,0.104061,0.0,0.056371,0.0,0.966571,394,6|7|8,11,0,0.997279,1.46,23.32,0.09,0.17,0.48,3.02,4.33,NVIDIA A100-SXM4-80GB,43a14d7652fde71f,ca89a5e805b1,1,temporal,train,all,0.7,0.15,0.15,C,noise_curve_c_s14_Sepsis_Case
Sepsis_Case,lstm,gnn,0.0,1,0.677155,0.490127,0.936617,0.0,0.002998,0.001368,0.002087,0.587447,0.398121,0.098985,0.002642,0.016148,0.0,0.985388,394,6|7|8,8,0,0.997279,1.3,16.85,0.09,0.17,0.48,3.02,4.33,NVIDIA A100-SXM4-80GB,43a14d7652fde71f,ca89a5e805b1,1,temporal,train,all,0.7,0.15,0.15,C,noise_curve_c_s14_Sepsis_Case
Sepsis_Case,lstm,seq,0.0,1,0.666667,0.48724,0.933881,0.0,0.00225,0.001824,0.002396,0.56596,0.389607,0.111675,0.0,0.052261,0.0,0.967055,394,6|7|8,15,0,0.997279,3.32,66.43,0.09,0.17,0.48,3.02,4.33,NVIDIA A100-SXM4-80GB,43a14d7652fde71f,ca89a5e805b1,1,temporal,train,all,0.7,0.15,0.15,C,noise_curve_c_s14_Sepsis_Case
Sepsis_Case,lstm,lll,0.0,1,0.672139,0.47915,0.936617,0.0,0.001901,0.000456,0.000778,0.554404,0.372871,0.068528,0.013506,0.009102,0.0,0.988279,394,6|7|8,12,0,0.997279,1.17,19.95,0.09,0.17,0.48,3.02,4.33,NVIDIA A100-SXM4-80GB,43a14d7652fde71f,ca89a5e805b1,1,temporal,train,all,0.7,0.15,0.15,C,noise_curve_c_s14_Sepsis_Case
Sepsis_Case,lstm,gll,0.0,1,0.673507,0.481355,0.932969,0.0,0.001734,0.000456,0.000959,0.573594,0.419554,0.076142,0.000881,0.0,0.002538,0.992283,394,6|7|8,12,0,0.997279,2.97,50.51,0.09,0.17,0.48,3.02,4.33,NVIDIA A100-SXM4-80GB,43a14d7652fde71f,ca89a5e805b1,1,temporal,train,all,0.7,0.15,0.15,C,noise_curve_c_s14_Sepsis_Case
Sepsis_Case,lstm,baseline,0.1,1,0.675787,0.488366,0.932969,0.000456,0.027025,0.001368,0.008128,0.553375,0.400176,0.091371,0.067528,0.067528,0.005076,0.976201,394,6|7|8,14,1082,0.658503,1.13,21.56,0.09,0.17,0.48,3.02,4.33,NVIDIA A100-SXM4-80GB,43a14d7652fde71f,ca89a5e805b1,1,temporal,train,all,0.7,0.15,0.15,C,noise_curve_c_s14_Sepsis_Case
Sepsis_Case,lstm,checker,0.1,1,0.669403,0.48942,0.929321,0.0,0.017673,0.000912,0.005868,0.51843,0.353787,0.091371,0.089254,0.089841,0.010152,0.969048,394,6|7|8,14,1082,0.658503,1.23,23.41,0.09,0.17,0.48,3.02,4.33,NVIDIA A100-SXM4-80GB,43a14d7652fde71f,ca89a5e805b1,1,temporal,train,all,0.7,0.15,0.15,C,noise_curve_c_s14_Sepsis_Case
Sepsis_Case,lstm,checker_net,0.1,1,0.669403,0.485489,0.935249,0.0,0.02439,0.000912,0.005969,0.545907,0.388139,0.098985,0.07751,0.07751,0.005076,0.971788,394,6|7|8,14,1082,0.658503,1.14,21.62,0.09,0.17,0.48,3.02,4.33,NVIDIA A100-SXM4-80GB,43a14d7652fde71f,ca89a5e805b1,1,temporal,train,all,0.7,0.15,0.15,C,noise_curve_c_s14_Sepsis_Case
Sepsis_Case,lstm,checker_net_state,0.1,1,0.671683,0.486916,0.935705,0.000456,0.021426,0.000912,0.006422,0.550223,0.374339,0.096447,0.065473,0.065179,0.005076,0.974319,394,6|7|8,14,1082,0.658503,1.19,22.52,0.09,0.17,0.48,3.02,4.33,NVIDIA A100-SXM4-80GB,43a14d7652fde71f,ca89a5e805b1,1,temporal,train,all,0.7,0.15,0.15,C,noise_curve_c_s14_Sepsis_Case
Sepsis_Case,lstm,marking,0.1,1,0.662563,0.484348,0.927041,0.000456,0.02861,0.001368,0.009254,0.565326,0.389019,0.073604,0.009395,0.009395,0.005076,0.989709,394,6|7|8,12,1082,0.658503,1.39,23.59,0.09,0.17,0.48,3.02,4.33,NVIDIA A100-SXM4-80GB,43a14d7652fde71f,ca89a5e805b1,1,temporal,train,all,0.7,0.15,0.15,C,noise_curve_c_s14_Sepsis_Case
Sepsis_Case,lstm,gnn,0.1,1,0.667123,0.475788,0.929321,0.000912,0.028052,0.001824,0.009428,0.584513,0.42983,0.076142,0.002936,0.004991,0.002538,0.990972,394,6|7|8,12,1082,0.658503,1.32,22.52,0.09,0.17,0.48,3.02,4.33,NVIDIA A100-SXM4-80GB,43a14d7652fde71f,ca89a5e805b1,1,temporal,train,all,0.7,0.15,0.15,C,noise_curve_c_s14_Sepsis_Case
Sepsis_Case,lstm,seq,0.1,1,0.673051,0.488364,0.930233,0.000456,0.027178,0.001368,0.008233,0.553237,0.382854,0.106599,0.076336,0.078978,0.005076,0.967084,394,6|7|8,14,1082,0.658503,3.31,62.92,0.09,0.17,0.48,3.02,4.33,NVIDIA A100-SXM4-80GB,43a14d7652fde71f,ca89a5e805b1,1,temporal,train,all,0.7,0.15,0.15,C,noise_curve_c_s14_Sepsis_Case
Sepsis_Case,lstm,lll,0.1,1,0.666667,0.487341,0.924761,0.000456,0.017909,0.0,0.000481,0.525406,0.346447,0.088832,0.04815,0.0,0.007614,0.976853,394,6|7|8,16,1082,0.658503,1.59,33.34,0.09,0.17,0.48,3.02,4.33,NVIDIA A100-SXM4-80GB,43a14d7652fde71f,ca89a5e805b1,1,temporal,train,all,0.7,0.15,0.15,C,noise_curve_c_s14_Sepsis_Case
Sepsis_Case,lstm,gll,0.1,1,0.674419,0.487377,0.933881,0.0,0.014939,0.001368,0.004886,0.562111,0.378743,0.081218,0.026424,0.000294,0.0,0.984681,394,6|7|8,16,1082,0.658503,3.12,65.62,0.09,0.17,0.48,3.02,4.33,NVIDIA A100-SXM4-80GB,43a14d7652fde71f,ca89a5e805b1,1,temporal,train,all,0.7,0.15,0.15,C,noise_curve_c_s14_Sepsis_Case
Sepsis_Case,lstm,baseline,0.2,1,0.664843,0.476401,0.927041,0.000456,0.060776,0.001368,0.017615,0.586299,0.42249,0.081218,0.007046,0.007046,0.005076,0.989178,394,6|7|8,10,2164,0.484354,1.39,20.91,0.09,0.17,0.48,3.02,4.33,NVIDIA A100-SXM4-80GB,43a14d7652fde71f,ca89a5e805b1,1,temporal,train,all,0.7,0.15,0.15,C,noise_curve_c_s14_Sepsis_Case
Sepsis_Case,lstm,checker,0.2,1,0.658003,0.47347,0.922481,0.000456,0.040675,0.001824,0.012948,0.552703,0.38579,0.083756,0.021726,0.02202,0.005076,0.983867,394,6|7|8,14,2164,0.484354,1.24,23.49,0.09,0.17,0.48,3.02,4.33,NVIDIA A100-SXM4-80GB,43a14d7652fde71f,ca89a5e805b1,1,temporal,train,all,0.7,0.15,0.15,C,noise_curve_c_s14_Sepsis_Case
Sepsis_Case,lstm,checker_net,0.2,1,0.673507,0.48246,0.929777,0.000456,0.056106,0.000912,0.012381,0.58278,0.421315,0.073604,0.004404,0.004404,0.005076,0.99123,394,6|7|8,9,2164,0.484354,1.22,17.14,0.09,0.17,0.48,3.02,4.33,NVIDIA A100-SXM4-80GB,43a14d7652fde71f,ca89a5e805b1,1,temporal,train,all,0.7,0.15,0.15,C,noise_curve_c_s14_Sepsis_Case
Sepsis_Case,lstm,checker_net_state,0.2,1,0.677155,0.484232,0.928409,0.000456,0.050566,0.001368,0.013903,0.591464,0.42983,0.086294,0.003523,0.003523,0.005076,0.992022,394,6|7|8,9,2164,0.484354,1.15,16.08,0.09,0.17,0.48,3.02,4.33,NVIDIA A100-SXM4-80GB,43a14d7652fde71f,ca89a5e805b1,1,temporal,train,all,0.7,0.15,0.15,C,noise_curve_c_s14_Sepsis_Case
Sepsis_Case,lstm,marking,0.2,1,0.662563,0.479614,0.930233,0.000912,0.059473,0.001368,0.018374,0.562112,0.401351,0.083756,0.024075,0.024075,0.005076,0.985093,394,6|7|8,12,2164,0.484354,1.41,24.02,0.09,0.17,0.48,3.02,4.33,NVIDIA A100-SXM4-80GB,43a14d7652fde71f,ca89a5e805b1,1,temporal,train,all,0.7,0.15,0.15,C,noise_curve_c_s14_Sepsis_Case
Sepsis_Case,lstm,gnn,0.2,1,0.664387,0.470344,0.926129,0.000912,0.062985,0.00228,0.018635,0.57758,0.412507,0.073604,0.0,0.000294,0.007614,0.991387,394,6|7|8,11,2164,0.484354,1.34,21.37,0.09,0.17,0.48,3.02,4.33,NVIDIA A100-SXM4-80GB,43a14d7652fde71f,ca89a5e805b1,1,temporal,train,all,0.7,0.15,0.15,C,noise_curve_c_s14_Sepsis_Case
Sepsis_Case,lstm,seq,0.2,1,0.658459,0.480631,0.922481,0.000912,0.058702,0.001824,0.017019,0.548456,0.366999,0.106599,0.051967,0.051967,0.005076,0.973349,394,6|7|8,11,2164,0.484354,3.31,52.89,0.09,0.17,0.48,3.02,4.33,NVIDIA A100-SXM4-80GB,43a14d7652fde71f,ca89a5e805b1,1,temporal,train,all,0.7,0.15,0.15,C,noise_curve_c_s14_Sepsis_Case
Sepsis_Case,lstm,lll,0.2,1,0.644323,0.468598,0.906065,0.000912,0.044472,0.0,0.000589,0.521742,0.370229,0.086294,0.038755,0.0,0.015228,0.981451,394,6|7|8,15,2164,0.484354,1.2,24.04,0.09,0.17,0.48,3.02,4.33,NVIDIA A100-SXM4-80GB,43a14d7652fde71f,ca89a5e805b1,1,temporal,train,all,0.7,0.15,0.15,C,noise_curve_c_s14_Sepsis_Case
Sepsis_Case,lstm,gll,0.2,1,0.661651,0.481798,0.922025,0.000456,0.042859,0.001368,0.010191,0.532759,0.360834,0.093909,0.029947,0.0,0.005076,0.979192,394,6|7|8,14,2164,0.484354,2.96,56.3,0.09,0.17,0.48,3.02,4.33,NVIDIA A100-SXM4-80GB,43a14d7652fde71f,ca89a5e805b1,1,temporal,train,all,0.7,0.15,0.15,C,noise_curve_c_s14_Sepsis_Case
Sepsis_Case,lstm,baseline,0.3,1,0.640675,0.459532,0.896489,0.002736,0.080443,0.003648,0.022293,0.559686,0.41192,0.076142,0.034938,0.035526,0.005076,0.980098,394,6|7|8,13,3245,0.284354,1.69,30.45,0.09,0.17,0.48,3.02,4.33,NVIDIA A100-SXM4-80GB,43a14d7652fde71f,ca89a5e805b1,1,temporal,train,all,0.7,0.15,0.15,C,noise_curve_c_s14_Sepsis_Case
Sepsis_Case,lstm,checker,0.3,1,0.650251,0.472412,0.908801,0.000912,0.055235,0.000912,0.016668,0.565045,0.417792,0.073604,0.011744,0.012038,0.005076,0.987949,394,6|7|8,13,3245,0.284354,1.65,29.69,0.09,0.17,0.48,3.02,4.33,NVIDIA A100-SXM4-80GB,43a14d7652fde71f,ca89a5e805b1,1,temporal,train,all,0.7,0.15,0.15,C,noise_curve_c_s14_Sepsis_Case
Sepsis_Case,lstm,checker_net,0.3,1,0.637939,0.456022,0.902417,0.00228,0.073866,0.001824,0.014786,0.546427,0.395185,0.06599,0.030828,0.030534,0.005076,0.982154,394,6|7|8,13,3245,0.284354,1.27,22.88,0.09,0.17,0.48,3.02,4.33,NVIDIA A100-SXM4-80GB,43a14d7652fde71f,ca89a5e805b1,1,temporal,train,all,0.7,0.15,0.15,C,noise_curve_c_s14_Sepsis_Case
Sepsis_Case,lstm,checker_net_state,0.3,1,0.644323,0.462825,0.896489,0.00228,0.068126,0.002736,0.017928,0.548291,0.387258,0.07868,0.035526,0.036113,0.005076,0.979628,394,6|7|8,13,3245,0.284354,1.32,23.71,0.09,0.17,0.48,3.02,4.33,NVIDIA A100-SXM4-80GB,43a14d7652fde71f,ca89a5e805b1,1,temporal,train,all,0.7,0.15,0.15,C,noise_curve_c_s14_Sepsis_Case
Sepsis_Case,lstm,marking,0.3,1,0.639307,0.468961,0.904241,0.00228,0.080217,0.003192,0.022145,0.543465,0.378743,0.076142,0.034058,0.034351,0.005076,0.981364,394,6|7|8,12,3245,0.284354,1.41,24.02,0.09,0.17,0.48,3.02,4.33,NVIDIA A100-SXM4-80GB,43a14d7652fde71f,ca89a5e805b1,1,temporal,train,all,0.7,0.15,0.15,C,noise_curve_c_s14_Sepsis_Case
Sepsis_Case,lstm,gnn,0.3,1,0.643867,0.465601,0.911993,0.001368,0.079251,0.003192,0.022711,0.559254,0.402525,0.073604,0.008221,0.01879,0.005076,0.985074,394,6|7|8,11,3245,0.284354,1.5,24.06,0.09,0.17,0.48,3.02,4.33,NVIDIA A100-SXM4-80GB,43a14d7652fde71f,ca89a5e805b1,1,temporal,train,all,0.7,0.15,0.15,C,noise_curve_c_s14_Sepsis_Case
Sepsis_Case,lstm,seq,0.3,1,0.654811,0.457913,0.913817,0.001824,0.079393,0.003192,0.023932,0.569595,0.426013,0.06599,0.000587,0.001174,0.005076,0.989164,394,6|7|8,6,3245,0.284354,3.32,36.57,0.09,0.17,0.48,3.02,4.33,NVIDIA A100-SXM4-80GB,43a14d7652fde71f,ca89a5e805b1,1,temporal,train,all,0.7,0.15,0.15,C,noise_curve_c_s14_Sepsis_Case
Sepsis_Case,lstm,lll,0.3,1,0.652075,0.463862,0.908345,0.000912,0.063638,0.0,0.000856,0.547078,0.408397,0.088832,0.024662,0.0,0.005076,0.982483,394,6|7|8,13,3245,0.284354,1.33,24.02,0.09,0.17,0.48,3.02,4.33,NVIDIA A100-SXM4-80GB,43a14d7652fde71f,ca89a5e805b1,1,temporal,train,all,0.7,0.15,0.15,C,noise_curve_c_s14_Sepsis_Case
Sepsis_Case,lstm,gll,0.3,1,0.652987,0.459148,0.917009,0.000912,0.065209,0.000912,0.014962,0.57047,0.426307,0.071066,0.000294,0.0,0.005076,0.990803,394,6|7|8,13,3245,0.284354,3.17,56.97,0.09,0.17,0.48,3.02,4.33,NVIDIA A100-SXM4-80GB,43a14d7652fde71f,ca89a5e805b1,1,temporal,train,all,0.7,0.15,0.15,C,noise_curve_c_s14_Sepsis_Case
Sepsis_Case,lstm,baseline,0.4,1,0.625171,0.425894,0.900593,0.002736,0.108747,0.005928,0.034663,0.548563,0.399589,0.060914,0.002055,0.003523,0.005076,0.988518,394,6|7|8,7,4327,0.213605,1.38,16.55,0.09,0.17,0.48,3.02,4.33,NVIDIA A100-SXM4-80GB,43a14d7652fde71f,ca89a5e805b1,1,temporal,train,all,0.7,0.15,0.15,C,noise_curve_c_s14_Sepsis_Case
Sepsis_Case,lstm,checker,0.4,1,0.636571,0.433295,0.906065,0.00228,0.077256,0.005928,0.02729,0.555008,0.394011,0.068528,0.000881,0.002642,0.005076,0.988046,394,6|7|8,7,4327,0.213605,1.47,17.61,0.09,0.17,0.48,3.02,4.33,NVIDIA A100-SXM4-80GB,43a14d7652fde71f,ca89a5e805b1,1,temporal,train,all,0.7,0.15,0.15,C,noise_curve_c_s14_Sepsis_Case
Sepsis_Case,lstm,checker_net,0.4,1,0.627451,0.426025,0.899681,0.00228,0.102814,0.004104,0.025111,0.552027,0.402525,0.060914,0.000881,0.001762,0.005076,0.986697,394,6|7|8,7,4327,0.213605,1.49,17.88,0.09,0.17,0.48,3.02,4.33,NVIDIA A100-SXM4-80GB,43a14d7652fde71f,ca89a5e805b1,1,temporal,train,all,0.7,0.15,0.15,C,noise_curve_c_s14_Sepsis_Case
Sepsis_Case,lstm,checker_net_state,0.4,1,0.620155,0.418055,0.901505,0.002736,0.09428,0.007296,0.030312,0.553487,0.401057,0.063452,0.002349,0.004698,0.005076,0.98799,394,6|7|8,7,4327,0.213605,1.72,20.64,0.09,0.17,0.48,3.02,4.33,NVIDIA A100-SXM4-80GB,43a14d7652fde71f,ca89a5e805b1,1,temporal,train,all,0.7,0.15,0.15,C,noise_curve_c_s14_Sepsis_Case
Sepsis_Case,lstm,marking,0.4,1,0.629731,0.448513,0.879161,0.002736,0.11358,0.005928,0.034011,0.560599,0.406929,0.091371,0.023782,0.039342,0.007614,0.975047,394,6|7|8,15,4327,0.213605,1.42,28.38,0.09,0.17,0.48,3.02,4.33,NVIDIA A100-SXM4-80GB,43a14d7652fde71f,ca89a5e805b1,1,temporal,train,all,0.7,0.15,0.15,C,noise_curve_c_s14_Sepsis_Case
Sepsis_Case,lstm,gnn,0.4,1,0.626995,0.437269,0.901049,0.002736,0.123457,0.005016,0.034957,0.556811,0.389607,0.071066,0.001174,0.012918,0.005076,0.987446,394,6|7|8,11,4327,0.213605,1.35,21.6,0.09,0.17,0.48,3.02,4.33,NVIDIA A100-SXM4-80GB,43a14d7652fde71f,ca89a5e805b1,1,temporal,train,all,0.7,0.15,0.15,C,noise_curve_c_s14_Sepsis_Case
Sepsis_Case,lstm,seq,0.4,1,0.641587,0.458419,0.903785,0.002736,0.11494,0.005928,0.035236,0.556141,0.393423,0.093909,0.00411,0.041104,0.007614,0.971402,394,6|7|8,10,4327,0.213605,3.33,49.95,0.09,0.17,0.48,3.02,4.33,NVIDIA A100-SXM4-80GB,43a14d7652fde71f,ca89a5e805b1,1,temporal,train,all,0.7,0.15,0.15,C,noise_curve_c_s14_Sepsis_Case
Sepsis_Case,lstm,lll,0.4,1,0.617419,0.418248,0.886913,0.000912,0.087114,0.0,0.00146,0.551521,0.394598,0.060914,0.000294,0.0,0.005076,0.983349,394,6|7|8,7,4327,0.213605,1.22,14.69,0.09,0.17,0.48,3.02,4.33,NVIDIA A100-SXM4-80GB,43a14d7652fde71f,ca89a5e805b1,1,temporal,train,all,0.7,0.15,0.15,C,noise_curve_c_s14_Sepsis_Case
Sepsis_Case,lstm,gll,0.4,1,0.625171,0.428921,0.898769,0.005928,0.100052,0.003192,0.021553,0.553831,0.396653,0.06599,0.000881,0.001174,0.005076,0.988784,394,6|7|8,16,4327,0.213605,3.0,62.98,0.09,0.17,0.48,3.02,4.33,NVIDIA A100-SXM4-80GB,43a14d7652fde71f,ca89a5e805b1,1,temporal,train,all,0.7,0.15,0.15,C,noise_curve_c_s14_Sepsis_Case
Sepsis_Case,lstm,baseline,0.5,1,0.612403,0.435725,0.868217,0.003192,0.13797,0.006384,0.035376,0.522565,0.380505,0.073604,0.012918,0.014386,0.007614,0.983107,394,6|7|8,13,5409,0.152381,1.15,20.67,0.09,0.17,0.48,3.02,4.33,NVIDIA A100-SXM4-80GB,43a14d7652fde71f,ca89a5e805b1,1,temporal,train,all,0.7,0.15,0.15,C,noise_curve_c_s14_Sepsis_Case
Sepsis_Case,lstm,checker,0.5,1,0.618787,0.434026,0.891017,0.001368,0.109002,0.003192,0.027738,0.54619,0.389607,0.063452,0.000294,0.000881,0.005076,0.986839,394,6|7|8,9,5409,0.152381,1.14,16.01,0.09,0.17,0.48,3.02,4.33,NVIDIA A100-SXM4-80GB,43a14d7652fde71f,ca89a5e805b1,1,temporal,train,all,0.7,0.15,0.15,C,noise_curve_c_s14_Sepsis_Case
Sepsis_Case,lstm,checker_net,0.5,1,0.626995,0.436104,0.892385,0.000912,0.146343,0.001368,0.024904,0.550958,0.413975,0.060914,0.000294,0.000587,0.005076,0.986205,394,6|7|8,9,5409,0.152381,1.24,17.35,0.09,0.17,0.48,3.02,4.33,NVIDIA A100-SXM4-80GB,43a14d7652fde71f,ca89a5e805b1,1,temporal,train,all,0.7,0.15,0.15,C,noise_curve_c_s14_Sepsis_Case
Sepsis_Case,lstm,checker_net_state,0.5,1,0.603739,0.425466,0.875513,0.003648,0.115237,0.005928,0.030121,0.514566,0.392543,0.063452,0.01145,0.015854,0.007614,0.98292,394,6|7|8,13,5409,0.152381,1.19,21.43,0.09,0.17,0.48,3.02,4.33,NVIDIA A100-SXM4-80GB,43a14d7652fde71f,ca89a5e805b1,1,temporal,train,all,0.7,0.15,0.15,C,noise_curve_c_s14_Sepsis_Case
Sepsis_Case,lstm,marking,0.5,1,0.596899,0.428603,0.872321,0.007752,0.148216,0.006384,0.035607,0.531533,0.410159,0.071066,0.019084,0.022901,0.007614,0.97977,394,6|7|8,13,5409,0.152381,1.4,25.27,0.09,0.17,0.48,3.02,4.33,NVIDIA A100-SXM4-80GB,43a14d7652fde71f,ca89a5e805b1,1,temporal,train,all,0.7,0.15,0.15,C,noise_curve_c_s14_Sepsis_Case
Sepsis_Case,lstm,gnn,0.5,1,0.608299,0.4439,0.881441,0.003192,0.140141,0.006384,0.03706,0.512061,0.354375,0.068528,0.032002,0.064885,0.007614,0.960002,394,6|7|8,11,5409,0.152381,1.43,22.88,0.09,0.17,0.48,3.02,4.33,NVIDIA A100-SXM4-80GB,43a14d7652fde71f,ca89a5e805b1,1,temporal,train,all,0.7,0.15,0.15,C,noise_curve_c_s14_Sepsis_Case
Sepsis_Case,lstm,seq,0.5,1,0.606019,0.420695,0.886457,0.00456,0.136433,0.007752,0.037835,0.543266,0.389019,0.060914,0.002055,0.003817,0.007614,0.982445,394,6|7|8,10,5409,0.152381,3.34,50.04,0.09,0.17,0.48,3.02,4.33,NVIDIA A100-SXM4-80GB,43a14d7652fde71f,ca89a5e805b1,1,temporal,train,all,0.7,0.15,0.15,C,noise_curve_c_s14_Sepsis_Case
Sepsis_Case,lstm,lll,0.5,1,0.607843,0.43396,0.852713,0.005016,0.118464,0.0,0.000723,0.480683,0.34175,0.06599,0.04727,0.0,0.015228,0.98112,394,6|7|8,19,5409,0.152381,1.19,28.59,0.09,0.17,0.48,3.02,4.33,NVIDIA A100-SXM4-80GB,43a14d7652fde71f,ca89a5e805b1,1,temporal,train,all,0.7,0.15,0.15,C,noise_curve_c_s14_Sepsis_Case
Sepsis_Case,lstm,gll,0.5,1,0.600547,0.413492,0.894209,0.00456,0.12084,0.001824,0.02531,0.545,0.413388,0.055838,0.000881,0.000587,0.005076,0.985179,394,6|7|8,13,5409,0.152381,3.0,54.02,0.09,0.17,0.48,3.02,4.33,NVIDIA A100-SXM4-80GB,43a14d7652fde71f,ca89a5e805b1,1,temporal,train,all,0.7,0.15,0.15,C,noise_curve_c_s14_Sepsis_Case
Sepsis_Case,lstm,baseline,0.6,1,0.5171,0.357903,0.775194,0.017328,0.167604,0.009576,0.048648,0.463484,0.309454,0.058376,0.122137,0.125954,0.017766,0.933734,394,6|7|8,13,6491,0.110204,1.16,20.87,0.09,0.17,0.48,3.02,4.33,NVIDIA A100-SXM4-80GB,43a14d7652fde71f,ca89a5e805b1,1,temporal,train,all,0.7,0.15,0.15,C,noise_curve_c_s14_Sepsis_Case
Sepsis_Case,lstm,checker,0.6,1,0.576835,0.402465,0.859097,0.00228,0.131929,0.004104,0.037571,0.521749,0.377569,0.048223,0.037287,0.034645,0.007614,0.971491,394,6|7|8,10,6491,0.110204,1.21,18.13,0.09,0.17,0.48,3.02,4.33,NVIDIA A100-SXM4-80GB,43a14d7652fde71f,ca89a5e805b1,1,temporal,train,all,0.7,0.15,0.15,C,noise_curve_c_s14_Sepsis_Case
Sepsis_Case,lstm,checker_net,0.6,1,0.522116,0.368092,0.792522,0.009576,0.154971,0.00456,0.032403,0.469149,0.324134,0.048223,0.115091,0.082501,0.020305,0.943453,394,6|7|8,13,6491,0.110204,1.14,20.59,0.09,0.17,0.48,3.02,4.33,NVIDIA A100-SXM4-80GB,43a14d7652fde71f,ca89a5e805b1,1,temporal,train,all,0.7,0.15,0.15,C,noise_curve_c_s14_Sepsis_Case
Sepsis_Case,lstm,checker_net_state,0.6,1,0.521204,0.35984,0.78477,0.016872,0.146267,0.00684,0.041697,0.480912,0.325308,0.063452,0.121257,0.123312,0.020305,0.940429,394,6|7|8,13,6491,0.110204,1.15,20.76,0.09,0.17,0.48,3.02,4.33,NVIDIA A100-SXM4-80GB,43a14d7652fde71f,ca89a5e805b1,1,temporal,train,all,0.7,0.15,0.15,C,noise_curve_c_s14_Sepsis_Case
Sepsis_Case,lstm,marking,0.6,1,0.569995,0.375539,0.810306,0.008664,0.186804,0.015504,0.051219,0.519402,0.381679,0.050761,0.046682,0.055197,0.005076,0.96786,394,6|7|8,9,6491,0.110204,1.43,20.0,0.09,0.17,0.48,3.02,4.33,NVIDIA A100-SXM4-80GB,43a14d7652fde71f,ca89a5e805b1,1,temporal,train,all,0.7,0.15,0.15,C,noise_curve_c_s14_Sepsis_Case
Sepsis_Case,lstm,gnn,0.6,1,0.552668,0.395578,0.846785,0.003648,0.176733,0.006384,0.048135,0.493878,0.37111,0.06599,0.106283,0.105989,0.005076,0.948155,394,6|7|8,10,6491,0.110204,1.4,21.04,0.09,0.17,0.48,3.02,4.33,NVIDIA A100-SXM4-80GB,43a14d7652fde71f,ca89a5e805b1,1,temporal,train,all,0.7,0.15,0.15,C,noise_curve_c_s14_Sepsis_Case
Sepsis_Case,lstm,seq,0.6,1,0.545372,0.387791,0.845417,0.005472,0.1843,0.005016,0.050209,0.493612,0.335878,0.055838,0.101585,0.100998,0.005076,0.947561,394,6|7|8,10,6491,0.110204,3.35,50.23,0.09,0.17,0.48,3.02,4.33,NVIDIA A100-SXM4-80GB,43a14d7652fde71f,ca89a5e805b1,1,temporal,train,all,0.7,0.15,0.15,C,noise_curve_c_s14_Sepsis_Case
Sepsis_Case,lstm,lll,0.6,1,0.547652,0.373851,0.813041,0.003648,0.135901,0.0,0.001426,0.48372,0.366119,0.040609,0.006459,0.0,0.022843,0.976395,394,6|7|8,13,6491,0.110204,1.24,22.24,0.09,0.17,0.48,3.02,4.33,NVIDIA A100-SXM4-80GB,43a14d7652fde71f,ca89a5e805b1,1,temporal,train,all,0.7,0.15,0.15,C,noise_curve_c_s14_Sepsis_Case
Sepsis_Case,lstm,gll,0.6,1,0.559508,0.391278,0.813497,0.003648,0.158428,0.001824,0.031862,0.498098,0.370229,0.060914,0.032296,0.005578,0.005076,0.970769,394,6|7|8,17,6491,0.110204,2.97,65.42,0.09,0.17,0.48,3.02,4.33,NVIDIA A100-SXM4-80GB,43a14d7652fde71f,ca89a5e805b1,1,temporal,train,all,0.7,0.15,0.15,C,noise_curve_c_s14_Sepsis_Case
Sepsis_Case,lstm,baseline,0.7,1,0.482444,0.274313,0.825809,0.008664,0.206526,0.01596,0.064553,0.395506,0.329712,0.027919,0.021433,0.025837,0.15736,0.968798,394,6|7|8,4,7573,0.082993,1.26,11.38,0.09,0.17,0.48,3.02,4.33,NVIDIA A100-SXM4-80GB,43a14d7652fde71f,ca89a5e805b1,1,temporal,train,all,0.7,0.15,0.15,C,noise_curve_c_s14_Sepsis_Case
Sepsis_Case,lstm,checker,0.7,1,0.544004,0.334725,0.810306,0.005016,0.157174,0.010944,0.051685,0.448604,0.316794,0.038071,0.001468,0.005285,0.005076,0.980206,394,6|7|8,7,7573,0.082993,1.16,13.91,0.09,0.17,0.48,3.02,4.33,NVIDIA A100-SXM4-80GB,43a14d7652fde71f,ca89a5e805b1,1,temporal,train,all,0.7,0.15,0.15,C,noise_curve_c_s14_Sepsis_Case
Sepsis_Case,lstm,checker_net,0.7,1,0.532604,0.348836,0.805746,0.006384,0.200092,0.005472,0.044449,0.445554,0.318555,0.048223,0.006459,0.007046,0.005076,0.975737,394,6|7|8,7,7573,0.082993,1.18,14.21,0.09,0.17,0.48,3.02,4.33,NVIDIA A100-SXM4-80GB,43a14d7652fde71f,ca89a5e805b1,1,temporal,train,all,0.7,0.15,0.15,C,noise_curve_c_s14_Sepsis_Case
Sepsis_Case,lstm,checker_net_state,0.7,1,0.54902,0.347804,0.801642,0.014592,0.186251,0.017328,0.054403,0.45679,0.348796,0.050761,0.047857,0.049912,0.007614,0.969341,394,6|7|8,7,7573,0.082993,1.28,15.39,0.09,0.17,0.48,3.02,4.33,NVIDIA A100-SXM4-80GB,43a14d7652fde71f,ca89a5e805b1,1,temporal,train,all,0.7,0.15,0.15,C,noise_curve_c_s14_Sepsis_Case
Sepsis_Case,lstm,marking,0.7,1,0.505244,0.335805,0.785682,0.015048,0.209594,0.019152,0.060334,0.421176,0.316207,0.050761,0.106577,0.096007,0.005076,0.937186,394,6|7|8,7,7573,0.082993,1.41,16.87,0.09,0.17,0.48,3.02,4.33,NVIDIA A100-SXM4-80GB,43a14d7652fde71f,ca89a5e805b1,1,temporal,train,all,0.7,0.15,0.15,C,noise_curve_c_s14_Sepsis_Case
Sepsis_Case,lstm,gnn,0.7,1,0.488828,0.311755,0.743274,0.016872,0.203573,0.019608,0.057441,0.417847,0.339107,0.040609,0.051674,0.051967,0.002538,0.950369,394,6|7|8,9,7573,0.082993,1.51,21.08,0.09,0.17,0.48,3.02,4.33,NVIDIA A100-SXM4-80GB,43a14d7652fde71f,ca89a5e805b1,1,temporal,train,all,0.7,0.15,0.15,C,noise_curve_c_s14_Sepsis_Case
Sepsis_Case,lstm,seq,0.7,1,0.540356,0.342751,0.829457,0.006384,0.206102,0.010032,0.061903,0.476471,0.394598,0.053299,0.006753,0.008808,0.0,0.974915,394,6|7|8,6,7573,0.082993,3.33,36.59,0.09,0.17,0.48,3.02,4.33,NVIDIA A100-SXM4-80GB,43a14d7652fde71f,ca89a5e805b1,1,temporal,train,all,0.7,0.15,0.15,C,noise_curve_c_s14_Sepsis_Case
Sepsis_Case,lstm,lll,0.7,1,0.509348,0.33943,0.78249,0.014136,0.175051,0.0,0.001151,0.364039,0.298297,0.020305,0.039636,0.0,0.01269,0.969116,394,6|7|8,15,7573,0.082993,1.29,25.81,0.09,0.17,0.48,3.02,4.33,NVIDIA A100-SXM4-80GB,43a14d7652fde71f,ca89a5e805b1,1,temporal,train,all,0.7,0.15,0.15,C,noise_curve_c_s14_Sepsis_Case
Sepsis_Case,lstm,gll,0.7,1,0.544004,0.313956,0.841313,0.001824,0.184029,0.000912,0.041269,0.487519,0.385203,0.038071,0.003817,0.000294,0.002538,0.981235,394,6|7|8,9,7573,0.082993,2.97,41.57,0.09,0.17,0.48,3.02,4.33,NVIDIA A100-SXM4-80GB,43a14d7652fde71f,ca89a5e805b1,1,temporal,train,all,0.7,0.15,0.15,C,noise_curve_c_s14_Sepsis_Case
Sepsis_Case,lstm,baseline,0.8,1,0.480164,0.264389,0.74601,0.001368,0.229205,0.001824,0.057865,0.39579,0.320904,0.010152,0.0,0.0,0.0,0.985524,394,6|7|8,5,8654,0.053061,1.11,11.11,0.09,0.17,0.48,3.02,4.33,NVIDIA A100-SXM4-80GB,43a14d7652fde71f,ca89a5e805b1,1,temporal,train,all,0.7,0.15,0.15,C,noise_curve_c_s14_Sepsis_Case
Sepsis_Case,lstm,checker,0.8,1,0.46238,0.251861,0.751938,0.000456,0.177931,0.000912,0.048145,0.368976,0.299765,0.007614,0.0,0.0,0.0,0.985538,394,6|7|8,5,8654,0.053061,1.11,11.13,0.09,0.17,0.48,3.02,4.33,NVIDIA A100-SXM4-80GB,43a14d7652fde71f,ca89a5e805b1,1,temporal,train,all,0.7,0.15,0.15,C,noise_curve_c_s14_Sepsis_Case
Sepsis_Case,lstm,checker_net,0.8,1,0.475148,0.252208,0.749658,0.000912,0.224134,0.001368,0.041951,0.394132,0.313858,0.010152,0.0,0.0,0.0,0.985511,394,6|7|8,5,8654,0.053061,1.17,11.66,0.09,0.17,0.48,3.02,4.33,NVIDIA A100-SXM4-80GB,43a14d7652fde71f,ca89a5e805b1,1,temporal,train,all,0.7,0.15,0.15,C,noise_curve_c_s14_Sepsis_Case
Sepsis_Case,lstm,checker_net_state,0.8,1,0.43958,0.260599,0.706338,0.014136,0.200644,0.014592,0.051825,0.318824,0.242807,0.017766,0.175279,0.193776,0.015228,0.935057,394,6|7|8,8,8654,0.053061,1.13,14.72,0.09,0.17,0.48,3.02,4.33,NVIDIA A100-SXM4-80GB,43a14d7652fde71f,ca89a5e805b1,1,temporal,train,all,0.7,0.15,0.15,C,noise_curve_c_s14_Sepsis_Case
Sepsis_Case,lstm,marking,0.8,1,0.447332,0.267555,0.757866,0.010032,0.233992,0.00912,0.060823,0.316153,0.274809,0.020305,0.167058,0.165297,0.045685,0.949215,394,6|7|8,7,8654,0.053061,1.41,16.92,0.09,0.17,0.48,3.02,4.33,NVIDIA A100-SXM4-80GB,43a14d7652fde71f,ca89a5e805b1,1,temporal,train,all,0.7,0.15,0.15,C,noise_curve_c_s14_Sepsis_Case
Sepsis_Case,lstm,gnn,0.8,1,0.440036,0.250445,0.665755,0.028728,0.231977,0.0228,0.057482,0.29144,0.256312,0.007614,0.120376,0.119495,0.0,0.955257,394,6|7|8,9,8654,0.053061,1.37,19.22,0.09,0.17,0.48,3.02,4.33,NVIDIA A100-SXM4-80GB,43a14d7652fde71f,ca89a5e805b1,1,temporal,train,all,0.7,0.15,0.15,C,noise_curve_c_s14_Sepsis_Case
Sepsis_Case,lstm,seq,0.8,1,0.460556,0.252355,0.752394,0.017328,0.238654,0.007296,0.061673,0.359809,0.285672,0.010152,0.054022,0.045214,0.0,0.972572,394,6|7|8,8,8654,0.053061,3.42,44.41,0.09,0.17,0.48,3.02,4.33,NVIDIA A100-SXM4-80GB,43a14d7652fde71f,ca89a5e805b1,1,temporal,train,all,0.7,0.15,0.15,C,noise_curve_c_s14_Sepsis_Case
Sepsis_Case,lstm,lll,0.8,1,0.381669,0.234206,0.673507,0.023712,0.202582,0.0,0.001244,0.194395,0.211979,0.017766,0.050793,0.0,0.017766,0.945788,394,6|7|8,13,8654,0.053061,1.64,29.51,0.09,0.17,0.48,3.02,4.33,NVIDIA A100-SXM4-80GB,43a14d7652fde71f,ca89a5e805b1,1,temporal,train,all,0.7,0.15,0.15,C,noise_curve_c_s14_Sepsis_Case
Sepsis_Case,lstm,gll,0.8,1,0.457364,0.28228,0.711354,0.005928,0.215316,0.0,0.039513,0.340483,0.303876,0.015228,0.018497,0.000294,0.017766,0.980925,394,6|7|8,14,8654,0.053061,2.96,56.27,0.09,0.17,0.48,3.02,4.33,NVIDIA A100-SXM4-80GB,43a14d7652fde71f,ca89a5e805b1,1,temporal,train,all,0.7,0.15,0.15,C,noise_curve_c_s14_Sepsis_Case
Sepsis_Case,lstm,baseline,0.0,2,0.670771,0.487061,0.94072,0.0,0.002997,0.001824,0.003031,0.570202,0.391368,0.106599,0.001174,0.051967,0.0,0.973989,394,6|7|8,10,0,0.997279,1.18,17.7,0.09,0.17,0.48,3.02,4.33,NVIDIA A100-SXM4-80GB,43a14d7652fde71f,ca89a5e805b1,1,temporal,train,all,0.7,0.15,0.15,C,noise_curve_c_s14_Sepsis_Case
Sepsis_Case,lstm,checker,0.0,2,0.672595,0.484263,0.933425,0.0,0.002057,0.001824,0.002529,0.561727,0.391075,0.091371,0.0,0.024075,0.0,0.982312,394,6|7|8,10,0,0.997279,1.16,17.47,0.09,0.17,0.48,3.02,4.33,NVIDIA A100-SXM4-80GB,43a14d7652fde71f,ca89a5e805b1,1,temporal,train,all,0.7,0.15,0.15,C,noise_curve_c_s14_Sepsis_Case
Sepsis_Case,lstm,checker_net,0.0,2,0.671683,0.485538,0.941632,0.0,0.002564,0.001824,0.00265,0.565097,0.383147,0.109137,0.001174,0.049618,0.0,0.973174,394,6|7|8,10,0,0.997279,1.11,16.64,0.09,0.17,0.48,3.02,4.33,NVIDIA A100-SXM4-80GB,43a14d7652fde71f,ca89a5e805b1,1,temporal,train,all,0.7,0.15,0.15,C,noise_curve_c_s14_Sepsis_Case
Sepsis_Case,lstm,checker_net_state,0.0,2,0.667123,0.486225,0.935705,0.0,0.001978,0.001824,0.002428,0.559408,0.407516,0.07868,0.0,0.027598,0.0,0.978507,394,6|7|8,14,0,0.997279,1.16,22.02,0.09,0.17,0.48,3.02,4.33,NVIDIA A100-SXM4-80GB,43a14d7652fde71f,ca89a5e805b1,1,temporal,train,all,0.7,0.15,0.15,C,noise_curve_c_s14_Sepsis_Case
Sepsis_Case,lstm,marking,0.0,2,0.672595,0.482374,0.936617,0.0,0.002869,0.001824,0.002814,0.562944,0.387258,0.081218,0.0,0.019671,0.0,0.986464,394,6|7|8,10,0,0.997279,1.39,20.87,0.09,0.17,0.48,3.02,4.33,NVIDIA A100-SXM4-80GB,43a14d7652fde71f,ca89a5e805b1,1,temporal,train,all,0.7,0.15,0.15,C,noise_curve_c_s14_Sepsis_Case
Sepsis_Case,lstm,gnn,0.0,2,0.667123,0.488273,0.928865,0.0,0.002903,0.001368,0.00203,0.559103,0.387258,0.093909,0.029654,0.036406,0.0,0.979756,394,6|7|8,12,0,0.997279,1.31,22.35,0.09,0.17,0.48,3.02,4.33,NVIDIA A100-SXM4-80GB,43a14d7652fde71f,ca89a5e805b1,1,temporal,train,all,0.7,0.15,0.15,C,noise_curve_c_s14_Sepsis_Case
Sepsis_Case,lstm,seq,0.0,2,0.664843,0.472549,0.933881,0.0,0.003162,0.001368,0.001961,0.583919,0.426894,0.068528,0.0,0.000587,0.0,0.992234,394,6|7|8,10,0,0.997279,3.29,49.35,0.09,0.17,0.48,3.02,4.33,NVIDIA A100-SXM4-80GB,43a14d7652fde71f,ca89a5e805b1,1,temporal,train,all,0.7,0.15,0.15,C,noise_curve_c_s14_Sepsis_Case
Sepsis_Case,lstm,lll,0.0,2,0.668947,0.489291,0.933425,0.0,0.002126,0.000456,0.000932,0.5255,0.374633,0.073604,0.041398,0.035526,0.002538,0.974808,394,6|7|8,14,0,0.997279,1.23,23.35,0.09,0.17,0.48,3.02,4.33,NVIDIA A100-SXM4-80GB,43a14d7652fde71f,ca89a5e805b1,1,temporal,train,all,0.7,0.15,0.15,C,noise_curve_c_s14_Sepsis_Case
Sepsis_Case,lstm,gll,0.0,2,0.677611,0.493297,0.935705,0.0,0.00205,0.001368,0.001633,0.526932,0.375514,0.076142,0.038462,0.000587,0.0,0.980998,394,6|7|8,14,0,0.997279,2.96,56.18,0.09,0.17,0.48,3.02,4.33,NVIDIA A100-SXM4-80GB,43a14d7652fde71f,ca89a5e805b1,1,temporal,train,all,0.7,0.15,0.15,C,noise_curve_c_s14_Sepsis_Case
Sepsis_Case,lstm,baseline,0.1,2,0.671683,0.486779,0.932057,0.000912,0.031208,0.00228,0.010564,0.554171,0.403993,0.081218,0.007634,0.016735,0.002538,0.987838,394,6|7|8,12,1082,0.681633,1.6,27.22,0.09,0.17,0.48,3.02,4.33,NVIDIA A100-SXM4-80GB,43a14d7652fde71f,ca89a5e805b1,1,temporal,train,all,0.7,0.15,0.15,C,noise_curve_c_s14_Sepsis_Case
Sepsis_Case,lstm,checker,0.1,2,0.667123,0.483592,0.936617,0.000456,0.021834,0.00228,0.007956,0.557412,0.395479,0.091371,0.0,0.027305,0.002538,0.983679,394,6|7|8,12,1082,0.681633,1.56,26.57,0.09,0.17,0.48,3.02,4.33,NVIDIA A100-SXM4-80GB,43a14d7652fde71f,ca89a5e805b1,1,temporal,train,all,0.7,0.15,0.15,C,noise_curve_c_s14_Sepsis_Case
Sepsis_Case,lstm,checker_net,0.1,2,0.673507,0.486742,0.933425,0.000912,0.028313,0.00228,0.007674,0.570134,0.401938,0.088832,0.000587,0.013212,0.002538,0.9891,394,6|7|8,12,1082,0.681633,1.4,23.75,0.09,0.17,0.48,3.02,4.33,NVIDIA A100-SXM4-80GB,43a14d7652fde71f,ca89a5e805b1,1,temporal,train,all,0.7,0.15,0.15,C,noise_curve_c_s14_Sepsis_Case
Sepsis_Case,lstm,checker_net_state,0.1,2,0.673963,0.486173,0.935705,0.000912,0.024419,0.002736,0.008774,0.58849,0.407516,0.111675,0.000587,0.030828,0.002538,0.981543,394,6|7|8,10,1082,0.681633,1.24,18.56,0.09,0.17,0.48,3.02,4.33,NVIDIA A100-SXM4-80GB,43a14d7652fde71f,ca89a5e805b1,1,temporal,train,all,0.7,0.15,0.15,C,noise_curve_c_s14_Sepsis_Case
Sepsis_Case,lstm,marking,0.1,2,0.659371,0.481928,0.927041,0.001368,0.027218,0.001824,0.00955,0.566694,0.399589,0.076142,0.000294,0.01468,0.005076,0.988466,394,6|7|8,13,1082,0.681633,1.45,26.16,0.09,0.17,0.48,3.02,4.33,NVIDIA A100-SXM4-80GB,43a14d7652fde71f,ca89a5e805b1,1,temporal,train,all,0.7,0.15,0.15,C,noise_curve_c_s14_Sepsis_Case
Sepsis_Case,lstm,gnn,0.1,2,0.666667,0.485361,0.930689,0.000456,0.029362,0.002736,0.010314,0.558818,0.379331,0.088832,0.0,0.033177,0.005076,0.982049,394,6|7|8,14,1082,0.681633,1.82,34.49,0.09,0.17,0.48,3.02,4.33,NVIDIA A100-SXM4-80GB,43a14d7652fde71f,ca89a5e805b1,1,temporal,train,all,0.7,0.15,0.15,C,noise_curve_c_s14_Sepsis_Case
Sepsis_Case,lstm,seq,0.1,2,0.665299,0.467025,0.923849,0.001368,0.02815,0.00228,0.00953,0.563474,0.434234,0.068528,0.000294,0.000294,0.002538,0.991305,394,6|7|8,10,1082,0.681633,3.3,49.45,0.09,0.17,0.48,3.02,4.33,NVIDIA A100-SXM4-80GB,43a14d7652fde71f,ca89a5e805b1,1,temporal,train,all,0.7,0.15,0.15,C,noise_curve_c_s14_Sepsis_Case
Sepsis_Case,lstm,lll,0.1,2,0.669859,0.478201,0.933881,0.000456,0.022728,0.0,0.000712,0.566489,0.415443,0.081218,0.005872,0.0,0.005076,0.990823,394,6|7|8,12,1082,0.681633,1.21,20.54,0.09,0.17,0.48,3.02,4.33,NVIDIA A100-SXM4-80GB,43a14d7652fde71f,ca89a5e805b1,1,temporal,train,all,0.7,0.15,0.15,C,noise_curve_c_s14_Sepsis_Case
Sepsis_Case,lstm,gll,0.1,2,0.665755,0.47419,0.930233,0.000456,0.016753,0.000912,0.005918,0.550158,0.383441,0.083756,0.013212,0.0,0.005076,0.988212,394,6|7|8,16,1082,0.681633,2.97,62.42,0.09,0.17,0.48,3.02,4.33,NVIDIA A100-SXM4-80GB,43a14d7652fde71f,ca89a5e805b1,1,temporal,train,all,0.7,0.15,0.15,C,noise_curve_c_s14_Sepsis_Case
Sepsis_Case,lstm,baseline,0.2,2,0.668035,0.473508,0.925673,0.000912,0.056169,0.004104,0.018518,0.584286,0.42249,0.083756,0.030241,0.034645,0.002538,0.980194,394,6|7|8,10,2164,0.463946,1.48,22.15,0.09,0.17,0.48,3.02,4.33,NVIDIA A100-SXM4-80GB,43a14d7652fde71f,ca89a5e805b1,1,temporal,train,all,0.7,0.15,0.15,C,noise_curve_c_s14_Sepsis_Case
Sepsis_Case,lstm,checker,0.2,2,0.673051,0.48813,0.924761,0.000912,0.037889,0.003192,0.014214,0.569612,0.39724,0.104061,0.034645,0.038462,0.002538,0.979069,394,6|7|8,11,2164,0.463946,1.49,23.85,0.09,0.17,0.48,3.02,4.33,NVIDIA A100-SXM4-80GB,43a14d7652fde71f,ca89a5e805b1,1,temporal,train,all,0.7,0.15,0.15,C,noise_curve_c_s14_Sepsis_Case
Sepsis_Case,lstm,checker_net,0.2,2,0.671227,0.481593,0.921113,0.000912,0.051079,0.001368,0.01332,0.563571,0.41192,0.106599,0.034645,0.053142,0.005076,0.971069,394,6|7|8,11,2164,0.463946,1.22,19.49,0.09,0.17,0.48,3.02,4.33,NVIDIA A100-SXM4-80GB,43a14d7652fde71f,ca89a5e805b1,1,temporal,train,all,0.7,0.15,0.15,C,noise_curve_c_s14_Sepsis_Case
Sepsis_Case,lstm,checker_net_state,0.2,2,0.668947,0.484047,0.919289,0.000912,0.048059,0.00228,0.015667,0.569967,0.405167,0.106599,0.039342,0.040517,0.005076,0.978127,394,6|7|8,11,2164,0.463946,1.11,17.76,0.09,0.17,0.48,3.02,4.33,NVIDIA A100-SXM4-80GB,43a14d7652fde71f,ca89a5e805b1,1,temporal,train,all,0.7,0.15,0.15,C,noise_curve_c_s14_Sepsis_Case
Sepsis_Case,lstm,marking,0.2,2,0.668035,0.482161,0.922025,0.001824,0.053825,0.004104,0.01814,0.545073,0.372578,0.093909,0.004991,0.100705,0.007614,0.956437,394,6|7|8,14,2164,0.463946,1.15,21.92,0.09,0.17,0.48,3.02,4.33,NVIDIA A100-SXM4-80GB,43a14d7652fde71f,ca89a5e805b1,1,temporal,train,all,0.7,0.15,0.15,C,noise_curve_c_s14_Sepsis_Case
Sepsis_Case,lstm,gnn,0.2,2,0.663931,0.482128,0.920657,0.001368,0.059751,0.001368,0.019024,0.565502,0.389313,0.109137,0.000587,0.049912,0.005076,0.973725,394,6|7|8,9,2164,0.463946,1.27,17.76,0.09,0.17,0.48,3.02,4.33,NVIDIA A100-SXM4-80GB,43a14d7652fde71f,ca89a5e805b1,1,temporal,train,all,0.7,0.15,0.15,C,noise_curve_c_s14_Sepsis_Case
Sepsis_Case,lstm,seq,0.2,2,0.654355,0.466615,0.917009,0.00228,0.057347,0.003192,0.018394,0.558947,0.405461,0.068528,0.002642,0.002642,0.002538,0.991866,394,6|7|8,10,2164,0.463946,3.25,48.78,0.09,0.17,0.48,3.02,4.33,NVIDIA A100-SXM4-80GB,43a14d7652fde71f,ca89a5e805b1,1,temporal,train,all,0.7,0.15,0.15,C,noise_curve_c_s14_Sepsis_Case
Sepsis_Case,lstm,lll,0.2,2,0.666211,0.472374,0.929321,0.000456,0.041867,0.0,0.000642,0.554294,0.424839,0.081218,0.011157,0.0,0.005076,0.988022,394,6|7|8,16,2164,0.463946,1.17,24.65,0.09,0.17,0.48,3.02,4.33,NVIDIA A100-SXM4-80GB,43a14d7652fde71f,ca89a5e805b1,1,temporal,train,all,0.7,0.15,0.15,C,noise_curve_c_s14_Sepsis_Case
Sepsis_Case,lstm,gll,0.2,2,0.670771,0.476094,0.924761,0.000912,0.040548,0.000912,0.011315,0.584802,0.45273,0.076142,0.002936,0.0,0.005076,0.991135,394,6|7|8,16,2164,0.463946,3.11,65.24,0.09,0.17,0.48,3.02,4.33,NVIDIA A100-SXM4-80GB,43a14d7652fde71f,ca89a5e805b1,1,temporal,train,all,0.7,0.15,0.15,C,noise_curve_c_s14_Sepsis_Case
Sepsis_Case,lstm,baseline,0.3,2,0.668947,0.47598,0.917921,0.001824,0.087496,0.00228,0.023468,0.590684,0.437757,0.07868,0.000294,0.009102,0.005076,0.988556,394,6|7|8,11,3245,0.295238,1.34,21.46,0.09,0.17,0.48,3.02,4.33,NVIDIA A100-SXM4-80GB,43a14d7652fde71f,ca89a5e805b1,1,temporal,train,all,0.7,0.15,0.15,C,noise_curve_c_s14_Sepsis_Case
Sepsis_Case,lstm,checker,0.3,2,0.658459,0.466366,0.912449,0.003648,0.062806,0.005472,0.017664,0.556716,0.412507,0.06599,0.000587,0.021139,0.007614,0.98603,394,6|7|8,14,3245,0.295238,1.44,27.37,0.09,0.17,0.48,3.02,4.33,NVIDIA A100-SXM4-80GB,43a14d7652fde71f,ca89a5e805b1,1,temporal,train,all,0.7,0.15,0.15,C,noise_curve_c_s14_Sepsis_Case
Sepsis_Case,lstm,checker_net,0.3,2,0.665755,0.474548,0.918377,0.001824,0.083189,0.001824,0.016567,0.586691,0.432472,0.086294,0.000294,0.019671,0.005076,0.98426,394,6|7|8,11,3245,0.295238,1.41,22.53,0.09,0.17,0.48,3.02,4.33,NVIDIA A100-SXM4-80GB,43a14d7652fde71f,ca89a5e805b1,1,temporal,train,all,0.7,0.15,0.15,C,noise_curve_c_s14_Sepsis_Case
Sepsis_Case,lstm,checker_net_state,0.3,2,0.665755,0.471937,0.917465,0.00228,0.073956,0.001368,0.019327,0.583165,0.438638,0.07868,0.000294,0.011744,0.002538,0.987878,394,6|7|8,11,3245,0.295238,1.42,22.75,0.09,0.17,0.48,3.02,4.33,NVIDIA A100-SXM4-80GB,43a14d7652fde71f,ca89a5e805b1,1,temporal,train,all,0.7,0.15,0.15,C,noise_curve_c_s14_Sepsis_Case
Sepsis_Case,lstm,marking,0.3,2,0.656179,0.458569,0.902873,0.002736,0.086347,0.005928,0.027163,0.562078,0.436289,0.06599,0.001174,0.002642,0.007614,0.990536,394,6|7|8,14,3245,0.295238,1.5,28.41,0.09,0.17,0.48,3.02,4.33,NVIDIA A100-SXM4-80GB,43a14d7652fde71f,ca89a5e805b1,1,temporal,train,all,0.7,0.15,0.15,C,noise_curve_c_s14_Sepsis_Case
Sepsis_Case,lstm,gnn,0.3,2,0.656179,0.456832,0.915185,0.002736,0.086343,0.003192,0.025263,0.572298,0.435408,0.068528,0.001174,0.000881,0.005076,0.99058,394,6|7|8,8,3245,0.295238,1.63,21.22,0.09,0.17,0.48,3.02,4.33,NVIDIA A100-SXM4-80GB,43a14d7652fde71f,ca89a5e805b1,1,temporal,train,all,0.7,0.15,0.15,C,noise_curve_c_s14_Sepsis_Case
Sepsis_Case,lstm,seq,0.3,2,0.655723,0.463804,0.910169,0.001824,0.080498,0.001824,0.023409,0.564112,0.425719,0.068528,0.000587,0.006166,0.005076,0.990847,394,6|7|8,10,3245,0.295238,3.34,50.12,0.09,0.17,0.48,3.02,4.33,NVIDIA A100-SXM4-80GB,43a14d7652fde71f,ca89a5e805b1,1,temporal,train,all,0.7,0.15,0.15,C,noise_curve_c_s14_Sepsis_Case
Sepsis_Case,lstm,lll,0.3,2,0.653899,0.460823,0.922025,0.001368,0.071793,0.0,0.00081,0.571056,0.433647,0.063452,0.000294,0.0,0.005076,0.990892,394,6|7|8,14,3245,0.295238,1.25,23.66,0.09,0.17,0.48,3.02,4.33,NVIDIA A100-SXM4-80GB,43a14d7652fde71f,ca89a5e805b1,1,temporal,train,all,0.7,0.15,0.15,C,noise_curve_c_s14_Sepsis_Case
Sepsis_Case,lstm,gll,0.3,2,0.652531,0.460778,0.911081,0.002736,0.070566,0.001368,0.014306,0.561507,0.428362,0.068528,0.000587,0.000294,0.007614,0.990895,394,6|7|8,14,3245,0.295238,2.98,56.55,0.09,0.17,0.48,3.02,4.33,NVIDIA A100-SXM4-80GB,43a14d7652fde71f,ca89a5e805b1,1,temporal,train,all,0.7,0.15,0.15,C,noise_curve_c_s14_Sepsis_Case
Sepsis_Case,lstm,baseline,0.4,2,0.645235,0.447843,0.900593,0.007296,0.124148,0.010488,0.036309,0.563214,0.414563,0.068528,0.00411,0.006753,0.007614,0.987671,394,6|7|8,10,4327,0.235374,1.63,24.39,0.09,0.17,0.48,3.02,4.33,NVIDIA A100-SXM4-80GB,43a14d7652fde71f,ca89a5e805b1,1,temporal,train,all,0.7,0.15,0.15,C,noise_curve_c_s14_Sepsis_Case
Sepsis_Case,lstm,checker,0.4,2,0.631555,0.464104,0.911993,0.001824,0.081683,0.005928,0.025937,0.536418,0.362595,0.106599,0.023194,0.08485,0.007614,0.958569,394,6|7|8,11,4327,0.235374,1.18,18.95,0.09,0.17,0.48,3.02,4.33,NVIDIA A100-SXM4-80GB,43a14d7652fde71f,ca89a5e805b1,1,temporal,train,all,0.7,0.15,0.15,C,noise_curve_c_s14_Sepsis_Case
Sepsis_Case,lstm,checker_net,0.4,2,0.610579,0.434984,0.891017,0.005016,0.111069,0.00684,0.023437,0.518726,0.387551,0.068528,0.028773,0.040223,0.005076,0.975778,394,6|7|8,16,4327,0.235374,1.14,23.92,0.09,0.17,0.48,3.02,4.33,NVIDIA A100-SXM4-80GB,43a14d7652fde71f,ca89a5e805b1,1,temporal,train,all,0.7,0.15,0.15,C,noise_curve_c_s14_Sepsis_Case
Sepsis_Case,lstm,checker_net_state,0.4,2,0.616507,0.428838,0.897857,0.005928,0.09554,0.007752,0.027793,0.503924,0.385496,0.053299,0.017322,0.01879,0.005076,0.984886,394,6|7|8,13,4327,0.235374,1.15,20.67,0.09,0.17,0.48,3.02,4.33,NVIDIA A100-SXM4-80GB,43a14d7652fde71f,ca89a5e805b1,1,temporal,train,all,0.7,0.15,0.15,C,noise_curve_c_s14_Sepsis_Case
Sepsis_Case,lstm,marking,0.4,2,0.627907,0.450772,0.875057,0.010032,0.114125,0.014136,0.0325,0.522381,0.393717,0.073604,0.017322,0.037287,0.002538,0.976252,394,6|7|8,16,4327,0.235374,1.39,29.27,0.09,0.17,0.48,3.02,4.33,NVIDIA A100-SXM4-80GB,43a14d7652fde71f,ca89a5e805b1,1,temporal,train,all,0.7,0.15,0.15,C,noise_curve_c_s14_Sepsis_Case
Sepsis_Case,lstm,gnn,0.4,2,0.636115,0.446267,0.912449,0.00684,0.111724,0.008664,0.033182,0.556811,0.410452,0.068528,0.00734,0.008221,0.007614,0.986523,394,6|7|8,9,4327,0.235374,1.53,21.41,0.09,0.17,0.48,3.02,4.33,NVIDIA A100-SXM4-80GB,43a14d7652fde71f,ca89a5e805b1,1,temporal,train,all,0.7,0.15,0.15,C,noise_curve_c_s14_Sepsis_Case
Sepsis_Case,lstm,seq,0.4,2,0.642043,0.453424,0.911537,0.003192,0.112529,0.005472,0.032665,0.55446,0.399589,0.063452,0.004991,0.005872,0.007614,0.988515,394,6|7|8,9,4327,0.235374,3.3,46.19,0.09,0.17,0.48,3.02,4.33,NVIDIA A100-SXM4-80GB,43a14d7652fde71f,ca89a5e805b1,1,temporal,train,all,0.7,0.15,0.15,C,noise_curve_c_s14_Sepsis_Case
Sepsis_Case,lstm,lll,0.4,2,0.628819,0.453624,0.900137,0.000912,0.09743,0.0,0.000692,0.513004,0.361421,0.068528,0.021139,0.0,0.005076,0.987022,394,6|7|8,16,4327,0.235374,1.33,27.85,0.09,0.17,0.48,3.02,4.33,NVIDIA A100-SXM4-80GB,43a14d7652fde71f,ca89a5e805b1,1,temporal,train,all,0.7,0.15,0.15,C,noise_curve_c_s14_Sepsis_Case
Sepsis_Case,lstm,gll,0.4,2,0.622891,0.434188,0.896033,0.003192,0.106291,0.00456,0.022418,0.539817,0.417792,0.060914,0.01145,0.002349,0.007614,0.988708,394,6|7|8,16,4327,0.235374,2.98,62.51,0.09,0.17,0.48,3.02,4.33,NVIDIA A100-SXM4-80GB,43a14d7652fde71f,ca89a5e805b1,1,temporal,train,all,0.7,0.15,0.15,C,noise_curve_c_s14_Sepsis_Case
Sepsis_Case,lstm,baseline,0.5,2,0.625171,0.421298,0.857729,0.005928,0.146481,0.009576,0.04635,0.550262,0.413975,0.071066,0.00323,0.004991,0.005076,0.98632,394,6|7|8,10,5409,0.167347,1.24,18.62,0.09,0.17,0.48,3.02,4.33,NVIDIA A100-SXM4-80GB,43a14d7652fde71f,ca89a5e805b1,1,temporal,train,all,0.7,0.15,0.15,C,noise_curve_c_s14_Sepsis_Case
Sepsis_Case,lstm,checker,0.5,2,0.590059,0.415321,0.836753,0.001368,0.101638,0.004104,0.032225,0.505025,0.368761,0.060914,0.021139,0.051086,0.022843,0.975087,394,6|7|8,14,5409,0.167347,1.14,21.69,0.09,0.17,0.48,3.02,4.33,NVIDIA A100-SXM4-80GB,43a14d7652fde71f,ca89a5e805b1,1,temporal,train,all,0.7,0.15,0.15,C,noise_curve_c_s14_Sepsis_Case
Sepsis_Case,lstm,checker_net,0.5,2,0.624259,0.423306,0.855905,0.004104,0.136109,0.006384,0.032774,0.543677,0.42983,0.06599,0.002055,0.002936,0.005076,0.985899,394,6|7|8,10,5409,0.167347,1.19,17.82,0.09,0.17,0.48,3.02,4.33,NVIDIA A100-SXM4-80GB,43a14d7652fde71f,ca89a5e805b1,1,temporal,train,all,0.7,0.15,0.15,C,noise_curve_c_s14_Sepsis_Case
Sepsis_Case,lstm,checker_net_state,0.5,2,0.623803,0.423091,0.856817,0.00684,0.128013,0.009576,0.040644,0.548419,0.418379,0.06599,0.003817,0.004991,0.005076,0.986572,394,6|7|8,10,5409,0.167347,1.2,18.01,0.09,0.17,0.48,3.02,4.33,NVIDIA A100-SXM4-80GB,43a14d7652fde71f,ca89a5e805b1,1,temporal,train,all,0.7,0.15,0.15,C,noise_curve_c_s14_Sepsis_Case
Sepsis_Case,lstm,marking,0.5,2,0.635659,0.439238,0.877337,0.00456,0.146915,0.00912,0.045318,0.560334,0.4266,0.068528,0.002055,0.004404,0.007614,0.987085,394,6|7|8,10,5409,0.167347,1.4,21.07,0.09,0.17,0.48,3.02,4.33,NVIDIA A100-SXM4-80GB,43a14d7652fde71f,ca89a5e805b1,1,temporal,train,all,0.7,0.15,0.15,C,noise_curve_c_s14_Sepsis_Case
Sepsis_Case,lstm,gnn,0.5,2,0.629275,0.431167,0.858185,0.003648,0.143025,0.005472,0.042934,0.560779,0.436583,0.063452,0.001468,0.002349,0.010152,0.988087,394,6|7|8,11,5409,0.167347,1.38,22.09,0.09,0.17,0.48,3.02,4.33,NVIDIA A100-SXM4-80GB,43a14d7652fde71f,ca89a5e805b1,1,temporal,train,all,0.7,0.15,0.15,C,noise_curve_c_s14_Sepsis_Case
Sepsis_Case,lstm,seq,0.5,2,0.633835,0.435421,0.858641,0.004104,0.142155,0.006384,0.04197,0.552016,0.418967,0.068528,0.002642,0.003817,0.007614,0.988241,394,6|7|8,11,5409,0.167347,3.33,53.21,0.09,0.17,0.48,3.02,4.33,NVIDIA A100-SXM4-80GB,43a14d7652fde71f,ca89a5e805b1,1,temporal,train,all,0.7,0.15,0.15,C,noise_curve_c_s14_Sepsis_Case
Sepsis_Case,lstm,lll,0.5,2,0.620155,0.425807,0.866849,0.00228,0.114257,0.0,0.000834,0.540223,0.396653,0.060914,0.000294,0.0,0.002538,0.981591,394,6|7|8,15,5409,0.167347,1.23,24.55,0.09,0.17,0.48,3.02,4.33,NVIDIA A100-SXM4-80GB,43a14d7652fde71f,ca89a5e805b1,1,temporal,train,all,0.7,0.15,0.15,C,noise_curve_c_s14_Sepsis_Case
Sepsis_Case,lstm,gll,0.5,2,0.619243,0.434192,0.849521,0.001824,0.128493,0.002736,0.028612,0.563051,0.425132,0.068528,0.000881,0.001174,0.007614,0.989686,394,6|7|8,15,5409,0.167347,2.97,59.44,0.09,0.17,0.48,3.02,4.33,NVIDIA A100-SXM4-80GB,43a14d7652fde71f,ca89a5e805b1,1,temporal,train,all,0.7,0.15,0.15,C,noise_curve_c_s14_Sepsis_Case
Sepsis_Case,lstm,baseline,0.6,2,0.589603,0.373004,0.847241,0.001824,0.190851,0.00684,0.050468,0.517993,0.404874,0.060914,0.000881,0.003523,0.007614,0.98702,394,6|7|8,9,6491,0.108844,1.39,19.49,0.09,0.17,0.48,3.02,4.33,NVIDIA A100-SXM4-80GB,43a14d7652fde71f,ca89a5e805b1,1,temporal,train,all,0.7,0.15,0.15,C,noise_curve_c_s14_Sepsis_Case
Sepsis_Case,lstm,checker,0.6,2,0.591427,0.371281,0.859553,0.000912,0.14047,0.005472,0.040255,0.523962,0.374339,0.063452,0.0,0.002642,0.007614,0.987181,394,6|7|8,8,6491,0.108844,1.49,19.42,0.09,0.17,0.48,3.02,4.33,NVIDIA A100-SXM4-80GB,43a14d7652fde71f,ca89a5e805b1,1,temporal,train,all,0.7,0.15,0.15,C,noise_curve_c_s14_Sepsis_Case
Sepsis_Case,lstm,checker_net,0.6,2,0.584131,0.360377,0.851345,0.002736,0.178164,0.006384,0.037768,0.510976,0.374339,0.058376,0.001174,0.00323,0.007614,0.982283,394,6|7|8,8,6491,0.108844,1.48,19.24,0.09,0.17,0.48,3.02,4.33,NVIDIA A100-SXM4-80GB,43a14d7652fde71f,ca89a5e805b1,1,temporal,train,all,0.7,0.15,0.15,C,noise_curve_c_s14_Sepsis_Case
Sepsis_Case,lstm,checker_net_state,0.6,2,0.589603,0.36495,0.848609,0.003192,0.16695,0.007296,0.043547,0.532789,0.386964,0.058376,0.001762,0.00411,0.007614,0.984887,394,6|7|8,8,6491,0.108844,1.32,17.15,0.09,0.17,0.48,3.02,4.33,NVIDIA A100-SXM4-80GB,43a14d7652fde71f,ca89a5e805b1,1,temporal,train,all,0.7,0.15,0.15,C,noise_curve_c_s14_Sepsis_Case
Sepsis_Case,lstm,marking,0.6,2,0.583675,0.385567,0.828545,0.008208,0.188232,0.013224,0.051927,0.524434,0.3899,0.06599,0.029947,0.026424,0.017766,0.978716,394,6|7|8,9,6491,0.108844,1.43,19.99,0.09,0.17,0.48,3.02,4.33,NVIDIA A100-SXM4-80GB,43a14d7652fde71f,ca89a5e805b1,1,temporal,train,all,0.7,0.15,0.15,C,noise_curve_c_s14_Sepsis_Case
Sepsis_Case,lstm,gnn,0.6,2,0.557228,0.390708,0.833105,0.00456,0.179696,0.010944,0.048818,0.475369,0.363183,0.055838,0.061362,0.066941,0.027919,0.966844,394,6|7|8,11,6491,0.108844,1.34,21.41,0.09,0.17,0.48,3.02,4.33,NVIDIA A100-SXM4-80GB,43a14d7652fde71f,ca89a5e805b1,1,temporal,train,all,0.7,0.15,0.15,C,noise_curve_c_s14_Sepsis_Case
Sepsis_Case,lstm,seq,0.6,2,0.605563,0.379143,0.868217,0.00456,0.178502,0.00912,0.051078,0.550086,0.424545,0.060914,0.002642,0.004991,0.007614,0.985603,394,6|7|8,8,6491,0.108844,3.34,43.39,0.09,0.17,0.48,3.02,4.33,NVIDIA A100-SXM4-80GB,43a14d7652fde71f,ca89a5e805b1,1,temporal,train,all,0.7,0.15,0.15,C,noise_curve_c_s14_Sepsis_Case
Sepsis_Case,lstm,lll,0.6,2,0.576379,0.404965,0.824897,0.007296,0.14477,0.0,0.000689,0.51002,0.375514,0.053299,0.006459,0.0,0.010152,0.986365,394,6|7|8,17,6491,0.108844,1.3,28.59,0.09,0.17,0.48,3.02,4.33,NVIDIA A100-SXM4-80GB,43a14d7652fde71f,ca89a5e805b1,1,temporal,train,all,0.7,0.15,0.15,C,noise_curve_c_s14_Sepsis_Case
Sepsis_Case,lstm,gll,0.6,2,0.590971,0.405588,0.849977,0.00228,0.171359,0.005928,0.037596,0.517656,0.389607,0.058376,0.001468,0.00323,0.007614,0.984464,394,6|7|8,15,6491,0.108844,3.01,60.19,0.09,0.17,0.48,3.02,4.33,NVIDIA A100-SXM4-80GB,43a14d7652fde71f,ca89a5e805b1,1,temporal,train,all,0.7,0.15,0.15,C,noise_curve_c_s14_Sepsis_Case
Sepsis_Case,lstm,baseline,0.7,2,0.563611,0.369489,0.823073,0.005016,0.206776,0.006384,0.054068,0.516678,0.409865,0.043147,0.006459,0.00323,0.005076,0.981971,394,6|7|8,8,7573,0.059864,1.24,16.14,0.09,0.17,0.48,3.02,4.33,NVIDIA A100-SXM4-80GB,43a14d7652fde71f,ca89a5e805b1,1,temporal,train,all,0.7,0.15,0.15,C,noise_curve_c_s14_Sepsis_Case
Sepsis_Case,lstm,checker,0.7,2,0.538532,0.357419,0.826721,0.00228,0.153492,0.004104,0.041362,0.493314,0.368761,0.063452,0.018203,0.021139,0.007614,0.966789,394,6|7|8,8,7573,0.059864,1.11,14.48,0.09,0.17,0.48,3.02,4.33,NVIDIA A100-SXM4-80GB,43a14d7652fde71f,ca89a5e805b1,1,temporal,train,all,0.7,0.15,0.15,C,noise_curve_c_s14_Sepsis_Case
Sepsis_Case,lstm,checker_net,0.7,2,0.540356,0.359976,0.825353,0.004104,0.200382,0.002736,0.03909,0.479433,0.376688,0.045685,0.004991,0.001468,0.007614,0.976477,394,6|7|8,8,7573,0.059864,1.11,14.49,0.09,0.17,0.48,3.02,4.33,NVIDIA A100-SXM4-80GB,43a14d7652fde71f,ca89a5e805b1,1,temporal,train,all,0.7,0.15,0.15,C,noise_curve_c_s14_Sepsis_Case
Sepsis_Case,lstm,checker_net_state,0.7,2,0.535796,0.351449,0.830825,0.00456,0.189563,0.003648,0.047196,0.483651,0.371991,0.040609,0.005578,0.004991,0.010152,0.979308,394,6|7|8,8,7573,0.059864,1.29,16.74,0.09,0.17,0.48,3.02,4.33,NVIDIA A100-SXM4-80GB,43a14d7652fde71f,ca89a5e805b1,1,temporal,train,all,0.7,0.15,0.15,C,noise_curve_c_s14_Sepsis_Case
Sepsis_Case,lstm,marking,0.7,2,0.528956,0.348129,0.810306,0.009576,0.213659,0.01596,0.056668,0.459171,0.34175,0.060914,0.021139,0.025543,0.007614,0.953529,394,6|7|8,7,7573,0.059864,1.4,16.79,0.09,0.17,0.48,3.02,4.33,NVIDIA A100-SXM4-80GB,43a14d7652fde71f,ca89a5e805b1,1,temporal,train,all,0.7,0.15,0.15,C,noise_curve_c_s14_Sepsis_Case
Sepsis_Case,lstm,gnn,0.7,2,0.536708,0.365278,0.829457,0.01596,0.207068,0.016416,0.057474,0.469088,0.332355,0.058376,0.105989,0.097475,0.020305,0.947121,394,6|7|8,8,7573,0.059864,1.46,19.03,0.09,0.17,0.48,3.02,4.33,NVIDIA A100-SXM4-80GB,43a14d7652fde71f,ca89a5e805b1,1,temporal,train,all,0.7,0.15,0.15,C,noise_curve_c_s14_Sepsis_Case
Sepsis_Case,lstm,seq,0.7,2,0.557684,0.342779,0.821705,0.010032,0.201144,0.016416,0.053233,0.466239,0.350558,0.040609,0.101585,0.105696,0.007614,0.961147,394,6|7|8,5,7573,0.059864,3.31,33.09,0.09,0.17,0.48,3.02,4.33,NVIDIA A100-SXM4-80GB,43a14d7652fde71f,ca89a5e805b1,1,temporal,train,all,0.7,0.15,0.15,C,noise_curve_c_s14_Sepsis_Case
Sepsis_Case,lstm,lll,0.7,2,0.538532,0.331918,0.814409,0.003648,0.180479,0.0,0.00177,0.474874,0.359072,0.045685,0.000587,0.0,0.007614,0.98348,394,6|7|8,9,7573,0.059864,1.19,16.71,0.09,0.17,0.48,3.02,4.33,NVIDIA A100-SXM4-80GB,43a14d7652fde71f,ca89a5e805b1,1,temporal,train,all,0.7,0.15,0.15,C,noise_curve_c_s14_Sepsis_Case
Sepsis_Case,lstm,gll,0.7,2,0.48746,0.333605,0.807114,0.005928,0.189468,0.00456,0.035073,0.410566,0.276571,0.045685,0.104228,0.104228,0.053299,0.928358,394,6|7|8,14,7573,0.059864,2.98,56.63,0.09,0.17,0.48,3.02,4.33,NVIDIA A100-SXM4-80GB,43a14d7652fde71f,ca89a5e805b1,1,temporal,train,all,0.7,0.15,0.15,C,noise_curve_c_s14_Sepsis_Case
Sepsis_Case,lstm,baseline,0.8,2,0.420885,0.248231,0.674875,0.037392,0.2298,0.024168,0.058882,0.311618,0.226659,0.007614,0.080153,0.077804,0.205584,0.934092,394,6|7|8,9,8654,0.047619,1.16,16.29,0.09,0.17,0.48,3.02,4.33,NVIDIA A100-SXM4-80GB,43a14d7652fde71f,ca89a5e805b1,1,temporal,train,all,0.7,0.15,0.15,C,noise_curve_c_s14_Sepsis_Case
Sepsis_Case,lstm,checker,0.8,2,0.432285,0.251334,0.76881,0.000912,0.182787,0.001824,0.051356,0.274597,0.32384,0.005076,0.0,0.000294,0.005076,0.980965,394,6|7|8,5,8654,0.047619,1.12,11.22,0.09,0.17,0.48,3.02,4.33,NVIDIA A100-SXM4-80GB,43a14d7652fde71f,ca89a5e805b1,1,temporal,train,all,0.7,0.15,0.15,C,noise_curve_c_s14_Sepsis_Case
Sepsis_Case,lstm,checker_net,0.8,2,0.475148,0.296382,0.701778,0.03192,0.227515,0.008664,0.043233,0.379338,0.332061,0.022843,0.024662,0.024075,0.114213,0.973725,394,6|7|8,7,8654,0.047619,1.31,15.69,0.09,0.17,0.48,3.02,4.33,NVIDIA A100-SXM4-80GB,43a14d7652fde71f,ca89a5e805b1,1,temporal,train,all,0.7,0.15,0.15,C,noise_curve_c_s14_Sepsis_Case
Sepsis_Case,lstm,checker_net_state,0.8,2,0.436389,0.253854,0.677155,0.025536,0.210519,0.023712,0.053332,0.359214,0.273048,0.007614,0.078391,0.075161,0.035533,0.939485,394,6|7|8,9,8654,0.047619,1.14,15.98,0.09,0.17,0.48,3.02,4.33,NVIDIA A100-SXM4-80GB,43a14d7652fde71f,ca89a5e805b1,1,temporal,train,all,0.7,0.15,0.15,C,noise_curve_c_s14_Sepsis_Case
Sepsis_Case,lstm,marking,0.8,2,0.390789,0.224844,0.589147,0.05928,0.235659,0.032832,0.061776,0.310374,0.25367,0.015228,0.131239,0.089548,0.058376,0.935246,394,6|7|8,9,8654,0.047619,1.41,19.8,0.09,0.17,0.48,3.02,4.33,NVIDIA A100-SXM4-80GB,43a14d7652fde71f,ca89a5e805b1,1,temporal,train,all,0.7,0.15,0.15,C,noise_curve_c_s14_Sepsis_Case
Sepsis_Case,lstm,gnn,0.8,2,0.398997,0.245985,0.676699,0.039216,0.220426,0.033288,0.05975,0.32197,0.261304,0.005076,0.093365,0.08485,0.15736,0.945992,394,6|7|8,8,8654,0.047619,1.34,17.45,0.09,0.17,0.48,3.02,4.33,NVIDIA A100-SXM4-80GB,43a14d7652fde71f,ca89a5e805b1,1,temporal,train,all,0.7,0.15,0.15,C,noise_curve_c_s14_Sepsis_Case
Sepsis_Case,lstm,seq,0.8,2,0.402189,0.257004,0.606019,0.032832,0.221619,0.01368,0.054648,0.312326,0.262772,0.015228,0.101585,0.091603,0.312183,0.940887,394,6|7|8,9,8654,0.047619,3.32,46.42,0.09,0.17,0.48,3.02,4.33,NVIDIA A100-SXM4-80GB,43a14d7652fde71f,ca89a5e805b1,1,temporal,train,all,0.7,0.15,0.15,C,noise_curve_c_s14_Sepsis_Case
Sepsis_Case,lstm,lll,0.8,2,0.395349,0.21186,0.635203,0.042408,0.189132,0.0,0.001093,0.292445,0.273341,0.01269,0.050793,0.0,0.119289,0.953972,394,6|7|8,15,8654,0.047619,1.28,25.56,0.09,0.17,0.48,3.02,4.33,NVIDIA A100-SXM4-80GB,43a14d7652fde71f,ca89a5e805b1,1,temporal,train,all,0.7,0.15,0.15,C,noise_curve_c_s14_Sepsis_Case
Sepsis_Case,lstm,gll,0.8,2,0.430005,0.247375,0.693114,0.025536,0.215835,0.000912,0.042536,0.304316,0.31973,0.007614,0.026718,0.0,0.020305,0.97274,394,6|7|8,13,8654,0.047619,2.98,53.6,0.09,0.17,0.48,3.02,4.33,NVIDIA A100-SXM4-80GB,43a14d7652fde71f,ca89a5e805b1,1,temporal,train,all,0.7,0.15,0.15,C,noise_curve_c_s14_Sepsis_Case
Sepsis_Case,lstm,baseline,0.0,3,0.670771,0.488209,0.936161,0.0,0.001801,0.001824,0.002446,0.557444,0.40047,0.071066,0.000587,0.030241,0.0,0.983424,394,6|7|8,16,0,0.997279,1.52,31.99,0.09,0.17,0.48,3.02,4.33,NVIDIA A100-SXM4-80GB,43a14d7652fde71f,ca89a5e805b1,1,temporal,train,all,0.7,0.15,0.15,C,noise_curve_c_s14_Sepsis_Case
Sepsis_Case,lstm,checker,0.0,3,0.668947,0.488777,0.936161,0.0,0.001234,0.001824,0.002192,0.554244,0.386083,0.07868,0.0,0.038462,0.0,0.980297,394,6|7|8,16,0,0.997279,1.15,24.2,0.09,0.17,0.48,3.02,4.33,NVIDIA A100-SXM4-80GB,43a14d7652fde71f,ca89a5e805b1,1,temporal,train,all,0.7,0.15,0.15,C,noise_curve_c_s14_Sepsis_Case
Sepsis_Case,lstm,checker_net,0.0,3,0.668035,0.487093,0.936617,0.0,0.001669,0.001824,0.002023,0.556682,0.402231,0.076142,0.0,0.033177,0.0,0.983206,394,6|7|8,16,0,0.997279,1.15,24.18,0.09,0.17,0.48,3.02,4.33,NVIDIA A100-SXM4-80GB,43a14d7652fde71f,ca89a5e805b1,1,temporal,train,all,0.7,0.15,0.15,C,noise_curve_c_s14_Sepsis_Case
Sepsis_Case,lstm,checker_net_state,0.0,3,0.671227,0.490063,0.936617,0.0,0.001529,0.001824,0.00204,0.538191,0.368761,0.088832,0.0,0.040223,0.0,0.976452,394,6|7|8,16,0,0.997279,1.23,25.75,0.09,0.17,0.48,3.02,4.33,NVIDIA A100-SXM4-80GB,43a14d7652fde71f,ca89a5e805b1,1,temporal,train,all,0.7,0.15,0.15,C,noise_curve_c_s14_Sepsis_Case
Sepsis_Case,lstm,marking,0.0,3,0.665299,0.489266,0.930689,0.0,0.002148,0.001368,0.002043,0.559349,0.408103,0.076142,0.0,0.041398,0.002538,0.979364,394,6|7|8,13,0,0.997279,1.39,25.05,0.09,0.17,0.48,3.02,4.33,NVIDIA A100-SXM4-80GB,43a14d7652fde71f,ca89a5e805b1,1,temporal,train,all,0.7,0.15,0.15,C,noise_curve_c_s14_Sepsis_Case
Sepsis_Case,lstm,gnn,0.0,3,0.676243,0.491823,0.93844,0.0,0.002525,0.001824,0.002541,0.584746,0.421609,0.116751,0.043453,0.04404,0.0,0.975343,394,6|7|8,12,0,0.997279,1.37,23.24,0.09,0.17,0.48,3.02,4.33,NVIDIA A100-SXM4-80GB,43a14d7652fde71f,ca89a5e805b1,1,temporal,train,all,0.7,0.15,0.15,C,noise_curve_c_s14_Sepsis_Case
Sepsis_Case,lstm,seq,0.0,3,0.674419,0.496174,0.929777,0.000456,0.002899,0.001824,0.002078,0.571866,0.392836,0.109137,0.0,0.054903,0.0,0.973736,394,6|7|8,9,0,0.997279,3.29,46.03,0.09,0.17,0.48,3.02,4.33,NVIDIA A100-SXM4-80GB,43a14d7652fde71f,ca89a5e805b1,1,temporal,train,all,0.7,0.15,0.15,C,noise_curve_c_s14_Sepsis_Case
Sepsis_Case,lstm,lll,0.0,3,0.668035,0.487246,0.941176,0.0,0.001455,0.000456,0.000704,0.5418,0.376395,0.073604,0.027305,0.043453,0.0,0.980238,394,6|7|8,16,0,0.997279,1.26,26.42,0.09,0.17,0.48,3.02,4.33,NVIDIA A100-SXM4-80GB,43a14d7652fde71f,ca89a5e805b1,1,temporal,train,all,0.7,0.15,0.15,C,noise_curve_c_s14_Sepsis_Case
Sepsis_Case,lstm,gll,0.0,3,0.669859,0.48961,0.935249,0.0,0.00119,0.001368,0.001188,0.52399,0.348796,0.101523,0.088961,0.000587,0.0,0.977314,394,6|7|8,20,0,0.997279,3.05,76.26,0.09,0.17,0.48,3.02,4.33,NVIDIA A100-SXM4-80GB,43a14d7652fde71f,ca89a5e805b1,1,temporal,train,all,0.7,0.15,0.15,C,noise_curve_c_s14_Sepsis_Case
Sepsis_Case,lstm,baseline,0.1,3,0.669403,0.483169,0.931145,0.000912,0.025157,0.001368,0.00761,0.572808,0.410159,0.07868,0.006166,0.012331,0.005076,0.98896,394,6|7|8,13,1082,0.64898,1.18,21.32,0.09,0.17,0.48,3.02,4.33,NVIDIA A100-SXM4-80GB,43a14d7652fde71f,ca89a5e805b1,1,temporal,train,all,0.7,0.15,0.15,C,noise_curve_c_s14_Sepsis_Case
Sepsis_Case,lstm,checker,0.1,3,0.660283,0.484775,0.928409,0.000456,0.018596,0.001368,0.006638,0.559979,0.389607,0.098985,0.001174,0.050793,0.007614,0.976091,394,6|7|8,16,1082,0.64898,1.13,23.77,0.09,0.17,0.48,3.02,4.33,NVIDIA A100-SXM4-80GB,43a14d7652fde71f,ca89a5e805b1,1,temporal,train,all,0.7,0.15,0.15,C,noise_curve_c_s14_Sepsis_Case
Sepsis_Case,lstm,checker_net,0.1,3,0.668035,0.488341,0.930233,0.000912,0.024266,0.001824,0.006,0.544929,0.392836,0.104061,0.047857,0.088667,0.007614,0.967078,394,6|7|8,15,1082,0.64898,1.19,23.81,0.09,0.17,0.48,3.02,4.33,NVIDIA A100-SXM4-80GB,43a14d7652fde71f,ca89a5e805b1,1,temporal,train,all,0.7,0.15,0.15,C,noise_curve_c_s14_Sepsis_Case
Sepsis_Case,lstm,checker_net_state,0.1,3,0.668035,0.482475,0.927953,0.000912,0.023645,0.001824,0.007251,0.565507,0.420435,0.093909,0.036113,0.036113,0.007614,0.978741,394,6|7|8,11,1082,0.64898,1.3,20.85,0.09,0.17,0.48,3.02,4.33,NVIDIA A100-SXM4-80GB,43a14d7652fde71f,ca89a5e805b1,1,temporal,train,all,0.7,0.15,0.15,C,noise_curve_c_s14_Sepsis_Case
Sepsis_Case,lstm,marking,0.1,3,0.658459,0.483005,0.930689,0.001368,0.030832,0.001368,0.009714,0.560837,0.385496,0.091371,0.000294,0.043159,0.005076,0.975873,394,6|7|8,13,1082,0.64898,1.41,25.39,0.09,0.17,0.48,3.02,4.33,NVIDIA A100-SXM4-80GB,43a14d7652fde71f,ca89a5e805b1,1,temporal,train,all,0.7,0.15,0.15,C,noise_curve_c_s14_Sepsis_Case
Sepsis_Case,lstm,gnn,0.1,3,0.674419,0.485376,0.934793,0.001368,0.02832,0.001824,0.009617,0.565836,0.411333,0.101523,0.044627,0.044334,0.002538,0.974739,394,6|7|8,9,1082,0.64898,1.41,19.67,0.09,0.17,0.48,3.02,4.33,NVIDIA A100-SXM4-80GB,43a14d7652fde71f,ca89a5e805b1,1,temporal,train,all,0.7,0.15,0.15,C,noise_curve_c_s14_Sepsis_Case
Sepsis_Case,lstm,seq,0.1,3,0.661651,0.472936,0.935249,0.001368,0.024819,0.000912,0.0089,0.548336,0.414856,0.071066,0.000587,0.012918,0.005076,0.987294,394,6|7|8,10,1082,0.64898,3.3,49.49,0.09,0.17,0.48,3.02,4.33,NVIDIA A100-SXM4-80GB,43a14d7652fde71f,ca89a5e805b1,1,temporal,train,all,0.7,0.15,0.15,C,noise_curve_c_s14_Sepsis_Case
Sepsis_Case,lstm,lll,0.1,3,0.667579,0.486309,0.926129,0.000912,0.019097,0.0,0.000548,0.538572,0.364651,0.091371,0.04727,0.0,0.005076,0.979114,394,6|7|8,16,1082,0.64898,1.45,30.48,0.09,0.17,0.48,3.02,4.33,NVIDIA A100-SXM4-80GB,43a14d7652fde71f,ca89a5e805b1,1,temporal,train,all,0.7,0.15,0.15,C,noise_curve_c_s14_Sepsis_Case
Sepsis_Case,lstm,gll,0.1,3,0.663475,0.48783,0.930233,0.0,0.016842,0.000456,0.004571,0.505317,0.345567,0.101523,0.098062,0.0,0.005076,0.976231,394,6|7|8,16,1082,0.64898,3.08,64.77,0.09,0.17,0.48,3.02,4.33,NVIDIA A100-SXM4-80GB,43a14d7652fde71f,ca89a5e805b1,1,temporal,train,all,0.7,0.15,0.15,C,noise_curve_c_s14_Sepsis_Case
Sepsis_Case,lstm,baseline,0.2,3,0.658003,0.466902,0.930233,0.001368,0.057275,0.001368,0.018653,0.573739,0.408397,0.07868,0.000294,0.002349,0.005076,0.991426,394,6|7|8,10,2164,0.451701,1.14,17.06,0.09,0.17,0.48,3.02,4.33,NVIDIA A100-SXM4-80GB,43a14d7652fde71f,ca89a5e805b1,1,temporal,train,all,0.7,0.15,0.15,C,noise_curve_c_s14_Sepsis_Case
Sepsis_Case,lstm,checker,0.2,3,0.651619,0.463584,0.921113,0.000912,0.040915,0.001368,0.014804,0.57306,0.440106,0.081218,0.000294,0.00411,0.005076,0.990889,394,6|7|8,10,2164,0.451701,1.16,17.36,0.09,0.17,0.48,3.02,4.33,NVIDIA A100-SXM4-80GB,43a14d7652fde71f,ca89a5e805b1,1,temporal,train,all,0.7,0.15,0.15,C,noise_curve_c_s14_Sepsis_Case
Sepsis_Case,lstm,checker_net,0.2,3,0.653899,0.465434,0.927497,0.000912,0.052889,0.001368,0.012903,0.563299,0.409571,0.076142,0.000294,0.004698,0.005076,0.991214,394,6|7|8,10,2164,0.451701,1.17,17.54,0.09,0.17,0.48,3.02,4.33,NVIDIA A100-SXM4-80GB,43a14d7652fde71f,ca89a5e805b1,1,temporal,train,all,0.7,0.15,0.15,C,noise_curve_c_s14_Sepsis_Case
Sepsis_Case,lstm,checker_net_state,0.2,3,0.658003,0.466114,0.923393,0.000912,0.048636,0.001368,0.015269,0.578181,0.427187,0.07868,0.000294,0.000294,0.005076,0.991521,394,6|7|8,10,2164,0.451701,1.19,17.78,0.09,0.17,0.48,3.02,4.33,NVIDIA A100-SXM4-80GB,43a14d7652fde71f,ca89a5e805b1,1,temporal,train,all,0.7,0.15,0.15,C,noise_curve_c_s14_Sepsis_Case
Sepsis_Case,lstm,marking,0.2,3,0.665299,0.471728,0.927497,0.001368,0.057096,0.001368,0.016934,0.581053,0.430711,0.073604,0.000294,0.002055,0.005076,0.991456,394,6|7|8,11,2164,0.451701,1.39,22.3,0.09,0.17,0.48,3.02,4.33,NVIDIA A100-SXM4-80GB,43a14d7652fde71f,ca89a5e805b1,1,temporal,train,all,0.7,0.15,0.15,C,noise_curve_c_s14_Sepsis_Case
Sepsis_Case,lstm,gnn,0.2,3,0.663019,0.478484,0.922481,0.001368,0.0566,0.001824,0.016613,0.568491,0.397827,0.07868,0.000294,0.01468,0.005076,0.986105,394,6|7|8,14,2164,0.451701,1.36,25.84,0.09,0.17,0.48,3.02,4.33,NVIDIA A100-SXM4-80GB,43a14d7652fde71f,ca89a5e805b1,1,temporal,train,all,0.7,0.15,0.15,C,noise_curve_c_s14_Sepsis_Case
Sepsis_Case,lstm,seq,0.2,3,0.649795,0.476077,0.921113,0.00228,0.054487,0.00456,0.018057,0.55263,0.388726,0.104061,0.000587,0.040517,0.005076,0.979546,394,6|7|8,17,2164,0.451701,3.29,72.47,0.09,0.17,0.48,3.02,4.33,NVIDIA A100-SXM4-80GB,43a14d7652fde71f,ca89a5e805b1,1,temporal,train,all,0.7,0.15,0.15,C,noise_curve_c_s14_Sepsis_Case
Sepsis_Case,lstm,lll,0.2,3,0.658003,0.467007,0.924761,0.000912,0.04569,0.0,0.001084,0.569444,0.439812,0.07868,0.004698,0.0,0.005076,0.989892,394,6|7|8,10,2164,0.451701,1.23,18.4,0.09,0.17,0.48,3.02,4.33,NVIDIA A100-SXM4-80GB,43a14d7652fde71f,ca89a5e805b1,1,temporal,train,all,0.7,0.15,0.15,C,noise_curve_c_s14_Sepsis_Case
Sepsis_Case,lstm,gll,0.2,3,0.659827,0.468259,0.920657,0.001368,0.039044,0.000912,0.010217,0.558538,0.416324,0.073604,0.004698,0.0,0.005076,0.989433,394,6|7|8,15,2164,0.451701,2.98,59.6,0.09,0.17,0.48,3.02,4.33,NVIDIA A100-SXM4-80GB,43a14d7652fde71f,ca89a5e805b1,1,temporal,train,all,0.7,0.15,0.15,C,noise_curve_c_s14_Sepsis_Case
Sepsis_Case,lstm,baseline,0.3,3,0.650251,0.459398,0.912449,0.001368,0.085461,0.002736,0.024567,0.560886,0.419554,0.081218,0.027011,0.027305,0.007614,0.979382,394,6|7|8,11,3245,0.32381,1.44,23.04,0.09,0.17,0.48,3.02,4.33,NVIDIA A100-SXM4-80GB,43a14d7652fde71f,ca89a5e805b1,1,temporal,train,all,0.7,0.15,0.15,C,noise_curve_c_s14_Sepsis_Case
Sepsis_Case,lstm,checker,0.3,3,0.654811,0.471324,0.917009,0.000912,0.06192,0.00228,0.017821,0.569184,0.44539,0.083756,0.019084,0.019378,0.007614,0.983945,394,6|7|8,13,3245,0.32381,1.49,26.83,0.09,0.17,0.48,3.02,4.33,NVIDIA A100-SXM4-80GB,43a14d7652fde71f,ca89a5e805b1,1,temporal,train,all,0.7,0.15,0.15,C,noise_curve_c_s14_Sepsis_Case
Sepsis_Case,lstm,checker_net,0.3,3,0.652987,0.457317,0.915641,0.000912,0.080089,0.001368,0.017137,0.568712,0.4266,0.068528,0.000294,0.0,0.005076,0.989154,394,6|7|8,11,3245,0.32381,1.56,24.92,0.09,0.17,0.48,3.02,4.33,NVIDIA A100-SXM4-80GB,43a14d7652fde71f,ca89a5e805b1,1,temporal,train,all,0.7,0.15,0.15,C,noise_curve_c_s14_Sepsis_Case
Sepsis_Case,lstm,checker_net_state,0.3,3,0.647971,0.466103,0.918377,0.001368,0.076884,0.00228,0.019503,0.56455,0.40047,0.101523,0.029654,0.029654,0.007614,0.979622,394,6|7|8,13,3245,0.32381,1.43,25.71,0.09,0.17,0.48,3.02,4.33,NVIDIA A100-SXM4-80GB,43a14d7652fde71f,ca89a5e805b1,1,temporal,train,all,0.7,0.15,0.15,C,noise_curve_c_s14_Sepsis_Case
Sepsis_Case,lstm,marking,0.3,3,0.656635,0.468919,0.914273,0.00228,0.094353,0.003192,0.021677,0.564056,0.429536,0.086294,0.029066,0.035819,0.007614,0.977724,394,6|7|8,10,3245,0.32381,1.42,21.3,0.09,0.17,0.48,3.02,4.33,NVIDIA A100-SXM4-80GB,43a14d7652fde71f,ca89a5e805b1,1,temporal,train,all,0.7,0.15,0.15,C,noise_curve_c_s14_Sepsis_Case
Sepsis_Case,lstm,gnn,0.3,3,0.656179,0.482158,0.912905,0.002736,0.088097,0.005928,0.022238,0.555603,0.37845,0.106599,0.004404,0.059014,0.005076,0.969471,394,6|7|8,14,3245,0.32381,1.4,26.56,0.09,0.17,0.48,3.02,4.33,NVIDIA A100-SXM4-80GB,43a14d7652fde71f,ca89a5e805b1,1,temporal,train,all,0.7,0.15,0.15,C,noise_curve_c_s14_Sepsis_Case
Sepsis_Case,lstm,seq,0.3,3,0.657547,0.459289,0.919745,0.00228,0.088079,0.005016,0.026093,0.568696,0.434234,0.071066,0.000881,0.002055,0.005076,0.989394,394,6|7|8,7,3245,0.32381,3.29,39.47,0.09,0.17,0.48,3.02,4.33,NVIDIA A100-SXM4-80GB,43a14d7652fde71f,ca89a5e805b1,1,temporal,train,all,0.7,0.15,0.15,C,noise_curve_c_s14_Sepsis_Case
Sepsis_Case,lstm,lll,0.3,3,0.646147,0.443642,0.912449,0.000456,0.073774,0.0,0.001005,0.548627,0.392249,0.060914,0.006166,0.0,0.005076,0.988894,394,6|7|8,13,3245,0.32381,1.21,21.75,0.09,0.17,0.48,3.02,4.33,NVIDIA A100-SXM4-80GB,43a14d7652fde71f,ca89a5e805b1,1,temporal,train,all,0.7,0.15,0.15,C,noise_curve_c_s14_Sepsis_Case
Sepsis_Case,lstm,gll,0.3,3,0.664387,0.466678,0.915185,0.000912,0.076083,0.000912,0.016155,0.581673,0.424545,0.073604,0.000294,0.0,0.005076,0.990921,394,6|7|8,13,3245,0.32381,2.98,53.61,0.09,0.17,0.48,3.02,4.33,NVIDIA A100-SXM4-80GB,43a14d7652fde71f,ca89a5e805b1,1,temporal,train,all,0.7,0.15,0.15,C,noise_curve_c_s14_Sepsis_Case
Sepsis_Case,lstm,baseline,0.4,3,0.632011,0.445854,0.885545,0.001368,0.113052,0.001368,0.028911,0.537493,0.374927,0.060914,0.000294,0.021139,0.005076,0.979607,394,6|7|8,9,4327,0.22449,1.17,16.43,0.09,0.17,0.48,3.02,4.33,NVIDIA A100-SXM4-80GB,43a14d7652fde71f,ca89a5e805b1,1,temporal,train,all,0.7,0.15,0.15,C,noise_curve_c_s14_Sepsis_Case
Sepsis_Case,lstm,checker,0.4,3,0.635659,0.444155,0.892841,0.000912,0.080903,0.000912,0.022122,0.549485,0.386377,0.068528,0.000294,0.0,0.005076,0.986302,394,6|7|8,9,4327,0.22449,1.12,15.75,0.09,0.17,0.48,3.02,4.33,NVIDIA A100-SXM4-80GB,43a14d7652fde71f,ca89a5e805b1,1,temporal,train,all,0.7,0.15,0.15,C,noise_curve_c_s14_Sepsis_Case
Sepsis_Case,lstm,checker_net,0.4,3,0.642043,0.449292,0.892385,0.000912,0.107926,0.000912,0.020442,0.559348,0.419847,0.063452,0.000294,0.0,0.005076,0.98853,394,6|7|8,9,4327,0.22449,1.5,20.99,0.09,0.17,0.48,3.02,4.33,NVIDIA A100-SXM4-80GB,43a14d7652fde71f,ca89a5e805b1,1,temporal,train,all,0.7,0.15,0.15,C,noise_curve_c_s14_Sepsis_Case
Sepsis_Case,lstm,checker_net_state,0.4,3,0.648427,0.453249,0.894665,0.001368,0.097795,0.001368,0.023976,0.56838,0.416031,0.068528,0.000587,0.000294,0.005076,0.988886,394,6|7|8,9,4327,0.22449,1.76,24.66,0.09,0.17,0.48,3.02,4.33,NVIDIA A100-SXM4-80GB,43a14d7652fde71f,ca89a5e805b1,1,temporal,train,all,0.7,0.15,0.15,C,noise_curve_c_s14_Sepsis_Case
Sepsis_Case,lstm,marking,0.4,3,0.651163,0.457213,0.893753,0.001824,0.116373,0.002736,0.032007,0.57017,0.411039,0.073604,0.000881,0.001174,0.005076,0.989792,394,6|7|8,9,4327,0.22449,1.5,21.01,0.09,0.17,0.48,3.02,4.33,NVIDIA A100-SXM4-80GB,43a14d7652fde71f,ca89a5e805b1,1,temporal,train,all,0.7,0.15,0.15,C,noise_curve_c_s14_Sepsis_Case
Sepsis_Case,lstm,gnn,0.4,3,0.638851,0.463078,0.893297,0.001824,0.116824,0.002736,0.029866,0.547132,0.384028,0.088832,0.000294,0.042572,0.005076,0.976892,394,6|7|8,11,4327,0.22449,1.9,30.48,0.09,0.17,0.48,3.02,4.33,NVIDIA A100-SXM4-80GB,43a14d7652fde71f,ca89a5e805b1,1,temporal,train,all,0.7,0.15,0.15,C,noise_curve_c_s14_Sepsis_Case
Sepsis_Case,lstm,seq,0.4,3,0.632467,0.455649,0.883721,0.005472,0.115919,0.005472,0.031119,0.527015,0.390781,0.068528,0.069289,0.09219,0.005076,0.966437,394,6|7|8,12,4327,0.22449,3.41,57.97,0.09,0.17,0.48,3.02,4.33,NVIDIA A100-SXM4-80GB,43a14d7652fde71f,ca89a5e805b1,1,temporal,train,all,0.7,0.15,0.15,C,noise_curve_c_s14_Sepsis_Case
Sepsis_Case,lstm,lll,0.4,3,0.635659,0.439382,0.891929,0.000456,0.091608,0.0,0.001332,0.55167,0.414269,0.060914,0.000294,0.0,0.005076,0.987369,394,6|7|8,9,4327,0.22449,1.79,25.12,0.09,0.17,0.48,3.02,4.33,NVIDIA A100-SXM4-80GB,43a14d7652fde71f,ca89a5e805b1,1,temporal,train,all,0.7,0.15,0.15,C,noise_curve_c_s14_Sepsis_Case
Sepsis_Case,lstm,gll,0.4,3,0.656179,0.458285,0.892841,0.001368,0.101139,0.000456,0.024479,0.570076,0.421609,0.071066,0.000294,0.0,0.005076,0.990802,394,6|7|8,11,4327,0.22449,3.14,50.27,0.09,0.17,0.48,3.02,4.33,NVIDIA A100-SXM4-80GB,43a14d7652fde71f,ca89a5e805b1,1,temporal,train,all,0.7,0.15,0.15,C,noise_curve_c_s14_Sepsis_Case
Sepsis_Case,lstm,baseline,0.5,3,0.620155,0.433606,0.880529,0.004104,0.150632,0.00456,0.042536,0.529191,0.394304,0.058376,0.002055,0.006753,0.005076,0.982104,394,6|7|8,8,5409,0.138776,1.37,17.84,0.09,0.17,0.48,3.02,4.33,NVIDIA A100-SXM4-80GB,43a14d7652fde71f,ca89a5e805b1,1,temporal,train,all,0.7,0.15,0.15,C,noise_curve_c_s14_Sepsis_Case
Sepsis_Case,lstm,checker,0.5,3,0.604195,0.437177,0.879617,0.001824,0.10427,0.001368,0.031816,0.507742,0.38256,0.076142,0.037581,0.07017,0.005076,0.970439,394,6|7|8,11,5409,0.138776,1.23,19.75,0.09,0.17,0.48,3.02,4.33,NVIDIA A100-SXM4-80GB,43a14d7652fde71f,ca89a5e805b1,1,temporal,train,all,0.7,0.15,0.15,C,noise_curve_c_s14_Sepsis_Case
Sepsis_Case,lstm,checker_net,0.5,3,0.621523,0.426042,0.879161,0.00228,0.143604,0.00228,0.031772,0.530738,0.385496,0.060914,0.001468,0.001174,0.005076,0.985895,394,6|7|8,8,5409,0.138776,1.39,18.06,0.09,0.17,0.48,3.02,4.33,NVIDIA A100-SXM4-80GB,43a14d7652fde71f,ca89a5e805b1,1,temporal,train,all,0.7,0.15,0.15,C,noise_curve_c_s14_Sepsis_Case
Sepsis_Case,lstm,checker_net_state,0.5,3,0.612403,0.437288,0.877337,0.004104,0.133262,0.005016,0.037731,0.520213,0.374633,0.068528,0.012038,0.048444,0.007614,0.971385,394,6|7|8,8,5409,0.138776,1.37,17.76,0.09,0.17,0.48,3.02,4.33,NVIDIA A100-SXM4-80GB,43a14d7652fde71f,ca89a5e805b1,1,temporal,train,all,0.7,0.15,0.15,C,noise_curve_c_s14_Sepsis_Case
Sepsis_Case,lstm,marking,0.5,3,0.597355,0.439266,0.872777,0.007752,0.156838,0.006384,0.042546,0.511122,0.341163,0.098985,0.05872,0.120376,0.007614,0.950777,394,6|7|8,9,5409,0.138776,1.4,19.57,0.09,0.17,0.48,3.02,4.33,NVIDIA A100-SXM4-80GB,43a14d7652fde71f,ca89a5e805b1,1,temporal,train,all,0.7,0.15,0.15,C,noise_curve_c_s14_Sepsis_Case
Sepsis_Case,lstm,gnn,0.5,3,0.616051,0.438721,0.880529,0.004104,0.150177,0.00456,0.040677,0.534983,0.38579,0.081218,0.018497,0.045802,0.005076,0.975932,394,6|7|8,11,5409,0.138776,1.37,21.86,0.09,0.17,0.48,3.02,4.33,NVIDIA A100-SXM4-80GB,43a14d7652fde71f,ca89a5e805b1,1,temporal,train,all,0.7,0.15,0.15,C,noise_curve_c_s14_Sepsis_Case
Sepsis_Case,lstm,seq,0.5,3,0.589603,0.411991,0.874601,0.005472,0.150148,0.005016,0.040249,0.492931,0.355549,0.063452,0.104521,0.126541,0.007614,0.959308,394,6|7|8,10,5409,0.138776,3.41,51.14,0.09,0.17,0.48,3.02,4.33,NVIDIA A100-SXM4-80GB,43a14d7652fde71f,ca89a5e805b1,1,temporal,train,all,0.7,0.15,0.15,C,noise_curve_c_s14_Sepsis_Case
Sepsis_Case,lstm,lll,0.5,3,0.606019,0.418155,0.866393,0.000912,0.124678,0.0,0.001235,0.507856,0.3532,0.063452,0.023194,0.0,0.005076,0.97959,394,6|7|8,11,5409,0.138776,1.58,25.29,0.09,0.17,0.48,3.02,4.33,NVIDIA A100-SXM4-80GB,43a14d7652fde71f,ca89a5e805b1,1,temporal,train,all,0.7,0.15,0.15,C,noise_curve_c_s14_Sepsis_Case
Sepsis_Case,lstm,gll,0.5,3,0.621979,0.421844,0.882809,0.00228,0.134909,0.001368,0.028255,0.545253,0.39724,0.060914,0.000587,0.000294,0.005076,0.988964,394,6|7|8,11,5409,0.138776,2.97,47.56,0.09,0.17,0.48,3.02,4.33,NVIDIA A100-SXM4-80GB,43a14d7652fde71f,ca89a5e805b1,1,temporal,train,all,0.7,0.15,0.15,C,noise_curve_c_s14_Sepsis_Case
Sepsis_Case,lstm,baseline,0.6,3,0.591883,0.380851,0.864569,0.00456,0.180846,0.007296,0.0459,0.54219,0.397827,0.060914,0.002936,0.004404,0.007614,0.981855,394,6|7|8,7,6491,0.104762,1.42,17.03,0.09,0.17,0.48,3.02,4.33,NVIDIA A100-SXM4-80GB,43a14d7652fde71f,ca89a5e805b1,1,temporal,train,all,0.7,0.15,0.15,C,noise_curve_c_s14_Sepsis_Case
Sepsis_Case,lstm,checker,0.6,3,0.601459,0.403626,0.864113,0.00228,0.134233,0.005928,0.036916,0.547162,0.406635,0.060914,0.000881,0.002936,0.007614,0.983148,394,6|7|8,7,6491,0.104762,1.47,17.7,0.09,0.17,0.48,3.02,4.33,NVIDIA A100-SXM4-80GB,43a14d7652fde71f,ca89a5e805b1,1,temporal,train,all,0.7,0.15,0.15,C,noise_curve_c_s14_Sepsis_Case
Sepsis_Case,lstm,checker_net,0.6,3,0.596443,0.382776,0.865025,0.00228,0.174164,0.00456,0.033085,0.542314,0.390781,0.060914,0.000881,0.002055,0.007614,0.982333,394,6|7|8,7,6491,0.104762,1.79,21.42,0.09,0.17,0.48,3.02,4.33,NVIDIA A100-SXM4-80GB,43a14d7652fde71f,ca89a5e805b1,1,temporal,train,all,0.7,0.15,0.15,C,noise_curve_c_s14_Sepsis_Case
Sepsis_Case,lstm,checker_net_state,0.6,3,0.578203,0.416966,0.834017,0.010488,0.158233,0.013224,0.038827,0.483937,0.351439,0.055838,0.053729,0.071932,0.007614,0.957105,394,6|7|8,11,6491,0.104762,1.37,21.89,0.09,0.17,0.48,3.02,4.33,NVIDIA A100-SXM4-80GB,43a14d7652fde71f,ca89a5e805b1,1,temporal,train,all,0.7,0.15,0.15,C,noise_curve_c_s14_Sepsis_Case
Sepsis_Case,lstm,marking,0.6,3,0.559964,0.422725,0.822617,0.005016,0.17795,0.00912,0.047443,0.486694,0.357898,0.058376,0.056665,0.050499,0.007614,0.961185,394,6|7|8,9,6491,0.104762,1.42,19.93,0.09,0.17,0.48,3.02,4.33,NVIDIA A100-SXM4-80GB,43a14d7652fde71f,ca89a5e805b1,1,temporal,train,all,0.7,0.15,0.15,C,noise_curve_c_s14_Sepsis_Case
Sepsis_Case,lstm,gnn,0.6,3,0.605107,0.424061,0.875513,0.012312,0.179175,0.016416,0.048026,0.540209,0.398415,0.063452,0.023488,0.035819,0.01269,0.975094,394,6|7|8,7,6491,0.104762,1.41,16.88,0.09,0.17,0.48,3.02,4.33,NVIDIA A100-SXM4-80GB,43a14d7652fde71f,ca89a5e805b1,1,temporal,train,all,0.7,0.15,0.15,C,noise_curve_c_s14_Sepsis_Case
Sepsis_Case,lstm,seq,0.6,3,0.574555,0.417923,0.840857,0.010032,0.16728,0.012768,0.04558,0.501922,0.374633,0.06599,0.042572,0.044627,0.01269,0.96825,394,6|7|8,10,6491,0.104762,3.3,49.53,0.09,0.17,0.48,3.02,4.33,NVIDIA A100-SXM4-80GB,43a14d7652fde71f,ca89a5e805b1,1,temporal,train,all,0.7,0.15,0.15,C,noise_curve_c_s14_Sepsis_Case
Sepsis_Case,lstm,lll,0.6,3,0.585043,0.395912,0.846785,0.006384,0.157676,0.0,0.000716,0.462689,0.361421,0.040609,0.02613,0.0,0.002538,0.975112,394,6|7|8,14,6491,0.104762,1.24,23.59,0.09,0.17,0.48,3.02,4.33,NVIDIA A100-SXM4-80GB,43a14d7652fde71f,ca89a5e805b1,1,temporal,train,all,0.7,0.15,0.15,C,noise_curve_c_s14_Sepsis_Case
Sepsis_Case,lstm,gll,0.6,3,0.602371,0.428603,0.858641,0.001824,0.158314,0.003192,0.030379,0.543257,0.413682,0.063452,0.002349,0.002055,0.005076,0.984407,394,6|7|8,16,6491,0.104762,3.0,63.06,0.09,0.17,0.48,3.02,4.33,NVIDIA A100-SXM4-80GB,43a14d7652fde71f,ca89a5e805b1,1,temporal,train,all,0.7,0.15,0.15,C,noise_curve_c_s14_Sepsis_Case
Sepsis_Case,lstm,baseline,0.7,3,0.524852,0.281195,0.802098,0.002736,0.199628,0.008664,0.058415,0.456218,0.349971,0.010152,0.001174,0.004404,0.005076,0.98187,394,6|7|8,4,7573,0.084354,1.47,13.25,0.09,0.17,0.48,3.02,4.33,NVIDIA A100-SXM4-80GB,43a14d7652fde71f,ca89a5e805b1,1,temporal,train,all,0.7,0.15,0.15,C,noise_curve_c_s14_Sepsis_Case
Sepsis_Case,lstm,checker,0.7,3,0.51938,0.266833,0.807114,0.001368,0.158124,0.00684,0.052345,0.440538,0.344979,0.007614,0.000294,0.003523,0.002538,0.984446,394,6|7|8,4,7573,0.084354,1.26,11.38,0.09,0.17,0.48,3.02,4.33,NVIDIA A100-SXM4-80GB,43a14d7652fde71f,ca89a5e805b1,1,temporal,train,all,0.7,0.15,0.15,C,noise_curve_c_s14_Sepsis_Case
Sepsis_Case,lstm,checker_net,0.7,3,0.51938,0.274576,0.796626,0.001368,0.191753,0.005016,0.045608,0.457499,0.336465,0.007614,0.000294,0.002349,0.005076,0.984706,394,6|7|8,4,7573,0.084354,1.13,10.17,0.09,0.17,0.48,3.02,4.33,NVIDIA A100-SXM4-80GB,43a14d7652fde71f,ca89a5e805b1,1,temporal,train,all,0.7,0.15,0.15,C,noise_curve_c_s14_Sepsis_Case
Sepsis_Case,lstm,checker_net_state,0.7,3,0.52622,0.286549,0.805746,0.00228,0.182966,0.008208,0.052271,0.448182,0.346741,0.010152,0.000881,0.004404,0.005076,0.982046,394,6|7|8,4,7573,0.084354,1.26,11.36,0.09,0.17,0.48,3.02,4.33,NVIDIA A100-SXM4-80GB,43a14d7652fde71f,ca89a5e805b1,1,temporal,train,all,0.7,0.15,0.15,C,noise_curve_c_s14_Sepsis_Case
Sepsis_Case,lstm,marking,0.7,3,0.467396,0.314191,0.73917,0.01368,0.206667,0.012312,0.053032,0.338803,0.233999,0.025381,0.138579,0.093071,0.073604,0.950899,394,6|7|8,12,7573,0.084354,1.42,24.22,0.09,0.17,0.48,3.02,4.33,NVIDIA A100-SXM4-80GB,43a14d7652fde71f,ca89a5e805b1,1,temporal,train,all,0.7,0.15,0.15,C,noise_curve_c_s14_Sepsis_Case
Sepsis_Case,lstm,gnn,0.7,3,0.531692,0.306348,0.819425,0.00456,0.203417,0.010032,0.056751,0.471059,0.383441,0.035533,0.002349,0.005578,0.007614,0.980706,394,6|7|8,5,7573,0.084354,1.72,17.23,0.09,0.17,0.48,3.02,4.33,NVIDIA A100-SXM4-80GB,43a14d7652fde71f,ca89a5e805b1,1,temporal,train,all,0.7,0.15,0.15,C,noise_curve_c_s14_Sepsis_Case
Sepsis_Case,lstm,seq,0.7,3,0.532604,0.306887,0.817601,0.00228,0.208683,0.006384,0.055536,0.456695,0.344099,0.022843,0.000881,0.00323,0.002538,0.984722,394,6|7|8,6,7573,0.084354,3.28,36.09,0.09,0.17,0.48,3.02,4.33,NVIDIA A100-SXM4-80GB,43a14d7652fde71f,ca89a5e805b1,1,temporal,train,all,0.7,0.15,0.15,C,noise_curve_c_s14_Sepsis_Case
Sepsis_Case,lstm,lll,0.7,3,0.522116,0.338765,0.767898,0.014592,0.178303,0.0,0.001204,0.436523,0.339695,0.025381,0.005285,0.0,0.022843,0.978473,394,6|7|8,14,7573,0.084354,1.18,22.48,0.09,0.17,0.48,3.02,4.33,NVIDIA A100-SXM4-80GB,43a14d7652fde71f,ca89a5e805b1,1,temporal,train,all,0.7,0.15,0.15,C,noise_curve_c_s14_Sepsis_Case
Sepsis_Case,lstm,gll,0.7,3,0.527132,0.263726,0.761058,0.004104,0.179335,0.000456,0.048613,0.422577,0.348796,0.007614,0.0,0.0,0.0,0.986559,394,6|7|8,4,7573,0.084354,2.98,26.79,0.09,0.17,0.48,3.02,4.33,NVIDIA A100-SXM4-80GB,43a14d7652fde71f,ca89a5e805b1,1,temporal,train,all,0.7,0.15,0.15,C,noise_curve_c_s14_Sepsis_Case
Sepsis_Case,lstm,baseline,0.8,3,0.376197,0.243117,0.673051,0.012768,0.228961,0.016416,0.060968,0.363998,0.288315,0.015228,0.13212,0.141515,0.032995,0.948939,394,6|7|8,8,8654,0.061224,1.4,18.16,0.09,0.17,0.48,3.02,4.33,NVIDIA A100-SXM4-80GB,43a14d7652fde71f,ca89a5e805b1,1,temporal,train,all,0.7,0.15,0.15,C,noise_curve_c_s14_Sepsis_Case
Sepsis_Case,lstm,checker,0.8,3,0.405837,0.268896,0.674875,0.001368,0.173427,0.005016,0.050983,0.374027,0.280681,0.015228,0.004991,0.009102,0.139594,0.950554,394,6|7|8,8,8654,0.061224,1.45,18.84,0.09,0.17,0.48,3.02,4.33,NVIDIA A100-SXM4-80GB,43a14d7652fde71f,ca89a5e805b1,1,temporal,train,all,0.7,0.15,0.15,C,noise_curve_c_s14_Sepsis_Case
Sepsis_Case,lstm,checker_net,0.8,3,0.383493,0.262355,0.649339,0.008664,0.22023,0.00456,0.041529,0.356251,0.258955,0.022843,0.055197,0.07751,0.048223,0.948686,394,6|7|8,8,8654,0.061224,1.44,18.77,0.09,0.17,0.48,3.02,4.33,NVIDIA A100-SXM4-80GB,43a14d7652fde71f,ca89a5e805b1,1,temporal,train,all,0.7,0.15,0.15,C,noise_curve_c_s14_Sepsis_Case
Sepsis_Case,lstm,checker_net_state,0.8,3,0.400821,0.26087,0.694482,0.0114,0.211888,0.010944,0.052827,0.368569,0.29448,0.01269,0.109219,0.109806,0.007614,0.953343,394,6|7|8,8,8654,0.061224,1.41,18.3,0.09,0.17,0.48,3.02,4.33,NVIDIA A100-SXM4-80GB,43a14d7652fde71f,ca89a5e805b1,1,temporal,train,all,0.7,0.15,0.15,C,noise_curve_c_s14_Sepsis_Case
Sepsis_Case,lstm,marking,0.8,3,0.411309,0.263214,0.637027,0.017328,0.238133,0.02052,0.062206,0.392431,0.326189,0.035533,0.07017,0.064298,0.025381,0.958309,394,6|7|8,8,8654,0.061224,1.39,18.05,0.09,0.17,0.48,3.02,4.33,NVIDIA A100-SXM4-80GB,43a14d7652fde71f,ca89a5e805b1,1,temporal,train,all,0.7,0.15,0.15,C,noise_curve_c_s14_Sepsis_Case
Sepsis_Case,lstm,gnn,0.8,3,0.413589,0.253148,0.682171,0.037392,0.236408,0.043776,0.065376,0.309043,0.22108,0.015228,0.234586,0.29448,0.375635,0.907663,394,6|7|8,8,8654,0.061224,1.38,17.89,0.09,0.17,0.48,3.02,4.33,NVIDIA A100-SXM4-80GB,43a14d7652fde71f,ca89a5e805b1,1,temporal,train,all,0.7,0.15,0.15,C,noise_curve_c_s14_Sepsis_Case
Sepsis_Case,lstm,seq,0.8,3,0.409485,0.269271,0.71865,0.046512,0.228578,0.057456,0.066789,0.349792,0.269818,0.030457,0.219319,0.228127,0.215736,0.922375,394,6|7|8,7,8654,0.061224,3.29,39.48,0.09,0.17,0.48,3.02,4.33,NVIDIA A100-SXM4-80GB,43a14d7652fde71f,ca89a5e805b1,1,temporal,train,all,0.7,0.15,0.15,C,noise_curve_c_s14_Sepsis_Case
Sepsis_Case,lstm,lll,0.8,3,0.45782,0.22003,0.694938,0.00684,0.215827,0.0,0.001842,0.335389,0.290957,0.002538,0.000587,0.0,0.0,0.986276,394,6|7|8,8,8654,0.061224,1.22,15.83,0.09,0.17,0.48,3.02,4.33,NVIDIA A100-SXM4-80GB,43a14d7652fde71f,ca89a5e805b1,1,temporal,train,all,0.7,0.15,0.15,C,noise_curve_c_s14_Sepsis_Case
Sepsis_Case,lstm,gll,0.8,3,0.383493,0.252924,0.670315,0.006384,0.210691,0.003192,0.040382,0.330948,0.241045,0.017766,0.065473,0.01145,0.307107,0.958283,394,6|7|8,13,8654,0.061224,2.97,53.38,0.09,0.17,0.48,3.02,4.33,NVIDIA A100-SXM4-80GB,43a14d7652fde71f,ca89a5e805b1,1,temporal,train,all,0.7,0.15,0.15,C,noise_curve_c_s14_Sepsis_Case
Sepsis_Case,lstm,baseline,0.0,4,0.678979,0.495998,0.937073,0.0,0.002141,0.001824,0.00239,0.563994,0.387845,0.093909,0.0,0.040517,0.0,0.974912,394,6|7|8,11,0,0.997279,1.13,18.12,0.09,0.17,0.48,3.02,4.33,NVIDIA A100-SXM4-80GB,43a14d7652fde71f,ca89a5e805b1,1,temporal,train,all,0.7,0.15,0.15,C,noise_curve_c_s14_Sepsis_Case
Sepsis_Case,lstm,checker,0.0,4,0.668947,0.491214,0.932513,0.0,0.001632,0.001824,0.002283,0.561506,0.391662,0.086294,0.0,0.032883,0.0,0.97825,394,6|7|8,11,0,0.997279,1.22,19.54,0.09,0.17,0.48,3.02,4.33,NVIDIA A100-SXM4-80GB,43a14d7652fde71f,ca89a5e805b1,1,temporal,train,all,0.7,0.15,0.15,C,noise_curve_c_s14_Sepsis_Case
Sepsis_Case,lstm,checker_net,0.0,4,0.671683,0.487579,0.941176,0.0,0.001696,0.001824,0.001905,0.539323,0.349383,0.086294,0.0,0.041691,0.0,0.976411,394,6|7|8,15,0,0.997279,1.17,23.38,0.09,0.17,0.48,3.02,4.33,NVIDIA A100-SXM4-80GB,43a14d7652fde71f,ca89a5e805b1,1,temporal,train,all,0.7,0.15,0.15,C,noise_curve_c_s14_Sepsis_Case
Sepsis_Case,lstm,checker_net_state,0.0,4,0.677155,0.495287,0.932969,0.0,0.001807,0.001824,0.002091,0.563238,0.377863,0.081218,0.022314,0.044334,0.0,0.974386,394,6|7|8,11,0,0.997279,1.15,18.36,0.09,0.17,0.48,3.02,4.33,NVIDIA A100-SXM4-80GB,43a14d7652fde71f,ca89a5e805b1,1,temporal,train,all,0.7,0.15,0.15,C,noise_curve_c_s14_Sepsis_Case
Sepsis_Case,lstm,marking,0.0,4,0.665299,0.484938,0.934337,0.0,0.002769,0.001824,0.002386,0.558519,0.380799,0.096447,0.0,0.045802,0.0,0.970193,394,6|7|8,9,0,0.997279,1.37,19.25,0.09,0.17,0.48,3.02,4.33,NVIDIA A100-SXM4-80GB,43a14d7652fde71f,ca89a5e805b1,1,temporal,train,all,0.7,0.15,0.15,C,noise_curve_c_s14_Sepsis_Case
Sepsis_Case,lstm,gnn,0.0,4,0.665299,0.487449,0.932513,0.0,0.002078,0.001824,0.002337,0.556029,0.390781,0.086294,0.002349,0.045214,0.0,0.976414,394,6|7|8,14,0,0.997279,1.76,33.46,0.09,0.17,0.48,3.02,4.33,NVIDIA A100-SXM4-80GB,43a14d7652fde71f,ca89a5e805b1,1,temporal,train,all,0.7,0.15,0.15,C,noise_curve_c_s14_Sepsis_Case
Sepsis_Case,lstm,seq,0.0,4,0.675787,0.492652,0.929777,0.0,0.00205,0.001824,0.002467,0.548611,0.365531,0.083756,0.0,0.039049,0.0,0.97633,394,6|7|8,14,0,0.997279,3.33,63.2,0.09,0.17,0.48,3.02,4.33,NVIDIA A100-SXM4-80GB,43a14d7652fde71f,ca89a5e805b1,1,temporal,train,all,0.7,0.15,0.15,C,noise_curve_c_s14_Sepsis_Case
Sepsis_Case,lstm,lll,0.0,4,0.677155,0.483156,0.93844,0.0,0.0015,0.000456,0.000762,0.545946,0.385496,0.083756,0.029066,0.021433,0.0,0.982589,394,6|7|8,13,0,0.997279,1.19,21.48,0.09,0.17,0.48,3.02,4.33,NVIDIA A100-SXM4-80GB,43a14d7652fde71f,ca89a5e805b1,1,temporal,train,all,0.7,0.15,0.15,C,noise_curve_c_s14_Sepsis_Case
Sepsis_Case,lstm,gll,0.0,4,0.669859,0.49241,0.929321,0.0,0.000906,0.001368,0.001317,0.53578,0.349677,0.114213,0.049031,0.000587,0.0,0.973957,394,6|7|8,19,0,0.997279,2.98,71.41,0.09,0.17,0.48,3.02,4.33,NVIDIA A100-SXM4-80GB,43a14d7652fde71f,ca89a5e805b1,1,temporal,train,all,0.7,0.15,0.15,C,noise_curve_c_s14_Sepsis_Case
Sepsis_Case,lstm,baseline,0.1,4,0.664387,0.475628,0.920201,0.001824,0.030774,0.003192,0.011027,0.561134,0.409278,0.071066,0.024075,0.025543,0.005076,0.984997,394,6|7|8,11,1082,0.661224,1.26,20.18,0.09,0.17,0.48,3.02,4.33,NVIDIA A100-SXM4-80GB,43a14d7652fde71f,ca89a5e805b1,1,temporal,train,all,0.7,0.15,0.15,C,noise_curve_c_s14_Sepsis_Case
Sepsis_Case,lstm,checker,0.1,4,0.662107,0.473792,0.923393,0.000912,0.021031,0.00228,0.008262,0.563971,0.416324,0.071066,0.000294,0.010863,0.002538,0.989844,394,6|7|8,11,1082,0.661224,1.16,18.62,0.09,0.17,0.48,3.02,4.33,NVIDIA A100-SXM4-80GB,43a14d7652fde71f,ca89a5e805b1,1,temporal,train,all,0.7,0.15,0.15,C,noise_curve_c_s14_Sepsis_Case
Sepsis_Case,lstm,checker_net,0.1,4,0.664843,0.466398,0.923393,0.001824,0.028014,0.00228,0.007793,0.560693,0.406048,0.071066,0.000294,0.000294,0.005076,0.992193,394,6|7|8,11,1082,0.661224,1.13,18.07,0.09,0.17,0.48,3.02,4.33,NVIDIA A100-SXM4-80GB,43a14d7652fde71f,ca89a5e805b1,1,temporal,train,all,0.7,0.15,0.15,C,noise_curve_c_s14_Sepsis_Case
Sepsis_Case,lstm,checker_net_state,0.1,4,0.665755,0.481901,0.923393,0.001368,0.024912,0.001824,0.008601,0.56765,0.397534,0.081218,0.022314,0.024662,0.005076,0.98483,394,6|7|8,11,1082,0.661224,1.23,19.7,0.09,0.17,0.48,3.02,4.33,NVIDIA A100-SXM4-80GB,43a14d7652fde71f,ca89a5e805b1,1,temporal,train,all,0.7,0.15,0.15,C,noise_curve_c_s14_Sepsis_Case
Sepsis_Case,lstm,marking,0.1,4,0.667579,0.471477,0.928409,0.001368,0.029506,0.00228,0.01202,0.564406,0.411333,0.073604,0.000294,0.002349,0.002538,0.992461,394,6|7|8,7,1082,0.661224,1.43,17.12,0.09,0.17,0.48,3.02,4.33,NVIDIA A100-SXM4-80GB,43a14d7652fde71f,ca89a5e805b1,1,temporal,train,all,0.7,0.15,0.15,C,noise_curve_c_s14_Sepsis_Case
Sepsis_Case,lstm,gnn,0.1,4,0.661651,0.470832,0.930233,0.001368,0.026688,0.00456,0.010581,0.569715,0.410452,0.071066,0.000294,0.004404,0.002538,0.991933,394,6|7|8,10,1082,0.661224,1.58,23.73,0.09,0.17,0.48,3.02,4.33,NVIDIA A100-SXM4-80GB,43a14d7652fde71f,ca89a5e805b1,1,temporal,train,all,0.7,0.15,0.15,C,noise_curve_c_s14_Sepsis_Case
Sepsis_Case,lstm,seq,0.1,4,0.663475,0.467003,0.923393,0.001368,0.030361,0.001824,0.009394,0.565003,0.423958,0.071066,0.000294,0.000587,0.005076,0.992227,394,6|7|8,11,1082,0.661224,3.36,53.71,0.09,0.17,0.48,3.02,4.33,NVIDIA A100-SXM4-80GB,43a14d7652fde71f,ca89a5e805b1,1,temporal,train,all,0.7,0.15,0.15,C,noise_curve_c_s14_Sepsis_Case
Sepsis_Case,lstm,lll,0.1,4,0.669403,0.474183,0.927953,0.000912,0.022614,0.0,0.000664,0.56929,0.410159,0.073604,0.001762,0.0,0.005076,0.992322,394,6|7|8,15,1082,0.661224,1.2,23.94,0.09,0.17,0.48,3.02,4.33,NVIDIA A100-SXM4-80GB,43a14d7652fde71f,ca89a5e805b1,1,temporal,train,all,0.7,0.15,0.15,C,noise_curve_c_s14_Sepsis_Case
Sepsis_Case,lstm,gll,0.1,4,0.657547,0.485653,0.930689,0.000912,0.017042,0.000912,0.005762,0.540213,0.354962,0.093909,0.036406,0.0,0.005076,0.977587,394,6|7|8,20,1082,0.661224,2.98,74.38,0.09,0.17,0.48,3.02,4.33,NVIDIA A100-SXM4-80GB,43a14d7652fde71f,ca89a5e805b1,1,temporal,train,all,0.7,0.15,0.15,C,noise_curve_c_s14_Sepsis_Case
Sepsis_Case,lstm,baseline,0.2,4,0.664387,0.477784,0.931601,0.001368,0.057864,0.00228,0.01642,0.571113,0.401057,0.098985,0.000294,0.042866,0.005076,0.975561,394,6|7|8,11,2164,0.443537,1.39,22.18,0.09,0.17,0.48,3.02,4.33,NVIDIA A100-SXM4-80GB,43a14d7652fde71f,ca89a5e805b1,1,temporal,train,all,0.7,0.15,0.15,C,noise_curve_c_s14_Sepsis_Case
Sepsis_Case,lstm,checker,0.2,4,0.667123,0.485778,0.922481,0.000456,0.036614,0.003192,0.012845,0.58307,0.401057,0.109137,0.0,0.046976,0.002538,0.975475,394,6|7|8,17,2164,0.443537,1.45,31.86,0.09,0.17,0.48,3.02,4.33,NVIDIA A100-SXM4-80GB,43a14d7652fde71f,ca89a5e805b1,1,temporal,train,all,0.7,0.15,0.15,C,noise_curve_c_s14_Sepsis_Case
Sepsis_Case,lstm,checker_net,0.2,4,0.660739,0.477816,0.929777,0.000912,0.054974,0.001368,0.011489,0.556864,0.403406,0.096447,0.000294,0.038168,0.005076,0.977214,394,6|7|8,11,2164,0.443537,1.44,22.96,0.09,0.17,0.48,3.02,4.33,NVIDIA A100-SXM4-80GB,43a14d7652fde71f,ca89a5e805b1,1,temporal,train,all,0.7,0.15,0.15,C,noise_curve_c_s14_Sepsis_Case
Sepsis_Case,lstm,checker_net_state,0.2,4,0.664843,0.466936,0.927953,0.000912,0.049384,0.00228,0.014996,0.576796,0.421903,0.076142,0.0,0.000294,0.005076,0.992231,394,6|7|8,12,2164,0.443537,1.37,23.24,0.09,0.17,0.48,3.02,4.33,NVIDIA A100-SXM4-80GB,43a14d7652fde71f,ca89a5e805b1,1,temporal,train,all,0.7,0.15,0.15,C,noise_curve_c_s14_Sepsis_Case
Sepsis_Case,lstm,marking,0.2,4,0.655723,0.474676,0.922937,0.001368,0.056704,0.003192,0.018278,0.5668,0.410452,0.088832,0.000881,0.039636,0.002538,0.978434,394,6|7|8,11,2164,0.443537,1.52,24.3,0.09,0.17,0.48,3.02,4.33,NVIDIA A100-SXM4-80GB,43a14d7652fde71f,ca89a5e805b1,1,temporal,train,all,0.7,0.15,0.15,C,noise_curve_c_s14_Sepsis_Case
Sepsis_Case,lstm,gnn,0.2,4,0.665755,0.483513,0.921569,0.000912,0.053421,0.001368,0.016166,0.574339,0.418673,0.104061,0.001762,0.037581,0.005076,0.977533,394,6|7|8,11,2164,0.443537,1.64,26.18,0.09,0.17,0.48,3.02,4.33,NVIDIA A100-SXM4-80GB,43a14d7652fde71f,ca89a5e805b1,1,temporal,train,all,0.7,0.15,0.15,C,noise_curve_c_s14_Sepsis_Case
Sepsis_Case,lstm,seq,0.2,4,0.657091,0.474064,0.926585,0.001368,0.0518,0.001824,0.016041,0.570665,0.417499,0.071066,0.000294,0.001468,0.005076,0.990256,394,6|7|8,8,2164,0.443537,3.47,45.05,0.09,0.17,0.48,3.02,4.33,NVIDIA A100-SXM4-80GB,43a14d7652fde71f,ca89a5e805b1,1,temporal,train,all,0.7,0.15,0.15,C,noise_curve_c_s14_Sepsis_Case
Sepsis_Case,lstm,lll,0.2,4,0.655723,0.481109,0.925673,0.0,0.043017,0.0,0.000639,0.518422,0.350851,0.101523,0.059307,0.0,0.005076,0.970544,394,6|7|8,17,2164,0.443537,1.45,31.82,0.09,0.17,0.48,3.02,4.33,NVIDIA A100-SXM4-80GB,43a14d7652fde71f,ca89a5e805b1,1,temporal,train,all,0.7,0.15,0.15,C,noise_curve_c_s14_Sepsis_Case
Sepsis_Case,lstm,gll,0.2,4,0.663931,0.467915,0.915641,0.000912,0.044162,0.000912,0.011544,0.577749,0.418673,0.076142,0.0,0.0,0.005076,0.991627,394,6|7|8,15,2164,0.443537,3.05,60.91,0.09,0.17,0.48,3.02,4.33,NVIDIA A100-SXM4-80GB,43a14d7652fde71f,ca89a5e805b1,1,temporal,train,all,0.7,0.15,0.15,C,noise_curve_c_s14_Sepsis_Case
Sepsis_Case,lstm,baseline,0.3,4,0.642499,0.464131,0.909713,0.000912,0.081474,0.001824,0.025391,0.538938,0.422783,0.111675,0.052848,0.053142,0.007614,0.973203,394,6|7|8,13,3245,0.303401,1.43,25.7,0.09,0.17,0.48,3.02,4.33,NVIDIA A100-SXM4-80GB,43a14d7652fde71f,ca89a5e805b1,1,temporal,train,all,0.7,0.15,0.15,C,noise_curve_c_s14_Sepsis_Case
Sepsis_Case,lstm,checker,0.3,4,0.650707,0.465456,0.903785,0.000456,0.055793,0.001368,0.017993,0.546892,0.381386,0.073604,0.039636,0.03993,0.005076,0.97812,394,6|7|8,13,3245,0.303401,1.44,25.88,0.09,0.17,0.48,3.02,4.33,NVIDIA A100-SXM4-80GB,43a14d7652fde71f,ca89a5e805b1,1,temporal,train,all,0.7,0.15,0.15,C,noise_curve_c_s14_Sepsis_Case
Sepsis_Case,lstm,checker_net,0.3,4,0.633835,0.458321,0.912905,0.000912,0.07621,0.001368,0.016458,0.517194,0.379331,0.101523,0.091309,0.091309,0.005076,0.966185,394,6|7|8,13,3245,0.303401,1.33,24.03,0.09,0.17,0.48,3.02,4.33,NVIDIA A100-SXM4-80GB,43a14d7652fde71f,ca89a5e805b1,1,temporal,train,all,0.7,0.15,0.15,C,noise_curve_c_s14_Sepsis_Case
Sepsis_Case,lstm,checker_net_state,0.3,4,0.648427,0.463161,0.905153,0.000456,0.066555,0.001368,0.019939,0.538783,0.400176,0.081218,0.036994,0.043746,0.007614,0.97879,394,6|7|8,13,3245,0.303401,1.17,21.13,0.09,0.17,0.48,3.02,4.33,NVIDIA A100-SXM4-80GB,43a14d7652fde71f,ca89a5e805b1,1,temporal,train,all,0.7,0.15,0.15,C,noise_curve_c_s14_Sepsis_Case
Sepsis_Case,lstm,marking,0.3,4,0.651619,0.459619,0.911537,0.001368,0.082588,0.00456,0.027537,0.575019,0.424839,0.073604,0.000294,0.001762,0.005076,0.990066,394,6|7|8,6,3245,0.303401,1.42,15.6,0.09,0.17,0.48,3.02,4.33,NVIDIA A100-SXM4-80GB,43a14d7652fde71f,ca89a5e805b1,1,temporal,train,all,0.7,0.15,0.15,C,noise_curve_c_s14_Sepsis_Case
Sepsis_Case,lstm,gnn,0.3,4,0.651619,0.459382,0.919745,0.000912,0.085287,0.001824,0.027259,0.566161,0.432179,0.071066,0.000294,0.000587,0.005076,0.990318,394,6|7|8,11,3245,0.303401,1.34,21.48,0.09,0.17,0.48,3.02,4.33,NVIDIA A100-SXM4-80GB,43a14d7652fde71f,ca89a5e805b1,1,temporal,train,all,0.7,0.15,0.15,C,noise_curve_c_s14_Sepsis_Case
Sepsis_Case,lstm,seq,0.3,4,0.652075,0.464666,0.907889,0.002736,0.085817,0.004104,0.028225,0.575699,0.421609,0.098985,0.027011,0.027598,0.005076,0.9806,394,6|7|8,9,3245,0.303401,3.3,46.23,0.09,0.17,0.48,3.02,4.33,NVIDIA A100-SXM4-80GB,43a14d7652fde71f,ca89a5e805b1,1,temporal,train,all,0.7,0.15,0.15,C,noise_curve_c_s14_Sepsis_Case
Sepsis_Case,lstm,lll,0.3,4,0.656179,0.470796,0.913361,0.000456,0.06273,0.0,0.000811,0.54147,0.424545,0.101523,0.022607,0.0,0.005076,0.98705,394,6|7|8,13,3245,0.303401,1.2,21.68,0.09,0.17,0.48,3.02,4.33,NVIDIA A100-SXM4-80GB,43a14d7652fde71f,ca89a5e805b1,1,temporal,train,all,0.7,0.15,0.15,C,noise_curve_c_s14_Sepsis_Case
Sepsis_Case,lstm,gll,0.3,4,0.654355,0.462157,0.916553,0.000912,0.068611,0.000456,0.016422,0.562701,0.405755,0.073604,0.000294,0.0,0.005076,0.990711,394,6|7|8,13,3245,0.303401,2.97,53.44,0.09,0.17,0.48,3.02,4.33,NVIDIA A100-SXM4-80GB,43a14d7652fde71f,ca89a5e805b1,1,temporal,train,all,0.7,0.15,0.15,C,noise_curve_c_s14_Sepsis_Case
Sepsis_Case,lstm,baseline,0.4,4,0.647971,0.456761,0.906977,0.003648,0.113032,0.003648,0.031696,0.548032,0.394304,0.071066,0.000881,0.024662,0.002538,0.984134,394,6|7|8,10,4327,0.208163,1.29,19.33,0.09,0.17,0.48,3.02,4.33,NVIDIA A100-SXM4-80GB,43a14d7652fde71f,ca89a5e805b1,1,temporal,train,all,0.7,0.15,0.15,C,noise_curve_c_s14_Sepsis_Case
Sepsis_Case,lstm,checker,0.4,4,0.652531,0.457591,0.905153,0.00228,0.081583,0.005016,0.025647,0.571759,0.445097,0.073604,0.000881,0.00323,0.007614,0.990922,394,6|7|8,10,4327,0.208163,1.28,19.16,0.09,0.17,0.48,3.02,4.33,NVIDIA A100-SXM4-80GB,43a14d7652fde71f,ca89a5e805b1,1,temporal,train,all,0.7,0.15,0.15,C,noise_curve_c_s14_Sepsis_Case
Sepsis_Case,lstm,checker_net,0.4,4,0.645691,0.45018,0.895577,0.001368,0.114175,0.001824,0.024478,0.573977,0.43717,0.073604,0.000294,0.0,0.005076,0.991149,394,6|7|8,8,4327,0.208163,1.16,15.11,0.09,0.17,0.48,3.02,4.33,NVIDIA A100-SXM4-80GB,43a14d7652fde71f,ca89a5e805b1,1,temporal,train,all,0.7,0.15,0.15,C,noise_curve_c_s14_Sepsis_Case
Sepsis_Case,lstm,checker_net_state,0.4,4,0.647515,0.451792,0.902417,0.00684,0.099468,0.00684,0.028945,0.562291,0.425719,0.06599,0.002936,0.00323,0.005076,0.990921,394,6|7|8,10,4327,0.208163,1.15,17.18,0.09,0.17,0.48,3.02,4.33,NVIDIA A100-SXM4-80GB,43a14d7652fde71f,ca89a5e805b1,1,temporal,train,all,0.7,0.15,0.15,C,noise_curve_c_s14_Sepsis_Case
Sepsis_Case,lstm,marking,0.4,4,0.642955,0.45204,0.906977,0.003648,0.118087,0.00456,0.033848,0.55559,0.436583,0.06599,0.001468,0.002936,0.005076,0.989584,394,6|7|8,9,4327,0.208163,1.42,19.83,0.09,0.17,0.48,3.02,4.33,NVIDIA A100-SXM4-80GB,43a14d7652fde71f,ca89a5e805b1,1,temporal,train,all,0.7,0.15,0.15,C,noise_curve_c_s14_Sepsis_Case
Sepsis_Case,lstm,gnn,0.4,4,0.636115,0.444023,0.901049,0.00456,0.11058,0.007296,0.032274,0.549757,0.408691,0.06599,0.020846,0.02202,0.005076,0.984761,394,6|7|8,11,4327,0.208163,1.34,21.48,0.09,0.17,0.48,3.02,4.33,NVIDIA A100-SXM4-80GB,43a14d7652fde71f,ca89a5e805b1,1,temporal,train,all,0.7,0.15,0.15,C,noise_curve_c_s14_Sepsis_Case
Sepsis_Case,lstm,seq,0.4,4,0.641587,0.445858,0.899681,0.004104,0.113261,0.00912,0.031599,0.558441,0.413388,0.068528,0.007046,0.010276,0.002538,0.989103,394,6|7|8,11,4327,0.208163,3.3,52.85,0.09,0.17,0.48,3.02,4.33,NVIDIA A100-SXM4-80GB,43a14d7652fde71f,ca89a5e805b1,1,temporal,train,all,0.7,0.15,0.15,C,noise_curve_c_s14_Sepsis_Case
Sepsis_Case,lstm,lll,0.4,4,0.614227,0.448491,0.882809,0.000912,0.093176,0.0,0.00059,0.525219,0.359953,0.060914,0.018497,0.0,0.005076,0.98542,394,6|7|8,17,4327,0.208163,1.21,26.67,0.09,0.17,0.48,3.02,4.33,NVIDIA A100-SXM4-80GB,43a14d7652fde71f,ca89a5e805b1,1,temporal,train,all,0.7,0.15,0.15,C,noise_curve_c_s14_Sepsis_Case
Sepsis_Case,lstm,gll,0.4,4,0.642043,0.450637,0.898313,0.005016,0.109684,0.005016,0.022278,0.550635,0.401644,0.068528,0.002642,0.002642,0.005076,0.990912,394,6|7|8,16,4327,0.208163,2.97,62.42,0.09,0.17,0.48,3.02,4.33,NVIDIA A100-SXM4-80GB,43a14d7652fde71f,ca89a5e805b1,1,temporal,train,all,0.7,0.15,0.15,C,noise_curve_c_s14_Sepsis_Case
Sepsis_Case,lstm,baseline,0.5,4,0.618331,0.436484,0.871865,0.007296,0.142777,0.00684,0.040428,0.527583,0.352319,0.068528,0.01145,0.011157,0.005076,0.977298,394,6|7|8,11,5409,0.14966,1.18,18.93,0.09,0.17,0.48,3.02,4.33,NVIDIA A100-SXM4-80GB,43a14d7652fde71f,ca89a5e805b1,1,temporal,train,all,0.7,0.15,0.15,C,noise_curve_c_s14_Sepsis_Case
Sepsis_Case,lstm,checker,0.5,4,0.621979,0.423493,0.884177,0.003192,0.10261,0.004104,0.030382,0.514577,0.385203,0.058376,0.002349,0.003817,0.005076,0.978536,394,6|7|8,11,5409,0.14966,1.17,18.73,0.09,0.17,0.48,3.02,4.33,NVIDIA A100-SXM4-80GB,43a14d7652fde71f,ca89a5e805b1,1,temporal,train,all,0.7,0.15,0.15,C,noise_curve_c_s14_Sepsis_Case
Sepsis_Case,lstm,checker_net,0.5,4,0.609667,0.421222,0.873689,0.003648,0.133935,0.003648,0.027002,0.512478,0.372284,0.063452,0.008221,0.007927,0.005076,0.974213,394,6|7|8,11,5409,0.14966,1.19,19.1,0.09,0.17,0.48,3.02,4.33,NVIDIA A100-SXM4-80GB,43a14d7652fde71f,ca89a5e805b1,1,temporal,train,all,0.7,0.15,0.15,C,noise_curve_c_s14_Sepsis_Case
Sepsis_Case,lstm,checker_net_state,0.5,4,0.601459,0.424018,0.868217,0.010488,0.118821,0.010032,0.036462,0.502092,0.334703,0.068528,0.069877,0.073693,0.022843,0.966387,394,6|7|8,13,5409,0.14966,1.15,20.7,0.09,0.17,0.48,3.02,4.33,NVIDIA A100-SXM4-80GB,43a14d7652fde71f,ca89a5e805b1,1,temporal,train,all,0.7,0.15,0.15,C,noise_curve_c_s14_Sepsis_Case
Sepsis_Case,lstm,marking,0.5,4,0.608755,0.416209,0.855905,0.007752,0.139002,0.007296,0.04014,0.540282,0.37111,0.06599,0.016148,0.01468,0.005076,0.981371,394,6|7|8,11,5409,0.14966,1.42,22.76,0.09,0.17,0.48,3.02,4.33,NVIDIA A100-SXM4-80GB,43a14d7652fde71f,ca89a5e805b1,1,temporal,train,all,0.7,0.15,0.15,C,noise_curve_c_s14_Sepsis_Case
Sepsis_Case,lstm,gnn,0.5,4,0.638851,0.442369,0.893297,0.002736,0.138588,0.002736,0.039649,0.565046,0.422783,0.068528,0.001468,0.001174,0.002538,0.990256,394,6|7|8,10,5409,0.14966,1.34,20.15,0.09,0.17,0.48,3.02,4.33,NVIDIA A100-SXM4-80GB,43a14d7652fde71f,ca89a5e805b1,1,temporal,train,all,0.7,0.15,0.15,C,noise_curve_c_s14_Sepsis_Case
Sepsis_Case,lstm,seq,0.5,4,0.630643,0.432198,0.893297,0.007296,0.139594,0.007752,0.041438,0.55266,0.392543,0.06599,0.00411,0.00411,0.005076,0.987305,394,6|7|8,7,5409,0.14966,3.32,39.8,0.09,0.17,0.48,3.02,4.33,NVIDIA A100-SXM4-80GB,43a14d7652fde71f,ca89a5e805b1,1,temporal,train,all,0.7,0.15,0.15,C,noise_curve_c_s14_Sepsis_Case
Sepsis_Case,lstm,lll,0.5,4,0.609211,0.408409,0.869585,0.003648,0.114939,0.0,0.000999,0.511308,0.372578,0.045685,0.004404,0.0,0.005076,0.984198,394,6|7|8,13,5409,0.14966,1.26,22.76,0.09,0.17,0.48,3.02,4.33,NVIDIA A100-SXM4-80GB,43a14d7652fde71f,ca89a5e805b1,1,temporal,train,all,0.7,0.15,0.15,C,noise_curve_c_s14_Sepsis_Case
Sepsis_Case,lstm,gll,0.5,4,0.632011,0.434106,0.883721,0.003648,0.12701,0.002736,0.027074,0.559699,0.409278,0.068528,0.001762,0.001174,0.005076,0.984875,394,6|7|8,13,5409,0.14966,2.98,53.64,0.09,0.17,0.48,3.02,4.33,NVIDIA A100-SXM4-80GB,43a14d7652fde71f,ca89a5e805b1,1,temporal,train,all,0.7,0.15,0.15,C,noise_curve_c_s14_Sepsis_Case
Sepsis_Case,lstm,baseline,0.6,4,0.580027,0.36144,0.879161,0.002736,0.18113,0.006384,0.048226,0.5237,0.365238,0.055838,0.001174,0.00323,0.007614,0.981504,394,6|7|8,8,6491,0.111565,1.34,17.42,0.09,0.17,0.48,3.02,4.33,NVIDIA A100-SXM4-80GB,43a14d7652fde71f,ca89a5e805b1,1,temporal,train,all,0.7,0.15,0.15,C,noise_curve_c_s14_Sepsis_Case
Sepsis_Case,lstm,checker,0.6,4,0.586411,0.363586,0.858641,0.00228,0.13922,0.005928,0.040178,0.52753,0.405461,0.053299,0.000881,0.002936,0.007614,0.979685,394,6|7|8,7,6491,0.111565,1.37,16.4,0.09,0.17,0.48,3.02,4.33,NVIDIA A100-SXM4-80GB,43a14d7652fde71f,ca89a5e805b1,1,temporal,train,all,0.7,0.15,0.15,C,noise_curve_c_s14_Sepsis_Case
Sepsis_Case,lstm,checker_net,0.6,4,0.582307,0.36103,0.880985,0.00228,0.171586,0.005472,0.034892,0.523083,0.381973,0.050761,0.000881,0.002642,0.007614,0.981591,394,6|7|8,8,6491,0.111565,1.39,18.01,0.09,0.17,0.48,3.02,4.33,NVIDIA A100-SXM4-80GB,43a14d7652fde71f,ca89a5e805b1,1,temporal,train,all,0.7,0.15,0.15,C,noise_curve_c_s14_Sepsis_Case
Sepsis_Case,lstm,checker_net_state,0.6,4,0.564979,0.344662,0.876881,0.003648,0.162868,0.007296,0.042174,0.524402,0.386377,0.053299,0.001762,0.003817,0.007614,0.981485,394,6|7|8,8,6491,0.111565,1.21,15.69,0.09,0.17,0.48,3.02,4.33,NVIDIA A100-SXM4-80GB,43a14d7652fde71f,ca89a5e805b1,1,temporal,train,all,0.7,0.15,0.15,C,noise_curve_c_s14_Sepsis_Case
Sepsis_Case,lstm,marking,0.6,4,0.592339,0.365566,0.858641,0.009576,0.192325,0.014136,0.054394,0.538371,0.394304,0.055838,0.006166,0.008808,0.007614,0.984114,394,6|7|8,8,6491,0.111565,1.42,18.47,0.09,0.17,0.48,3.02,4.33,NVIDIA A100-SXM4-80GB,43a14d7652fde71f,ca89a5e805b1,1,temporal,train,all,0.7,0.15,0.15,C,noise_curve_c_s14_Sepsis_Case
Sepsis_Case,lstm,gnn,0.6,4,0.598267,0.385036,0.870953,0.002736,0.178558,0.005928,0.050359,0.541971,0.391368,0.060914,0.001174,0.002936,0.007614,0.982863,394,6|7|8,8,6491,0.111565,1.33,17.35,0.09,0.17,0.48,3.02,4.33,NVIDIA A100-SXM4-80GB,43a14d7652fde71f,ca89a5e805b1,1,temporal,train,all,0.7,0.15,0.15,C,noise_curve_c_s14_Sepsis_Case
Sepsis_Case,lstm,seq,0.6,4,0.576379,0.384572,0.866849,0.004104,0.174493,0.00684,0.049573,0.46981,0.400763,0.055838,0.002055,0.003523,0.007614,0.981162,394,6|7|8,8,6491,0.111565,3.32,43.16,0.09,0.17,0.48,3.02,4.33,NVIDIA A100-SXM4-80GB,43a14d7652fde71f,ca89a5e805b1,1,temporal,train,all,0.7,0.15,0.15,C,noise_curve_c_s14_Sepsis_Case
Sepsis_Case,lstm,lll,0.6,4,0.523028,0.3412,0.818513,0.0114,0.149992,0.0,0.001183,0.434106,0.312977,0.045685,0.083969,0.0,0.017766,0.963933,394,6|7|8,14,6491,0.111565,1.25,23.79,0.09,0.17,0.48,3.02,4.33,NVIDIA A100-SXM4-80GB,43a14d7652fde71f,ca89a5e805b1,1,temporal,train,all,0.7,0.15,0.15,C,noise_curve_c_s14_Sepsis_Case
Sepsis_Case,lstm,gll,0.6,4,0.588691,0.392603,0.867305,0.002736,0.155186,0.002736,0.032749,0.539396,0.41515,0.060914,0.000881,0.001174,0.007614,0.98266,394,6|7|8,14,6491,0.111565,3.01,57.15,0.09,0.17,0.48,3.02,4.33,NVIDIA A100-SXM4-80GB,43a14d7652fde71f,ca89a5e805b1,1,temporal,train,all,0.7,0.15,0.15,C,noise_curve_c_s14_Sepsis_Case
Sepsis_Case,lstm,baseline,0.7,4,0.566347,0.337145,0.826265,0.00228,0.202641,0.003192,0.059116,0.505636,0.384909,0.048223,0.001762,0.002936,0.002538,0.979726,394,6|7|8,7,7573,0.065306,1.4,16.79,0.09,0.17,0.48,3.02,4.33,NVIDIA A100-SXM4-80GB,43a14d7652fde71f,ca89a5e805b1,1,temporal,train,all,0.7,0.15,0.15,C,noise_curve_c_s14_Sepsis_Case
Sepsis_Case,lstm,checker,0.7,4,0.544916,0.340637,0.816689,0.000912,0.150788,0.002736,0.048886,0.48961,0.379624,0.045685,0.000294,0.000881,0.002538,0.981091,394,6|7|8,7,7573,0.065306,1.49,17.87,0.09,0.17,0.48,3.02,4.33,NVIDIA A100-SXM4-80GB,43a14d7652fde71f,ca89a5e805b1,1,temporal,train,all,0.7,0.15,0.15,C,noise_curve_c_s14_Sepsis_Case
Sepsis_Case,lstm,checker_net,0.7,4,0.566347,0.340067,0.835385,0.001824,0.196914,0.001824,0.044434,0.486832,0.35643,0.043147,0.000587,0.000294,0.002538,0.9791,394,6|7|8,7,7573,0.065306,1.53,18.31,0.09,0.17,0.48,3.02,4.33,NVIDIA A100-SXM4-80GB,43a14d7652fde71f,ca89a5e805b1,1,temporal,train,all,0.7,0.15,0.15,C,noise_curve_c_s14_Sepsis_Case
Sepsis_Case,lstm,checker_net_state,0.7,4,0.561332,0.333419,0.834017,0.003192,0.18516,0.00684,0.052799,0.499523,0.383441,0.040609,0.002055,0.00411,0.002538,0.980573,394,6|7|8,7,7573,0.065306,1.49,17.92,0.09,0.17,0.48,3.02,4.33,NVIDIA A100-SXM4-80GB,43a14d7652fde71f,ca89a5e805b1,1,temporal,train,all,0.7,0.15,0.15,C,noise_curve_c_s14_Sepsis_Case
Sepsis_Case,lstm,marking,0.7,4,0.54902,0.343138,0.824897,0.00912,0.219075,0.012312,0.059619,0.45267,0.327951,0.038071,0.126835,0.086025,0.005076,0.956624,394,6|7|8,6,7573,0.065306,1.5,16.55,0.09,0.17,0.48,3.02,4.33,NVIDIA A100-SXM4-80GB,43a14d7652fde71f,ca89a5e805b1,1,temporal,train,all,0.7,0.15,0.15,C,noise_curve_c_s14_Sepsis_Case
Sepsis_Case,lstm,gnn,0.7,4,0.543092,0.318968,0.80757,0.013224,0.204144,0.014136,0.064382,0.475323,0.374046,0.048223,0.015267,0.015561,0.007614,0.976156,394,6|7|8,9,7573,0.065306,1.62,22.74,0.09,0.17,0.48,3.02,4.33,NVIDIA A100-SXM4-80GB,43a14d7652fde71f,ca89a5e805b1,1,temporal,train,all,0.7,0.15,0.15,C,noise_curve_c_s14_Sepsis_Case
Sepsis_Case,lstm,seq,0.7,4,0.517556,0.323163,0.79617,0.007296,0.199613,0.012312,0.061221,0.441134,0.327951,0.043147,0.11421,0.091016,0.025381,0.955194,394,6|7|8,10,7573,0.065306,3.32,49.8,0.09,0.17,0.48,3.02,4.33,NVIDIA A100-SXM4-80GB,43a14d7652fde71f,ca89a5e805b1,1,temporal,train,all,0.7,0.15,0.15,C,noise_curve_c_s14_Sepsis_Case
Sepsis_Case,lstm,lll,0.7,4,0.54902,0.32896,0.824897,0.00456,0.172383,0.0,0.001641,0.462311,0.352907,0.035533,0.000587,0.0,0.007614,0.985878,394,6|7|8,9,7573,0.065306,1.23,17.23,0.09,0.17,0.48,3.02,4.33,NVIDIA A100-SXM4-80GB,43a14d7652fde71f,ca89a5e805b1,1,temporal,train,all,0.7,0.15,0.15,C,noise_curve_c_s14_Sepsis_Case
Sepsis_Case,lstm,gll,0.7,4,0.538532,0.31801,0.776562,0.005016,0.18725,0.001824,0.042183,0.45338,0.361127,0.035533,0.005578,0.001174,0.060914,0.975554,394,6|7|8,16,7573,0.065306,3.0,63.0,0.09,0.17,0.48,3.02,4.33,NVIDIA A100-SXM4-80GB,43a14d7652fde71f,ca89a5e805b1,1,temporal,train,all,0.7,0.15,0.15,C,noise_curve_c_s14_Sepsis_Case
Sepsis_Case,lstm,baseline,0.8,4,0.427269,0.239012,0.701778,0.003192,0.245708,0.002736,0.058838,0.312433,0.263359,0.002538,0.022607,0.061362,0.0,0.973098,394,6|7|8,5,8654,0.059864,1.49,14.95,0.09,0.17,0.48,3.02,4.33,NVIDIA A100-SXM4-80GB,43a14d7652fde71f,ca89a5e805b1,1,temporal,train,all,0.7,0.15,0.15,C,noise_curve_c_s14_Sepsis_Case
Sepsis_Case,lstm,checker,0.8,4,0.396261,0.237984,0.689922,0.000912,0.195518,0.001368,0.048222,0.256244,0.226659,0.005076,0.104815,0.105402,0.218274,0.960701,394,6|7|8,5,8654,0.059864,1.48,14.81,0.09,0.17,0.48,3.02,4.33,NVIDIA A100-SXM4-80GB,43a14d7652fde71f,ca89a5e805b1,1,temporal,train,all,0.7,0.15,0.15,C,noise_curve_c_s14_Sepsis_Case
Sepsis_Case,lstm,checker_net,0.8,4,0.383493,0.215951,0.668035,0.012768,0.240981,0.001368,0.042399,0.260197,0.202877,0.002538,0.109513,0.120376,0.218274,0.952169,394,6|7|8,5,8654,0.059864,1.51,15.11,0.09,0.17,0.48,3.02,4.33,NVIDIA A100-SXM4-80GB,43a14d7652fde71f,ca89a5e805b1,1,temporal,train,all,0.7,0.15,0.15,C,noise_curve_c_s14_Sepsis_Case
Sepsis_Case,lstm,checker_net_state,0.8,4,0.435021,0.24844,0.706794,0.010032,0.232715,0.010032,0.052187,0.297104,0.298297,0.002538,0.011744,0.022314,0.0,0.980347,394,6|7|8,5,8654,0.059864,1.44,14.36,0.09,0.17,0.48,3.02,4.33,NVIDIA A100-SXM4-80GB,43a14d7652fde71f,ca89a5e805b1,1,temporal,train,all,0.7,0.15,0.15,C,noise_curve_c_s14_Sepsis_Case
Sepsis_Case,lstm,marking,0.8,4,0.366165,0.233422,0.622435,0.029184,0.248113,0.020064,0.064794,0.312294,0.240164,0.010152,0.200528,0.191133,0.005076,0.929063,394,6|7|8,6,8654,0.059864,1.5,16.45,0.09,0.17,0.48,3.02,4.33,NVIDIA A100-SXM4-80GB,43a14d7652fde71f,ca89a5e805b1,1,temporal,train,all,0.7,0.15,0.15,C,noise_curve_c_s14_Sepsis_Case
Sepsis_Case,lstm,gnn,0.8,4,0.409029,0.232013,0.766986,0.00228,0.240206,0.002736,0.0609,0.248713,0.289783,0.0,0.000881,0.000881,0.002538,0.983363,394,6|7|8,4,8654,0.059864,1.89,17.0,0.09,0.17,0.48,3.02,4.33,NVIDIA A100-SXM4-80GB,43a14d7652fde71f,ca89a5e805b1,1,temporal,train,all,0.7,0.15,0.15,C,noise_curve_c_s14_Sepsis_Case
Sepsis_Case,lstm,seq,0.8,4,0.419517,0.251025,0.679891,0.012768,0.237836,0.013224,0.059446,0.287813,0.3165,0.007614,0.013799,0.013799,0.0,0.979477,394,6|7|8,4,8654,0.059864,3.44,30.96,0.09,0.17,0.48,3.02,4.33,NVIDIA A100-SXM4-80GB,43a14d7652fde71f,ca89a5e805b1,1,temporal,train,all,0.7,0.15,0.15,C,noise_curve_c_s14_Sepsis_Case
Sepsis_Case,lstm,lll,0.8,4,0.364341,0.194941,0.609211,0.002736,0.204243,0.0,0.001468,0.235435,0.27158,0.005076,0.007046,0.0,0.073604,0.979201,394,6|7|8,11,8654,0.059864,1.79,28.56,0.09,0.17,0.48,3.02,4.33,NVIDIA A100-SXM4-80GB,43a14d7652fde71f,ca89a5e805b1,1,temporal,train,all,0.7,0.15,0.15,C,noise_curve_c_s14_Sepsis_Case
Sepsis_Case,lstm,gll,0.8,4,0.349293,0.210632,0.591427,0.04788,0.22676,0.000456,0.0417,0.244861,0.210804,0.002538,0.081621,0.0,0.159898,0.969624,394,6|7|8,12,8654,0.059864,3.17,53.9,0.09,0.17,0.48,3.02,4.33,NVIDIA A100-SXM4-80GB,43a14d7652fde71f,ca89a5e805b1,1,temporal,train,all,0.7,0.15,0.15,C,noise_curve_c_s14_Sepsis_Case
Sepsis_Case,lstm,baseline,0.0,5,0.667579,0.489993,0.933881,0.0,0.001896,0.001824,0.001931,0.562827,0.368467,0.106599,0.012918,0.057546,0.0,0.966425,394,6|7|8,14,0,0.997279,1.53,29.02,0.09,0.29,0.48,2.98,4.67,NVIDIA A100-SXM4-80GB,43a14d7652fde71f,ca89a5e805b1,1,temporal,train,all,0.7,0.15,0.15,C,noise_curve_c_s59_Sepsis_Case
Sepsis_Case,lstm,checker,0.0,5,0.673963,0.493013,0.94072,0.0,0.001683,0.001368,0.001635,0.565254,0.389607,0.116751,0.002936,0.053435,0.0,0.968148,394,6|7|8,11,0,0.997279,1.11,17.69,0.09,0.29,0.48,2.98,4.67,NVIDIA A100-SXM4-80GB,43a14d7652fde71f,ca89a5e805b1,1,temporal,train,all,0.7,0.15,0.15,C,noise_curve_c_s59_Sepsis_Case
Sepsis_Case,lstm,checker_net,0.0,5,0.671227,0.492868,0.931601,0.0,0.001559,0.001368,0.001561,0.558602,0.370523,0.104061,0.0,0.046682,0.0,0.97197,394,6|7|8,14,0,0.997279,1.18,22.42,0.09,0.29,0.48,2.98,4.67,NVIDIA A100-SXM4-80GB,43a14d7652fde71f,ca89a5e805b1,1,temporal,train,all,0.7,0.15,0.15,C,noise_curve_c_s59_Sepsis_Case
Sepsis_Case,lstm,checker_net_state,0.0,5,0.664843,0.488923,0.930233,0.0,0.001565,0.001824,0.001602,0.556683,0.366999,0.093909,0.049031,0.049618,0.0,0.970408,394,6|7|8,14,0,0.997279,1.21,23.02,0.09,0.29,0.48,2.98,4.67,NVIDIA A100-SXM4-80GB,43a14d7652fde71f,ca89a5e805b1,1,temporal,train,all,0.7,0.15,0.15,C,noise_curve_c_s59_Sepsis_Case
Sepsis_Case,lstm,marking,0.0,5,0.674875,0.483796,0.935705,0.0,0.002167,0.001368,0.001754,0.566395,0.383441,0.101523,0.00411,0.035819,0.002538,0.976494,394,6|7|8,10,0,0.997279,1.35,20.22,0.09,0.29,0.48,2.98,4.67,NVIDIA A100-SXM4-80GB,43a14d7652fde71f,ca89a5e805b1,1,temporal,train,all,0.7,0.15,0.15,C,noise_curve_c_s59_Sepsis_Case
Sepsis_Case,lstm,gnn,0.0,5,0.668491,0.479512,0.930689,0.0,0.002249,0.001824,0.002261,0.554087,0.414269,0.083756,0.0,0.014093,0.0,0.986156,394,6|7|8,14,0,0.997279,1.31,24.94,0.09,0.29,0.48,2.98,4.67,NVIDIA A100-SXM4-80GB,43a14d7652fde71f,ca89a5e805b1,1,temporal,train,all,0.7,0.15,0.15,C,noise_curve_c_s59_Sepsis_Case
Sepsis_Case,lstm,seq,0.0,5,0.660739,0.489664,0.934337,0.0,0.001922,0.001824,0.002123,0.555046,0.361127,0.093909,0.046095,0.046976,0.0,0.972074,394,6|7|8,12,0,0.997279,3.32,56.38,0.09,0.29,0.48,2.98,4.67,NVIDIA A100-SXM4-80GB,43a14d7652fde71f,ca89a5e805b1,1,temporal,train,all,0.7,0.15,0.15,C,noise_curve_c_s59_Sepsis_Case
Sepsis_Case,lstm,lll,0.0,5,0.673507,0.491926,0.936617,0.0,0.001435,0.000456,0.000684,0.539628,0.352613,0.101523,0.048444,0.04081,0.002538,0.972573,394,6|7|8,17,0,0.997279,1.24,27.21,0.09,0.29,0.48,2.98,4.67,NVIDIA A100-SXM4-80GB,43a14d7652fde71f,ca89a5e805b1,1,temporal,train,all,0.7,0.15,0.15,C,noise_curve_c_s59_Sepsis_Case
Sepsis_Case,lstm,gll,0.0,5,0.671227,0.486503,0.932513,0.0,0.001243,0.000912,0.00113,0.547058,0.357311,0.109137,0.045214,0.000294,0.002538,0.975634,394,6|7|8,14,0,0.997279,3.05,57.96,0.09,0.29,0.48,2.98,4.67,NVIDIA A100-SXM4-80GB,43a14d7652fde71f,ca89a5e805b1,1,temporal,train,all,0.7,0.15,0.15,C,noise_curve_c_s59_Sepsis_Case
Sepsis_Case,lstm,baseline,0.1,5,0.665299,0.482596,0.937528,0.001368,0.026834,0.001824,0.010081,0.574009,0.40458,0.083756,0.027892,0.027598,0.005076,0.983298,394,6|7|8,7,1082,0.687075,1.13,13.51,0.09,0.29,0.48,2.98,4.67,NVIDIA A100-SXM4-80GB,43a14d7652fde71f,ca89a5e805b1,1,temporal,train,all,0.7,0.15,0.15,C,noise_curve_c_s59_Sepsis_Case
Sepsis_Case,lstm,checker,0.1,5,0.670771,0.48466,0.931145,0.000456,0.01901,0.001368,0.007873,0.577805,0.41515,0.076142,0.0,0.013799,0.005076,0.987329,394,6|7|8,7,1082,0.687075,1.18,14.21,0.09,0.29,0.48,2.98,4.67,NVIDIA A100-SXM4-80GB,43a14d7652fde71f,ca89a5e805b1,1,temporal,train,all,0.7,0.15,0.15,C,noise_curve_c_s59_Sepsis_Case
Sepsis_Case,lstm,checker_net,0.1,5,0.665755,0.486241,0.938896,0.000912,0.026898,0.001824,0.007302,0.566943,0.384028,0.093909,0.000294,0.041985,0.005076,0.977464,394,6|7|8,11,1082,0.687075,1.2,19.27,0.09,0.29,0.48,2.98,4.67,NVIDIA A100-SXM4-80GB,43a14d7652fde71f,ca89a5e805b1,1,temporal,train,all,0.7,0.15,0.15,C,noise_curve_c_s59_Sepsis_Case
Sepsis_Case,lstm,checker_net_state,0.1,5,0.669859,0.481971,0.929777,0.000912,0.022592,0.001368,0.00782,0.576847,0.417205,0.07868,0.00323,0.01468,0.005076,0.986211,394,6|7|8,7,1082,0.687075,1.15,13.76,0.09,0.29,0.48,2.98,4.67,NVIDIA A100-SXM4-80GB,43a14d7652fde71f,ca89a5e805b1,1,temporal,train,all,0.7,0.15,0.15,C,noise_curve_c_s59_Sepsis_Case
Sepsis_Case,lstm,marking,0.1,5,0.672139,0.490333,0.931145,0.000912,0.02908,0.002736,0.009581,0.591653,0.431004,0.101523,0.032296,0.034645,0.007614,0.981816,394,6|7|8,13,1082,0.687075,1.47,26.52,0.09,0.29,0.48,2.98,4.67,NVIDIA A100-SXM4-80GB,43a14d7652fde71f,ca89a5e805b1,1,temporal,train,all,0.7,0.15,0.15,C,noise_curve_c_s59_Sepsis_Case
Sepsis_Case,lstm,gnn,0.1,5,0.661195,0.477013,0.933425,0.001824,0.02678,0.00228,0.00904,0.568063,0.402819,0.081218,0.000294,0.00411,0.007614,0.9904,394,6|7|8,13,1082,0.687075,1.41,25.42,0.09,0.29,0.48,2.98,4.67,NVIDIA A100-SXM4-80GB,43a14d7652fde71f,ca89a5e805b1,1,temporal,train,all,0.7,0.15,0.15,C,noise_curve_c_s59_Sepsis_Case
Sepsis_Case,lstm,seq,0.1,5,0.657547,0.47549,0.923849,0.001368,0.023416,0.001824,0.008802,0.570554,0.406342,0.091371,0.006459,0.01791,0.005076,0.9847,394,6|7|8,8,1082,0.687075,3.3,42.89,0.09,0.29,0.48,2.98,4.67,NVIDIA A100-SXM4-80GB,43a14d7652fde71f,ca89a5e805b1,1,temporal,train,all,0.7,0.15,0.15,C,noise_curve_c_s59_Sepsis_Case
Sepsis_Case,lstm,lll,0.1,5,0.655267,0.469982,0.932513,0.000456,0.021865,0.0,0.000659,0.565039,0.408103,0.071066,0.000294,0.0,0.005076,0.991695,394,6|7|8,15,1082,0.687075,1.2,24.03,0.09,0.29,0.48,2.98,4.67,NVIDIA A100-SXM4-80GB,43a14d7652fde71f,ca89a5e805b1,1,temporal,train,all,0.7,0.15,0.15,C,noise_curve_c_s59_Sepsis_Case
Sepsis_Case,lstm,gll,0.1,5,0.660739,0.479195,0.931601,0.000912,0.017264,0.001824,0.005524,0.556922,0.3899,0.081218,0.017029,0.000294,0.005076,0.985355,394,6|7|8,15,1082,0.687075,2.97,59.48,0.09,0.29,0.48,2.98,4.67,NVIDIA A100-SXM4-80GB,43a14d7652fde71f,ca89a5e805b1,1,temporal,train,all,0.7,0.15,0.15,C,noise_curve_c_s59_Sepsis_Case
Sepsis_Case,lstm,baseline,0.2,5,0.652075,0.474231,0.915641,0.002736,0.055703,0.003192,0.017922,0.55465,0.398708,0.088832,0.001174,0.034938,0.007614,0.980418,394,6|7|8,13,2164,0.459864,1.39,24.93,0.09,0.29,0.48,2.98,4.67,NVIDIA A100-SXM4-80GB,43a14d7652fde71f,ca89a5e805b1,1,temporal,train,all,0.7,0.15,0.15,C,noise_curve_c_s59_Sepsis_Case
Sepsis_Case,lstm,checker,0.2,5,0.649339,0.475868,0.915185,0.000912,0.037656,0.002736,0.013588,0.5485,0.393717,0.083756,0.0,0.039636,0.005076,0.979863,394,6|7|8,15,2164,0.459864,1.18,23.64,0.09,0.29,0.48,2.98,4.67,NVIDIA A100-SXM4-80GB,43a14d7652fde71f,ca89a5e805b1,1,temporal,train,all,0.7,0.15,0.15,C,noise_curve_c_s59_Sepsis_Case
Sepsis_Case,lstm,checker_net,0.2,5,0.654811,0.477825,0.913817,0.001368,0.050822,0.00228,0.012315,0.565269,0.39313,0.081218,0.001468,0.034058,0.007614,0.981037,394,6|7|8,15,2164,0.459864,1.14,22.71,0.09,0.29,0.48,2.98,4.67,NVIDIA A100-SXM4-80GB,43a14d7652fde71f,ca89a5e805b1,1,temporal,train,all,0.7,0.15,0.15,C,noise_curve_c_s59_Sepsis_Case
Sepsis_Case,lstm,checker_net_state,0.2,5,0.649339,0.481833,0.917921,0.001368,0.044115,0.001824,0.013741,0.55105,0.390487,0.104061,0.000587,0.080446,0.007614,0.958434,394,6|7|8,12,2164,0.459864,1.32,22.41,0.09,0.29,0.48,2.98,4.67,NVIDIA A100-SXM4-80GB,43a14d7652fde71f,ca89a5e805b1,1,temporal,train,all,0.7,0.15,0.15,C,noise_curve_c_s59_Sepsis_Case
Sepsis_Case,lstm,marking,0.2,5,0.660739,0.481474,0.915185,0.000912,0.057668,0.00228,0.016587,0.562771,0.406929,0.073604,0.024369,0.024956,0.01269,0.983766,394,6|7|8,13,2164,0.459864,1.41,25.46,0.09,0.29,0.48,2.98,4.67,NVIDIA A100-SXM4-80GB,43a14d7652fde71f,ca89a5e805b1,1,temporal,train,all,0.7,0.15,0.15,C,noise_curve_c_s59_Sepsis_Case
Sepsis_Case,lstm,gnn,0.2,5,0.663931,0.480237,0.925673,0.000912,0.053329,0.00228,0.01608,0.547674,0.372578,0.096447,0.027305,0.071638,0.015228,0.967007,394,6|7|8,13,2164,0.459864,1.45,26.17,0.09,0.29,0.48,2.98,4.67,NVIDIA A100-SXM4-80GB,43a14d7652fde71f,ca89a5e805b1,1,temporal,train,all,0.7,0.15,0.15,C,noise_curve_c_s59_Sepsis_Case
Sepsis_Case,lstm,seq,0.2,5,0.669403,0.477164,0.925673,0.001368,0.050665,0.001824,0.0149,0.569375,0.415737,0.07868,0.002936,0.009982,0.005076,0.989173,394,6|7|8,11,2164,0.459864,3.31,53.02,0.09,0.29,0.48,2.98,4.67,NVIDIA A100-SXM4-80GB,43a14d7652fde71f,ca89a5e805b1,1,temporal,train,all,0.7,0.15,0.15,C,noise_curve_c_s59_Sepsis_Case
Sepsis_Case,lstm,lll,0.2,5,0.658459,0.481323,0.923849,0.000912,0.038455,0.0,0.000635,0.529931,0.363183,0.109137,0.053729,0.0,0.005076,0.974578,394,6|7|8,16,2164,0.459864,1.62,34.11,0.09,0.29,0.48,2.98,4.67,NVIDIA A100-SXM4-80GB,43a14d7652fde71f,ca89a5e805b1,1,temporal,train,all,0.7,0.15,0.15,C,noise_curve_c_s59_Sepsis_Case
Sepsis_Case,lstm,gll,0.2,5,0.665755,0.468592,0.921569,0.001368,0.035917,0.000456,0.008877,0.569593,0.398121,0.073604,0.000294,0.0,0.005076,0.991044,394,6|7|8,11,2164,0.459864,3.03,48.52,0.09,0.29,0.48,2.98,4.67,NVIDIA A100-SXM4-80GB,43a14d7652fde71f,ca89a5e805b1,1,temporal,train,all,0.7,0.15,0.15,C,noise_curve_c_s59_Sepsis_Case
Sepsis_Case,lstm,baseline,0.3,5,0.655267,0.465661,0.915641,0.001368,0.08668,0.00456,0.024309,0.558091,0.38579,0.101523,0.000294,0.049912,0.005076,0.973585,394,6|7|8,10,3245,0.297959,1.27,19.08,0.09,0.29,0.48,2.98,4.67,NVIDIA A100-SXM4-80GB,43a14d7652fde71f,ca89a5e805b1,1,temporal,train,all,0.7,0.15,0.15,C,noise_curve_c_s59_Sepsis_Case
Sepsis_Case,lstm,checker,0.3,5,0.662563,0.476429,0.913817,0.001368,0.060038,0.00228,0.017366,0.554831,0.403699,0.093909,0.000294,0.038755,0.005076,0.977934,394,6|7|8,15,3245,0.297959,1.53,30.57,0.09,0.29,0.48,2.98,4.67,NVIDIA A100-SXM4-80GB,43a14d7652fde71f,ca89a5e805b1,1,temporal,train,all,0.7,0.15,0.15,C,noise_curve_c_s59_Sepsis_Case
Sepsis_Case,lstm,checker_net,0.3,5,0.659371,0.470607,0.914273,0.000912,0.081627,0.00228,0.01738,0.56326,0.402819,0.104061,0.000294,0.04404,0.005076,0.974417,394,6|7|8,10,3245,0.297959,1.22,18.26,0.09,0.29,0.48,2.98,4.67,NVIDIA A100-SXM4-80GB,43a14d7652fde71f,ca89a5e805b1,1,temporal,train,all,0.7,0.15,0.15,C,noise_curve_c_s59_Sepsis_Case
Sepsis_Case,lstm,checker_net_state,0.3,5,0.655723,0.462608,0.912905,0.001824,0.076335,0.00228,0.021001,0.566891,0.430123,0.07868,0.001468,0.008514,0.005076,0.987255,394,6|7|8,13,3245,0.297959,1.72,30.96,0.09,0.29,0.48,2.98,4.67,NVIDIA A100-SXM4-80GB,43a14d7652fde71f,ca89a5e805b1,1,temporal,train,all,0.7,0.15,0.15,C,noise_curve_c_s59_Sepsis_Case
Sepsis_Case,lstm,marking,0.3,5,0.646603,0.453646,0.910625,0.001368,0.089573,0.005016,0.026776,0.572356,0.402525,0.076142,0.000294,0.002055,0.005076,0.990447,394,6|7|8,8,3245,0.297959,1.51,19.69,0.09,0.29,0.48,2.98,4.67,NVIDIA A100-SXM4-80GB,43a14d7652fde71f,ca89a5e805b1,1,temporal,train,all,0.7,0.15,0.15,C,noise_curve_c_s59_Sepsis_Case
Sepsis_Case,lstm,gnn,0.3,5,0.645691,0.46314,0.906521,0.001824,0.085552,0.00456,0.026232,0.560832,0.410452,0.083756,0.025837,0.027305,0.007614,0.980893,394,6|7|8,12,3245,0.297959,1.83,31.13,0.09,0.29,0.48,2.98,4.67,NVIDIA A100-SXM4-80GB,43a14d7652fde71f,ca89a5e805b1,1,temporal,train,all,0.7,0.15,0.15,C,noise_curve_c_s59_Sepsis_Case
Sepsis_Case,lstm,seq,0.3,5,0.650251,0.474796,0.914273,0.001368,0.088877,0.003192,0.025966,0.561253,0.386083,0.111675,0.000294,0.051086,0.007614,0.973338,394,6|7|8,9,3245,0.297959,3.35,46.96,0.09,0.29,0.48,2.98,4.67,NVIDIA A100-SXM4-80GB,43a14d7652fde71f,ca89a5e805b1,1,temporal,train,all,0.7,0.15,0.15,C,noise_curve_c_s59_Sepsis_Case
Sepsis_Case,lstm,lll,0.3,5,0.649339,0.48185,0.908345,0.000456,0.0699,0.0,0.000704,0.51903,0.361127,0.086294,0.082795,0.0,0.005076,0.971992,394,6|7|8,16,3245,0.297959,1.3,27.37,0.09,0.29,0.48,2.98,4.67,NVIDIA A100-SXM4-80GB,43a14d7652fde71f,ca89a5e805b1,1,temporal,train,all,0.7,0.15,0.15,C,noise_curve_c_s59_Sepsis_Case
Sepsis_Case,lstm,gll,0.3,5,0.654811,0.470716,0.911081,0.001368,0.066146,0.000456,0.014357,0.537256,0.380505,0.088832,0.042278,0.0,0.007614,0.977735,394,6|7|8,17,3245,0.297959,3.03,66.63,0.09,0.29,0.48,2.98,4.67,NVIDIA A100-SXM4-80GB,43a14d7652fde71f,ca89a5e805b1,1,temporal,train,all,0.7,0.15,0.15,C,noise_curve_c_s59_Sepsis_Case
Sepsis_Case,lstm,baseline,0.4,5,0.634747,0.455088,0.900137,0.00228,0.122476,0.005472,0.033691,0.543156,0.380505,0.083756,0.001174,0.013212,0.005076,0.986041,394,6|7|8,8,4327,0.197279,1.17,15.27,0.09,0.29,0.48,2.98,4.67,NVIDIA A100-SXM4-80GB,43a14d7652fde71f,ca89a5e805b1,1,temporal,train,all,0.7,0.15,0.15,C,noise_curve_c_s59_Sepsis_Case
Sepsis_Case,lstm,checker,0.4,5,0.629731,0.449475,0.908345,0.001368,0.085814,0.005016,0.026922,0.556632,0.422783,0.071066,0.000294,0.002055,0.005076,0.984979,394,6|7|8,10,4327,0.197279,1.36,20.39,0.09,0.29,0.48,2.98,4.67,NVIDIA A100-SXM4-80GB,43a14d7652fde71f,ca89a5e805b1,1,temporal,train,all,0.7,0.15,0.15,C,noise_curve_c_s59_Sepsis_Case
Sepsis_Case,lstm,checker_net,0.4,5,0.633835,0.456186,0.904241,0.001368,0.114536,0.00456,0.023856,0.544738,0.37111,0.093909,0.000294,0.023782,0.005076,0.982554,394,6|7|8,8,4327,0.197279,1.27,16.52,0.09,0.29,0.48,2.98,4.67,NVIDIA A100-SXM4-80GB,43a14d7652fde71f,ca89a5e805b1,1,temporal,train,all,0.7,0.15,0.15,C,noise_curve_c_s59_Sepsis_Case
Sepsis_Case,lstm,checker_net_state,0.4,5,0.644779,0.452832,0.909713,0.001824,0.099381,0.00456,0.029615,0.568694,0.428362,0.071066,0.000587,0.002055,0.005076,0.988191,394,6|7|8,7,4327,0.197279,1.44,17.23,0.09,0.29,0.48,2.98,4.67,NVIDIA A100-SXM4-80GB,43a14d7652fde71f,ca89a5e805b1,1,temporal,train,all,0.7,0.15,0.15,C,noise_curve_c_s59_Sepsis_Case
Sepsis_Case,lstm,marking,0.4,5,0.635203,0.457909,0.879161,0.005016,0.117191,0.005472,0.03238,0.546974,0.400176,0.086294,0.030241,0.037287,0.005076,0.977725,394,6|7|8,14,4327,0.197279,1.46,27.8,0.09,0.29,0.48,2.98,4.67,NVIDIA A100-SXM4-80GB,43a14d7652fde71f,ca89a5e805b1,1,temporal,train,all,0.7,0.15,0.15,C,noise_curve_c_s59_Sepsis_Case
Sepsis_Case,lstm,gnn,0.4,5,0.632923,0.446022,0.902873,0.00456,0.119663,0.008208,0.036146,0.561208,0.413682,0.073604,0.002349,0.00411,0.005076,0.987043,394,6|7|8,7,4327,0.197279,1.34,16.07,0.09,0.29,0.48,2.98,4.67,NVIDIA A100-SXM4-80GB,43a14d7652fde71f,ca89a5e805b1,1,temporal,train,all,0.7,0.15,0.15,C,noise_curve_c_s59_Sepsis_Case
Sepsis_Case,lstm,seq,0.4,5,0.640219,0.446547,0.906065,0.001368,0.117301,0.005016,0.034286,0.563392,0.423371,0.06599,0.000294,0.002055,0.005076,0.987706,394,6|7|8,9,4327,0.197279,3.32,46.42,0.09,0.29,0.48,2.98,4.67,NVIDIA A100-SXM4-80GB,43a14d7652fde71f,ca89a5e805b1,1,temporal,train,all,0.7,0.15,0.15,C,noise_curve_c_s59_Sepsis_Case
Sepsis_Case,lstm,lll,0.4,5,0.635203,0.443795,0.900593,0.000912,0.097447,0.0,0.00086,0.552991,0.413388,0.06599,0.000881,0.0,0.005076,0.984649,394,6|7|8,13,4327,0.197279,1.28,22.95,0.09,0.29,0.48,2.98,4.67,NVIDIA A100-SXM4-80GB,43a14d7652fde71f,ca89a5e805b1,1,temporal,train,all,0.7,0.15,0.15,C,noise_curve_c_s59_Sepsis_Case
Sepsis_Case,lstm,gll,0.4,5,0.618787,0.447767,0.902873,0.000912,0.10595,0.003192,0.023152,0.522409,0.376395,0.058376,0.0,0.001174,0.005076,0.988514,394,6|7|8,12,4327,0.197279,3.16,53.77,0.09,0.29,0.48,2.98,4.67,NVIDIA A100-SXM4-80GB,43a14d7652fde71f,ca89a5e805b1,1,temporal,train,all,0.7,0.15,0.15,C,noise_curve_c_s59_Sepsis_Case
Sepsis_Case,lstm,baseline,0.5,5,0.610579,0.434173,0.862289,0.003192,0.144036,0.00456,0.03961,0.5076,0.36377,0.083756,0.076629,0.076629,0.017766,0.960472,394,6|7|8,12,5409,0.157823,1.29,21.86,0.09,0.29,0.48,2.98,4.67,NVIDIA A100-SXM4-80GB,43a14d7652fde71f,ca89a5e805b1,1,temporal,train,all,0.7,0.15,0.15,C,noise_curve_c_s59_Sepsis_Case
Sepsis_Case,lstm,checker,0.5,5,0.607843,0.414448,0.887369,0.005016,0.110421,0.010944,0.033466,0.533578,0.413975,0.058376,0.002936,0.009102,0.025381,0.984064,394,6|7|8,10,5409,0.157823,1.24,18.59,0.09,0.29,0.48,2.98,4.67,NVIDIA A100-SXM4-80GB,43a14d7652fde71f,ca89a5e805b1,1,temporal,train,all,0.7,0.15,0.15,C,noise_curve_c_s59_Sepsis_Case
Sepsis_Case,lstm,checker_net,0.5,5,0.631555,0.429931,0.871409,0.004104,0.143102,0.006384,0.029756,0.544144,0.389019,0.058376,0.002642,0.003523,0.005076,0.988301,394,6|7|8,11,5409,0.157823,1.63,26.05,0.09,0.29,0.48,2.98,4.67,NVIDIA A100-SXM4-80GB,43a14d7652fde71f,ca89a5e805b1,1,temporal,train,all,0.7,0.15,0.15,C,noise_curve_c_s59_Sepsis_Case
Sepsis_Case,lstm,checker_net_state,0.5,5,0.628363,0.427624,0.881897,0.008208,0.133702,0.011856,0.036929,0.541158,0.413388,0.055838,0.004991,0.006753,0.005076,0.986707,394,6|7|8,11,5409,0.157823,1.18,18.96,0.09,0.29,0.48,2.98,4.67,NVIDIA A100-SXM4-80GB,43a14d7652fde71f,ca89a5e805b1,1,temporal,train,all,0.7,0.15,0.15,C,noise_curve_c_s59_Sepsis_Case
Sepsis_Case,lstm,marking,0.5,5,0.618787,0.442668,0.879617,0.007752,0.154401,0.01368,0.041724,0.48688,0.333235,0.055838,0.105696,0.109513,0.032995,0.950864,394,6|7|8,12,5409,0.157823,1.42,24.13,0.09,0.29,0.48,2.98,4.67,NVIDIA A100-SXM4-80GB,43a14d7652fde71f,ca89a5e805b1,1,temporal,train,all,0.7,0.15,0.15,C,noise_curve_c_s59_Sepsis_Case
Sepsis_Case,lstm,gnn,0.5,5,0.620611,0.426588,0.885545,0.005472,0.140875,0.008208,0.040491,0.538912,0.411333,0.063452,0.009102,0.012918,0.007614,0.987157,394,6|7|8,10,5409,0.157823,1.44,21.65,0.09,0.29,0.48,2.98,4.67,NVIDIA A100-SXM4-80GB,43a14d7652fde71f,ca89a5e805b1,1,temporal,train,all,0.7,0.15,0.15,C,noise_curve_c_s59_Sepsis_Case
Sepsis_Case,lstm,seq,0.5,5,0.614227,0.402791,0.865937,0.00456,0.13834,0.007752,0.041692,0.544052,0.411333,0.071066,0.027305,0.028479,0.010152,0.979754,394,6|7|8,12,5409,0.157823,3.37,57.22,0.09,0.29,0.48,2.98,4.67,NVIDIA A100-SXM4-80GB,43a14d7652fde71f,ca89a5e805b1,1,temporal,train,all,0.7,0.15,0.15,C,noise_curve_c_s59_Sepsis_Case
Sepsis_Case,lstm,lll,0.5,5,0.596899,0.379024,0.879617,0.000912,0.116697,0.0,0.000993,0.52791,0.396653,0.050761,0.001468,0.0,0.005076,0.987174,394,6|7|8,13,5409,0.157823,1.24,22.3,0.09,0.29,0.48,2.98,4.67,NVIDIA A100-SXM4-80GB,43a14d7652fde71f,ca89a5e805b1,1,temporal,train,all,0.7,0.15,0.15,C,noise_curve_c_s59_Sepsis_Case
Sepsis_Case,lstm,gll,0.5,5,0.600547,0.418638,0.854081,0.005928,0.126373,0.003192,0.024419,0.454756,0.320904,0.040609,0.027011,0.002055,0.13198,0.979377,394,6|7|8,18,5409,0.157823,3.07,70.58,0.09,0.29,0.48,2.98,4.67,NVIDIA A100-SXM4-80GB,43a14d7652fde71f,ca89a5e805b1,1,temporal,train,all,0.7,0.15,0.15,C,noise_curve_c_s59_Sepsis_Case
Sepsis_Case,lstm,baseline,0.6,5,0.595075,0.371508,0.855449,0.005016,0.182035,0.007752,0.0494,0.525916,0.411039,0.050761,0.000587,0.002055,0.005076,0.981228,394,6|7|8,7,6491,0.095238,1.14,13.73,0.09,0.29,0.48,2.98,4.67,NVIDIA A100-SXM4-80GB,43a14d7652fde71f,ca89a5e805b1,1,temporal,train,all,0.7,0.15,0.15,C,noise_curve_c_s59_Sepsis_Case
Sepsis_Case,lstm,checker,0.6,5,0.593251,0.366442,0.859097,0.001368,0.140701,0.00228,0.040106,0.522536,0.395479,0.048223,0.001762,0.002055,0.002538,0.979564,394,6|7|8,7,6491,0.095238,1.36,16.37,0.09,0.29,0.48,2.98,4.67,NVIDIA A100-SXM4-80GB,43a14d7652fde71f,ca89a5e805b1,1,temporal,train,all,0.7,0.15,0.15,C,noise_curve_c_s59_Sepsis_Case
Sepsis_Case,lstm,checker_net,0.6,5,0.585955,0.406158,0.846329,0.001368,0.175297,0.001824,0.035475,0.531489,0.416324,0.058376,0.001468,0.000881,0.002538,0.981405,394,6|7|8,9,6491,0.095238,1.12,15.67,0.09,0.29,0.48,2.98,4.67,NVIDIA A100-SXM4-80GB,43a14d7652fde71f,ca89a5e805b1,1,temporal,train,all,0.7,0.15,0.15,C,noise_curve_c_s59_Sepsis_Case
Sepsis_Case,lstm,checker_net_state,0.6,5,0.590971,0.370316,0.854537,0.00456,0.164655,0.005472,0.043605,0.526222,0.405167,0.050761,0.000587,0.000881,0.010152,0.981794,394,6|7|8,7,6491,0.095238,1.27,15.28,0.09,0.29,0.48,2.98,4.67,NVIDIA A100-SXM4-80GB,43a14d7652fde71f,ca89a5e805b1,1,temporal,train,all,0.7,0.15,0.15,C,noise_curve_c_s59_Sepsis_Case
Sepsis_Case,lstm,marking,0.6,5,0.583675,0.385952,0.850433,0.003648,0.18437,0.005472,0.048916,0.512684,0.380799,0.055838,0.001762,0.002642,0.180203,0.981441,394,6|7|8,8,6491,0.095238,1.46,19.01,0.09,0.29,0.48,2.98,4.67,NVIDIA A100-SXM4-80GB,43a14d7652fde71f,ca89a5e805b1,1,temporal,train,all,0.7,0.15,0.15,C,noise_curve_c_s59_Sepsis_Case
Sepsis_Case,lstm,gnn,0.6,5,0.597355,0.368092,0.861833,0.001368,0.175799,0.004104,0.047979,0.512248,0.40458,0.040609,0.001468,0.002642,0.007614,0.98258,394,6|7|8,7,6491,0.095238,1.46,17.5,0.09,0.29,0.48,2.98,4.67,NVIDIA A100-SXM4-80GB,43a14d7652fde71f,ca89a5e805b1,1,temporal,train,all,0.7,0.15,0.15,C,noise_curve_c_s59_Sepsis_Case
Sepsis_Case,lstm,seq,0.6,5,0.585043,0.3443,0.849977,0.00456,0.17907,0.005928,0.051101,0.520056,0.39724,0.040609,0.002349,0.002936,0.005076,0.98567,394,6|7|8,5,6491,0.095238,3.35,33.51,0.09,0.29,0.48,2.98,4.67,NVIDIA A100-SXM4-80GB,43a14d7652fde71f,ca89a5e805b1,1,temporal,train,all,0.7,0.15,0.15,C,noise_curve_c_s59_Sepsis_Case
Sepsis_Case,lstm,lll,0.6,5,0.584131,0.418017,0.814409,0.00456,0.162946,0.0,0.000859,0.475632,0.394891,0.020305,0.001762,0.0,0.002538,0.986287,394,6|7|8,14,6491,0.095238,1.2,22.87,0.09,0.29,0.48,2.98,4.67,NVIDIA A100-SXM4-80GB,43a14d7652fde71f,ca89a5e805b1,1,temporal,train,all,0.7,0.15,0.15,C,noise_curve_c_s59_Sepsis_Case
Sepsis_Case,lstm,gll,0.6,5,0.593251,0.39753,0.857729,0.00228,0.159682,0.000912,0.033548,0.490896,0.392543,0.040609,0.000881,0.000294,0.005076,0.977634,394,6|7|8,11,6491,0.095238,3.02,48.31,0.09,0.29,0.48,2.98,4.67,NVIDIA A100-SXM4-80GB,43a14d7652fde71f,ca89a5e805b1,1,temporal,train,all,0.7,0.15,0.15,C,noise_curve_c_s59_Sepsis_Case
Sepsis_Case,lstm,baseline,0.7,5,0.471956,0.301952,0.777018,0.010032,0.200841,0.016872,0.058418,0.397345,0.327657,0.038071,0.022607,0.021433,0.007614,0.968308,394,6|7|8,7,7573,0.084354,1.34,16.14,0.09,0.29,0.48,2.98,4.67,NVIDIA A100-SXM4-80GB,43a14d7652fde71f,ca89a5e805b1,1,temporal,train,all,0.7,0.15,0.15,C,noise_curve_c_s59_Sepsis_Case
Sepsis_Case,lstm,checker,0.7,5,0.495212,0.321373,0.80073,0.00456,0.15674,0.010032,0.048889,0.422167,0.369055,0.038071,0.005578,0.008221,0.010152,0.978684,394,6|7|8,7,7573,0.084354,1.24,14.88,0.09,0.29,0.48,2.98,4.67,NVIDIA A100-SXM4-80GB,43a14d7652fde71f,ca89a5e805b1,1,temporal,train,all,0.7,0.15,0.15,C,noise_curve_c_s59_Sepsis_Case
Sepsis_Case,lstm,checker_net,0.7,5,0.479252,0.305593,0.78249,0.005928,0.192512,0.010032,0.044154,0.381221,0.348796,0.040609,0.014093,0.011744,0.005076,0.967501,394,6|7|8,7,7573,0.084354,1.2,14.46,0.09,0.29,0.48,2.98,4.67,NVIDIA A100-SXM4-80GB,43a14d7652fde71f,ca89a5e805b1,1,temporal,train,all,0.7,0.15,0.15,C,noise_curve_c_s59_Sepsis_Case
Sepsis_Case,lstm,checker_net_state,0.7,5,0.493388,0.313634,0.742362,0.010032,0.177012,0.015048,0.049951,0.422049,0.344392,0.038071,0.052261,0.0367,0.007614,0.959103,394,6|7|8,9,7573,0.084354,1.28,17.91,0.09,0.29,0.48,2.98,4.67,NVIDIA A100-SXM4-80GB,43a14d7652fde71f,ca89a5e805b1,1,temporal,train,all,0.7,0.15,0.15,C,noise_curve_c_s59_Sepsis_Case
Sepsis_Case,lstm,marking,0.7,5,0.491564,0.308074,0.764706,0.015048,0.203501,0.022344,0.056178,0.414099,0.319436,0.045685,0.09219,0.073106,0.025381,0.961462,394,6|7|8,8,7573,0.084354,1.36,17.68,0.09,0.29,0.48,2.98,4.67,NVIDIA A100-SXM4-80GB,43a14d7652fde71f,ca89a5e805b1,1,temporal,train,all,0.7,0.15,0.15,C,noise_curve_c_s59_Sepsis_Case
Sepsis_Case,lstm,gnn,0.7,5,0.452348,0.284038,0.737802,0.011856,0.204174,0.02052,0.059449,0.408113,0.369642,0.040609,0.021139,0.025543,0.007614,0.967859,394,6|7|8,8,7573,0.084354,1.51,19.61,0.09,0.29,0.48,2.98,4.67,NVIDIA A100-SXM4-80GB,43a14d7652fde71f,ca89a5e805b1,1,temporal,train,all,0.7,0.15,0.15,C,noise_curve_c_s59_Sepsis_Case
Sepsis_Case,lstm,seq,0.7,5,0.532604,0.346475,0.816689,0.005928,0.204825,0.009576,0.057669,0.417213,0.390194,0.060914,0.004404,0.006459,0.007614,0.980421,394,6|7|8,5,7573,0.084354,3.38,33.77,0.09,0.29,0.48,2.98,4.67,NVIDIA A100-SXM4-80GB,43a14d7652fde71f,ca89a5e805b1,1,temporal,train,all,0.7,0.15,0.15,C,noise_curve_c_s59_Sepsis_Case
Sepsis_Case,lstm,lll,0.7,5,0.432285,0.317372,0.670315,0.014136,0.170511,0.0,0.000828,0.354691,0.274516,0.027919,0.06283,0.0,0.134518,0.956513,394,6|7|8,16,7573,0.084354,1.37,28.85,0.09,0.29,0.48,2.98,4.67,NVIDIA A100-SXM4-80GB,43a14d7652fde71f,ca89a5e805b1,1,temporal,train,all,0.7,0.15,0.15,C,noise_curve_c_s59_Sepsis_Case
Sepsis_Case,lstm,gll,0.7,5,0.522116,0.326444,0.78249,0.010032,0.180034,0.004104,0.039809,0.454209,0.363183,0.030457,0.006459,0.003523,0.005076,0.981741,394,6|7|8,11,7573,0.084354,2.95,47.14,0.09,0.29,0.48,2.98,4.67,NVIDIA A100-SXM4-80GB,43a14d7652fde71f,ca89a5e805b1,1,temporal,train,all,0.7,0.15,0.15,C,noise_curve_c_s59_Sepsis_Case
Sepsis_Case,lstm,baseline,0.8,5,0.414501,0.279647,0.673051,0.089831,0.246637,0.012768,0.058671,0.338923,0.286847,0.020305,0.122431,0.092777,0.294416,0.952314,394,6|7|8,9,8654,0.044898,1.18,16.56,0.09,0.29,0.48,2.98,4.67,NVIDIA A100-SXM4-80GB,43a14d7652fde71f,ca89a5e805b1,1,temporal,train,all,0.7,0.15,0.15,C,noise_curve_c_s59_Sepsis_Case
Sepsis_Case,lstm,checker,0.8,5,0.46694,0.291682,0.749658,0.005472,0.191754,0.021888,0.053617,0.410187,0.349971,0.040609,0.019965,0.037287,0.109137,0.974183,394,6|7|8,7,8654,0.044898,1.36,16.37,0.09,0.29,0.48,2.98,4.67,NVIDIA A100-SXM4-80GB,43a14d7652fde71f,ca89a5e805b1,1,temporal,train,all,0.7,0.15,0.15,C,noise_curve_c_s59_Sepsis_Case
Sepsis_Case,lstm,checker_net,0.8,5,0.437301,0.251601,0.707706,0.0342,0.234274,0.030096,0.047768,0.336304,0.281856,0.01269,0.078685,0.051674,0.180203,0.964713,394,6|7|8,6,8654,0.044898,1.13,12.39,0.09,0.29,0.48,2.98,4.67,NVIDIA A100-SXM4-80GB,43a14d7652fde71f,ca89a5e805b1,1,temporal,train,all,0.7,0.15,0.15,C,noise_curve_c_s59_Sepsis_Case
Sepsis_Case,lstm,checker_net_state,0.8,5,0.413589,0.280527,0.663019,0.01824,0.230271,0.014592,0.052027,0.319511,0.273341,0.025381,0.155314,0.128597,0.309645,0.948922,394,6|7|8,9,8654,0.044898,1.17,16.44,0.09,0.29,0.48,2.98,4.67,NVIDIA A100-SXM4-80GB,43a14d7652fde71f,ca89a5e805b1,1,temporal,train,all,0.7,0.15,0.15,C,noise_curve_c_s59_Sepsis_Case
Sepsis_Case,lstm,marking,0.8,5,0.385773,0.266067,0.588235,0.102143,0.248198,0.063839,0.066299,0.314818,0.266882,0.027919,0.135643,0.140341,0.256345,0.932631,394,6|7|8,10,8654,0.044898,1.41,21.1,0.09,0.29,0.48,2.98,4.67,NVIDIA A100-SXM4-80GB,43a14d7652fde71f,ca89a5e805b1,1,temporal,train,all,0.7,0.15,0.15,C,noise_curve_c_s59_Sepsis_Case
Sepsis_Case,lstm,gnn,0.8,5,0.402645,0.192917,0.708162,0.000912,0.235357,0.001368,0.06283,0.209496,0.287728,0.0,0.0,0.0,0.0,0.983067,394,6|7|8,3,8654,0.044898,1.46,11.69,0.09,0.29,0.48,2.98,4.67,NVIDIA A100-SXM4-80GB,43a14d7652fde71f,ca89a5e805b1,1,temporal,train,all,0.7,0.15,0.15,C,noise_curve_c_s59_Sepsis_Case
Sepsis_Case,lstm,seq,0.8,5,0.311902,0.175813,0.642955,0.129047,0.248597,0.090743,0.068155,0.320115,0.258955,0.022843,0.169994,0.134469,0.357868,0.928448,394,6|7|8,8,8654,0.044898,3.36,43.64,0.09,0.29,0.48,2.98,4.67,NVIDIA A100-SXM4-80GB,43a14d7652fde71f,ca89a5e805b1,1,temporal,train,all,0.7,0.15,0.15,C,noise_curve_c_s59_Sepsis_Case
Sepsis_Case,lstm,lll,0.8,5,0.335613,0.218242,0.683083,0.155039,0.215263,0.0,0.002353,0.215228,0.283324,0.005076,0.085144,0.0,0.596447,0.981435,394,6|7|8,9,8654,0.044898,1.42,19.86,0.09,0.29,0.48,2.98,4.67,NVIDIA A100-SXM4-80GB,43a14d7652fde71f,ca89a5e805b1,1,temporal,train,all,0.7,0.15,0.15,C,noise_curve_c_s59_Sepsis_Case
Sepsis_Case,lstm,gll,0.8,5,0.443684,0.301691,0.753762,0.012312,0.222245,0.000456,0.042053,0.284007,0.233118,0.015228,0.094833,0.0,0.246193,0.976334,394,6|7|8,11,8654,0.044898,3.02,48.34,0.09,0.29,0.48,2.98,4.67,NVIDIA A100-SXM4-80GB,43a14d7652fde71f,ca89a5e805b1,1,temporal,train,all,0.7,0.15,0.15,C,noise_curve_c_s59_Sepsis_Case
Sepsis_Case,lstm,baseline,0.0,6,0.674875,0.495837,0.932969,0.0,0.002198,0.001824,0.002511,0.567587,0.375807,0.104061,0.0,0.041985,0.0,0.975724,394,6|7|8,11,0,0.997279,1.26,20.13,0.09,0.29,0.48,2.98,4.67,NVIDIA A100-SXM4-80GB,43a14d7652fde71f,ca89a5e805b1,1,temporal,train,all,0.7,0.15,0.15,C,noise_curve_c_s59_Sepsis_Case
Sepsis_Case,lstm,checker,0.0,6,0.672595,0.495021,0.941632,0.0,0.00161,0.001824,0.002449,0.553426,0.372284,0.116751,0.0,0.055784,0.0,0.967141,394,6|7|8,13,0,0.997279,1.61,29.04,0.09,0.29,0.48,2.98,4.67,NVIDIA A100-SXM4-80GB,43a14d7652fde71f,ca89a5e805b1,1,temporal,train,all,0.7,0.15,0.15,C,noise_curve_c_s59_Sepsis_Case
Sepsis_Case,lstm,checker_net,0.0,6,0.676699,0.489779,0.934337,0.0,0.001931,0.001824,0.002206,0.550624,0.374927,0.096447,0.0,0.04727,0.0,0.969388,394,6|7|8,11,0,0.997279,1.38,22.1,0.09,0.29,0.48,2.98,4.67,NVIDIA A100-SXM4-80GB,43a14d7652fde71f,ca89a5e805b1,1,temporal,train,all,0.7,0.15,0.15,C,noise_curve_c_s59_Sepsis_Case
Sepsis_Case,lstm,checker_net_state,0.0,6,0.674419,0.495065,0.941632,0.0,0.001904,0.001824,0.002312,0.54575,0.357017,0.104061,0.0,0.056665,0.0,0.967072,394,6|7|8,13,0,0.997279,1.17,21.01,0.09,0.29,0.48,2.98,4.67,NVIDIA A100-SXM4-80GB,43a14d7652fde71f,ca89a5e805b1,1,temporal,train,all,0.7,0.15,0.15,C,noise_curve_c_s59_Sepsis_Case
Sepsis_Case,lstm,marking,0.0,6,0.678979,0.492822,0.937984,0.0,0.00211,0.001824,0.002356,0.560787,0.368467,0.091371,0.0,0.037287,0.0,0.977307,394,6|7|8,13,0,0.997279,1.38,24.89,0.09,0.29,0.48,2.98,4.67,NVIDIA A100-SXM4-80GB,43a14d7652fde71f,ca89a5e805b1,1,temporal,train,all,0.7,0.15,0.15,C,noise_curve_c_s59_Sepsis_Case
Sepsis_Case,lstm,gnn,0.0,6,0.672595,0.492085,0.932057,0.0,0.003305,0.001368,0.002688,0.568453,0.41192,0.119289,0.0,0.062243,0.0,0.972281,394,6|7|8,8,0,0.997279,1.38,18.0,0.09,0.29,0.48,2.98,4.67,NVIDIA A100-SXM4-80GB,43a14d7652fde71f,ca89a5e805b1,1,temporal,train,all,0.7,0.15,0.15,C,noise_curve_c_s59_Sepsis_Case
Sepsis_Case,lstm,seq,0.0,6,0.671227,0.489434,0.941176,0.0,0.002187,0.001824,0.002376,0.564678,0.379037,0.104061,0.001174,0.046682,0.0,0.969092,394,6|7|8,10,0,0.997279,3.32,49.75,0.09,0.29,0.48,2.98,4.67,NVIDIA A100-SXM4-80GB,43a14d7652fde71f,ca89a5e805b1,1,temporal,train,all,0.7,0.15,0.15,C,noise_curve_c_s59_Sepsis_Case
Sepsis_Case,lstm,lll,0.0,6,0.678067,0.494107,0.932513,0.0,0.001757,0.001368,0.001208,0.566628,0.417792,0.071066,0.024369,0.024662,0.002538,0.986863,394,6|7|8,11,0,0.997279,1.24,19.81,0.09,0.29,0.48,2.98,4.67,NVIDIA A100-SXM4-80GB,43a14d7652fde71f,ca89a5e805b1,1,temporal,train,all,0.7,0.15,0.15,C,noise_curve_c_s59_Sepsis_Case
Sepsis_Case,lstm,gll,0.0,6,0.664843,0.491313,0.939352,0.0,0.001019,0.001824,0.001694,0.529942,0.346741,0.109137,0.052554,0.000587,0.0,0.973802,394,6|7|8,19,0,0.997279,3.01,72.23,0.09,0.29,0.48,2.98,4.67,NVIDIA A100-SXM4-80GB,43a14d7652fde71f,ca89a5e805b1,1,temporal,train,all,0.7,0.15,0.15,C,noise_curve_c_s59_Sepsis_Case
Sepsis_Case,lstm,baseline,0.1,6,0.663019,0.470701,0.928865,0.000912,0.032026,0.001368,0.011924,0.581021,0.432766,0.071066,0.000294,0.0,0.005076,0.991602,394,6|7|8,7,1082,0.663946,1.12,13.4,0.09,0.29,0.48,2.98,4.67,NVIDIA A100-SXM4-80GB,43a14d7652fde71f,ca89a5e805b1,1,temporal,train,all,0.7,0.15,0.15,C,noise_curve_c_s59_Sepsis_Case
Sepsis_Case,lstm,checker,0.1,6,0.673507,0.488917,0.925217,0.000912,0.022157,0.001368,0.00943,0.559828,0.386377,0.109137,0.000294,0.05549,0.005076,0.972927,394,6|7|8,10,1082,0.663946,1.11,16.62,0.09,0.29,0.48,2.98,4.67,NVIDIA A100-SXM4-80GB,43a14d7652fde71f,ca89a5e805b1,1,temporal,train,all,0.7,0.15,0.15,C,noise_curve_c_s59_Sepsis_Case
Sepsis_Case,lstm,checker_net,0.1,6,0.668491,0.484901,0.919745,0.000912,0.028497,0.00228,0.00916,0.564796,0.386083,0.104061,0.000294,0.052261,0.002538,0.974329,394,6|7|8,10,1082,0.663946,1.29,19.41,0.09,0.29,0.48,2.98,4.67,NVIDIA A100-SXM4-80GB,43a14d7652fde71f,ca89a5e805b1,1,temporal,train,all,0.7,0.15,0.15,C,noise_curve_c_s59_Sepsis_Case
Sepsis_Case,lstm,checker_net_state,0.1,6,0.669403,0.486482,0.920201,0.000912,0.026194,0.001368,0.009489,0.558647,0.39724,0.116751,0.000294,0.057252,0.005076,0.97228,394,6|7|8,10,1082,0.663946,1.46,21.83,0.09,0.29,0.48,2.98,4.67,NVIDIA A100-SXM4-80GB,43a14d7652fde71f,ca89a5e805b1,1,temporal,train,all,0.7,0.15,0.15,C,noise_curve_c_s59_Sepsis_Case
Sepsis_Case,lstm,marking,0.1,6,0.667123,0.483509,0.930233,0.000456,0.028357,0.001368,0.009806,0.574781,0.421609,0.088832,0.016735,0.019378,0.010152,0.985353,394,6|7|8,13,1082,0.663946,1.45,26.11,0.09,0.29,0.48,2.98,4.67,NVIDIA A100-SXM4-80GB,43a14d7652fde71f,ca89a5e805b1,1,temporal,train,all,0.7,0.15,0.15,C,noise_curve_c_s59_Sepsis_Case
Sepsis_Case,lstm,gnn,0.1,6,0.670771,0.482529,0.928409,0.000456,0.026605,0.001824,0.0101,0.548789,0.404287,0.086294,0.0,0.030828,0.005076,0.983031,394,6|7|8,14,1082,0.663946,1.43,27.08,0.09,0.29,0.48,2.98,4.67,NVIDIA A100-SXM4-80GB,43a14d7652fde71f,ca89a5e805b1,1,temporal,train,all,0.7,0.15,0.15,C,noise_curve_c_s59_Sepsis_Case
Sepsis_Case,lstm,seq,0.1,6,0.670315,0.485354,0.927953,0.000912,0.02607,0.001824,0.009785,0.577321,0.405167,0.088832,0.00323,0.026424,0.005076,0.983113,394,6|7|8,7,1082,0.663946,3.4,40.8,0.09,0.29,0.48,2.98,4.67,NVIDIA A100-SXM4-80GB,43a14d7652fde71f,ca89a5e805b1,1,temporal,train,all,0.7,0.15,0.15,C,noise_curve_c_s59_Sepsis_Case
Sepsis_Case,lstm,lll,0.1,6,0.669859,0.479466,0.921569,0.0,0.02215,0.0,0.000872,0.538058,0.362008,0.096447,0.040223,0.0,0.005076,0.977358,394,6|7|8,10,1082,0.663946,1.4,20.94,0.09,0.29,0.48,2.98,4.67,NVIDIA A100-SXM4-80GB,43a14d7652fde71f,ca89a5e805b1,1,temporal,train,all,0.7,0.15,0.15,C,noise_curve_c_s59_Sepsis_Case
Sepsis_Case,lstm,gll,0.1,6,0.653899,0.482544,0.931145,0.000912,0.016804,0.001368,0.005683,0.531856,0.354668,0.088832,0.042278,0.0,0.005076,0.977419,394,6|7|8,17,1082,0.663946,3.04,66.84,0.09,0.29,0.48,2.98,4.67,NVIDIA A100-SXM4-80GB,43a14d7652fde71f,ca89a5e805b1,1,temporal,train,all,0.7,0.15,0.15,C,noise_curve_c_s59_Sepsis_Case
Sepsis_Case,lstm,baseline,0.2,6,0.664843,0.476798,0.930689,0.000912,0.061073,0.003648,0.018276,0.582296,0.423664,0.076142,0.000587,0.005285,0.007614,0.990282,394,6|7|8,11,2164,0.439456,1.32,21.2,0.09,0.29,0.48,2.98,4.67,NVIDIA A100-SXM4-80GB,43a14d7652fde71f,ca89a5e805b1,1,temporal,train,all,0.7,0.15,0.15,C,noise_curve_c_s59_Sepsis_Case
Sepsis_Case,lstm,checker,0.2,6,0.667579,0.479551,0.922025,0.000912,0.04256,0.003192,0.014481,0.578865,0.419554,0.073604,0.000294,0.003817,0.007614,0.990419,394,6|7|8,11,2164,0.439456,1.51,24.21,0.09,0.29,0.48,2.98,4.67,NVIDIA A100-SXM4-80GB,43a14d7652fde71f,ca89a5e805b1,1,temporal,train,all,0.7,0.15,0.15,C,noise_curve_c_s59_Sepsis_Case
Sepsis_Case,lstm,checker_net,0.2,6,0.664843,0.475902,0.923393,0.000912,0.057751,0.00228,0.013068,0.578601,0.418673,0.076142,0.000294,0.004698,0.005076,0.99053,394,6|7|8,11,2164,0.439456,1.39,22.3,0.09,0.29,0.48,2.98,4.67,NVIDIA A100-SXM4-80GB,43a14d7652fde71f,ca89a5e805b1,1,temporal,train,all,0.7,0.15,0.15,C,noise_curve_c_s59_Sepsis_Case
Sepsis_Case,lstm,checker_net_state,0.2,6,0.668035,0.478429,0.928865,0.001368,0.050234,0.004104,0.014874,0.584534,0.427481,0.07868,0.000294,0.004404,0.007614,0.990547,394,6|7|8,11,2164,0.439456,1.38,22.13,0.09,0.29,0.48,2.98,4.67,NVIDIA A100-SXM4-80GB,43a14d7652fde71f,ca89a5e805b1,1,temporal,train,all,0.7,0.15,0.15,C,noise_curve_c_s59_Sepsis_Case
Sepsis_Case,lstm,marking,0.2,6,0.654355,0.46315,0.924761,0.000912,0.059139,0.004104,0.018136,0.572612,0.392836,0.076142,0.000294,0.001762,0.007614,0.99146,394,6|7|8,10,2164,0.439456,1.42,21.24,0.09,0.29,0.48,2.98,4.67,NVIDIA A100-SXM4-80GB,43a14d7652fde71f,ca89a5e805b1,1,temporal,train,all,0.7,0.15,0.15,C,noise_curve_c_s59_Sepsis_Case
Sepsis_Case,lstm,gnn,0.2,6,0.662107,0.465581,0.922025,0.000912,0.057817,0.001824,0.017483,0.575879,0.41192,0.07868,0.000294,0.000587,0.007614,0.991755,394,6|7|8,9,2164,0.439456,1.52,21.25,0.09,0.29,0.48,2.98,4.67,NVIDIA A100-SXM4-80GB,43a14d7652fde71f,ca89a5e805b1,1,temporal,train,all,0.7,0.15,0.15,C,noise_curve_c_s59_Sepsis_Case
Sepsis_Case,lstm,seq,0.2,6,0.663931,0.470415,0.930233,0.000912,0.057028,0.001368,0.015869,0.580112,0.435995,0.071066,0.000587,0.000881,0.005076,0.991817,394,6|7|8,10,2164,0.439456,3.36,50.46,0.09,0.29,0.48,2.98,4.67,NVIDIA A100-SXM4-80GB,43a14d7652fde71f,ca89a5e805b1,1,temporal,train,all,0.7,0.15,0.15,C,noise_curve_c_s59_Sepsis_Case
Sepsis_Case,lstm,lll,0.2,6,0.657547,0.46221,0.922481,0.000912,0.047714,0.0,0.001061,0.58135,0.429536,0.081218,0.000294,0.0,0.005076,0.991163,394,6|7|8,10,2164,0.439456,1.18,17.7,0.09,0.29,0.48,2.98,4.67,NVIDIA A100-SXM4-80GB,43a14d7652fde71f,ca89a5e805b1,1,temporal,train,all,0.7,0.15,0.15,C,noise_curve_c_s59_Sepsis_Case
Sepsis_Case,lstm,gll,0.2,6,0.660739,0.46327,0.922481,0.000912,0.041704,0.000456,0.011178,0.579592,0.428655,0.07868,0.000294,0.0,0.005076,0.990407,394,6|7|8,10,2164,0.439456,3.0,45.05,0.09,0.29,0.48,2.98,4.67,NVIDIA A100-SXM4-80GB,43a14d7652fde71f,ca89a5e805b1,1,temporal,train,all,0.7,0.15,0.15,C,noise_curve_c_s59_Sepsis_Case
Sepsis_Case,lstm,baseline,0.3,6,0.657091,0.461413,0.913817,0.001368,0.089528,0.004104,0.025131,0.570897,0.40781,0.076142,0.003817,0.004991,0.005076,0.989316,394,6|7|8,9,3245,0.295238,1.32,18.53,0.09,0.29,0.48,2.98,4.67,NVIDIA A100-SXM4-80GB,43a14d7652fde71f,ca89a5e805b1,1,temporal,train,all,0.7,0.15,0.15,C,noise_curve_c_s59_Sepsis_Case
Sepsis_Case,lstm,checker,0.3,6,0.652987,0.460729,0.912905,0.001368,0.064413,0.004104,0.019755,0.571217,0.410159,0.076142,0.001174,0.00323,0.007614,0.990114,394,6|7|8,9,3245,0.295238,1.13,15.85,0.09,0.29,0.48,2.98,4.67,NVIDIA A100-SXM4-80GB,43a14d7652fde71f,ca89a5e805b1,1,temporal,train,all,0.7,0.15,0.15,C,noise_curve_c_s59_Sepsis_Case
Sepsis_Case,lstm,checker_net,0.3,6,0.652531,0.459084,0.915185,0.001368,0.085799,0.004104,0.018577,0.574557,0.4266,0.076142,0.002936,0.00411,0.005076,0.98937,394,6|7|8,9,3245,0.295238,1.17,16.39,0.09,0.29,0.48,2.98,4.67,NVIDIA A100-SXM4-80GB,43a14d7652fde71f,ca89a5e805b1,1,temporal,train,all,0.7,0.15,0.15,C,noise_curve_c_s59_Sepsis_Case
Sepsis_Case,lstm,checker_net_state,0.3,6,0.657091,0.463469,0.916097,0.001824,0.078007,0.00456,0.021565,0.57242,0.414269,0.076142,0.000587,0.001762,0.005076,0.990157,394,6|7|8,9,3245,0.295238,1.16,16.24,0.09,0.29,0.48,2.98,4.67,NVIDIA A100-SXM4-80GB,43a14d7652fde71f,ca89a5e805b1,1,temporal,train,all,0.7,0.15,0.15,C,noise_curve_c_s59_Sepsis_Case
Sepsis_Case,lstm,marking,0.3,6,0.658915,0.461375,0.908801,0.001368,0.086176,0.003648,0.025584,0.573094,0.424251,0.073604,0.000294,0.001174,0.005076,0.990809,394,6|7|8,8,3245,0.295238,1.41,18.34,0.09,0.29,0.48,2.98,4.67,NVIDIA A100-SXM4-80GB,43a14d7652fde71f,ca89a5e805b1,1,temporal,train,all,0.7,0.15,0.15,C,noise_curve_c_s59_Sepsis_Case
Sepsis_Case,lstm,gnn,0.3,6,0.651163,0.465115,0.911081,0.001368,0.089778,0.001824,0.024761,0.551087,0.393717,0.073604,0.002349,0.00323,0.005076,0.989993,394,6|7|8,11,3245,0.295238,1.36,21.77,0.09,0.29,0.48,2.98,4.67,NVIDIA A100-SXM4-80GB,43a14d7652fde71f,ca89a5e805b1,1,temporal,train,all,0.7,0.15,0.15,C,noise_curve_c_s59_Sepsis_Case
Sepsis_Case,lstm,seq,0.3,6,0.653443,0.457342,0.908801,0.00228,0.082867,0.002736,0.025142,0.566994,0.426013,0.06599,0.000881,0.000587,0.005076,0.990771,394,6|7|8,6,3245,0.295238,3.43,37.7,0.09,0.29,0.48,2.98,4.67,NVIDIA A100-SXM4-80GB,43a14d7652fde71f,ca89a5e805b1,1,temporal,train,all,0.7,0.15,0.15,C,noise_curve_c_s59_Sepsis_Case
Sepsis_Case,lstm,lll,0.3,6,0.652531,0.468291,0.911081,0.000456,0.075463,0.0,0.000924,0.564808,0.406342,0.098985,0.030828,0.0,0.005076,0.981204,394,6|7|8,15,3245,0.295238,1.38,27.68,0.09,0.29,0.48,2.98,4.67,NVIDIA A100-SXM4-80GB,43a14d7652fde71f,ca89a5e805b1,1,temporal,train,all,0.7,0.15,0.15,C,noise_curve_c_s59_Sepsis_Case
Sepsis_Case,lstm,gll,0.3,6,0.656179,0.458115,0.907889,0.001368,0.071173,0.000912,0.017095,0.570275,0.431004,0.073604,0.000294,0.0,0.005076,0.989046,394,6|7|8,11,3245,0.295238,3.12,49.92,0.09,0.29,0.48,2.98,4.67,NVIDIA A100-SXM4-80GB,43a14d7652fde71f,ca89a5e805b1,1,temporal,train,all,0.7,0.15,0.15,C,noise_curve_c_s59_Sepsis_Case
Sepsis_Case,lstm,baseline,0.4,6,0.643411,0.445833,0.895121,0.004104,0.113591,0.007296,0.034818,0.5613,0.432766,0.06599,0.002055,0.003523,0.005076,0.988274,394,6|7|8,8,4327,0.217687,1.52,19.81,0.09,0.29,0.48,2.98,4.67,NVIDIA A100-SXM4-80GB,43a14d7652fde71f,ca89a5e805b1,1,temporal,train,all,0.7,0.15,0.15,C,noise_curve_c_s59_Sepsis_Case
Sepsis_Case,lstm,checker,0.4,6,0.645235,0.448533,0.897857,0.001368,0.081892,0.005016,0.027555,0.561759,0.426307,0.068528,0.000294,0.002055,0.005076,0.988076,394,6|7|8,8,4327,0.217687,1.12,14.58,0.09,0.29,0.48,2.98,4.67,NVIDIA A100-SXM4-80GB,43a14d7652fde71f,ca89a5e805b1,1,temporal,train,all,0.7,0.15,0.15,C,noise_curve_c_s59_Sepsis_Case
Sepsis_Case,lstm,checker_net,0.4,6,0.640675,0.448553,0.885545,0.00228,0.114721,0.004104,0.024572,0.567098,0.424839,0.068528,0.000587,0.002936,0.005076,0.987262,394,6|7|8,13,4327,0.217687,1.14,20.52,0.09,0.29,0.48,2.98,4.67,NVIDIA A100-SXM4-80GB,43a14d7652fde71f,ca89a5e805b1,1,temporal,train,all,0.7,0.15,0.15,C,noise_curve_c_s59_Sepsis_Case
Sepsis_Case,lstm,checker_net_state,0.4,6,0.641587,0.443991,0.899225,0.005928,0.099691,0.009576,0.030026,0.558927,0.429243,0.06599,0.00323,0.004991,0.005076,0.988104,394,6|7|8,8,4327,0.217687,1.21,15.69,0.09,0.29,0.48,2.98,4.67,NVIDIA A100-SXM4-80GB,43a14d7652fde71f,ca89a5e805b1,1,temporal,train,all,0.7,0.15,0.15,C,noise_curve_c_s59_Sepsis_Case
Sepsis_Case,lstm,marking,0.4,6,0.644323,0.458878,0.898769,0.001824,0.125479,0.003648,0.033634,0.557479,0.405167,0.091371,0.029654,0.031709,0.005076,0.977824,394,6|7|8,10,4327,0.217687,1.41,21.08,0.09,0.29,0.48,2.98,4.67,NVIDIA A100-SXM4-80GB,43a14d7652fde71f,ca89a5e805b1,1,temporal,train,all,0.7,0.15,0.15,C,noise_curve_c_s59_Sepsis_Case
Sepsis_Case,lstm,gnn,0.4,6,0.638851,0.448492,0.880529,0.002736,0.127787,0.00456,0.035654,0.543512,0.402525,0.073604,0.006753,0.017029,0.007614,0.984765,394,6|7|8,13,4327,0.217687,1.53,27.52,0.09,0.29,0.48,2.98,4.67,NVIDIA A100-SXM4-80GB,43a14d7652fde71f,ca89a5e805b1,1,temporal,train,all,0.7,0.15,0.15,C,noise_curve_c_s59_Sepsis_Case
Sepsis_Case,lstm,seq,0.4,6,0.640675,0.465021,0.877793,0.004104,0.117417,0.003648,0.031489,0.547604,0.390781,0.111675,0.071051,0.062243,0.005076,0.96684,394,6|7|8,14,4327,0.217687,3.38,64.31,0.09,0.29,0.48,2.98,4.67,NVIDIA A100-SXM4-80GB,43a14d7652fde71f,ca89a5e805b1,1,temporal,train,all,0.7,0.15,0.15,C,noise_curve_c_s59_Sepsis_Case
Sepsis_Case,lstm,lll,0.4,6,0.635659,0.457001,0.876425,0.00228,0.089896,0.0,0.000514,0.527767,0.377863,0.083756,0.075161,0.0,0.005076,0.974298,394,6|7|8,18,4327,0.217687,1.44,33.1,0.09,0.29,0.48,2.98,4.67,NVIDIA A100-SXM4-80GB,43a14d7652fde71f,ca89a5e805b1,1,temporal,train,all,0.7,0.15,0.15,C,noise_curve_c_s59_Sepsis_Case
Sepsis_Case,lstm,gll,0.4,6,0.631555,0.454134,0.868673,0.002736,0.098068,0.001368,0.020411,0.511812,0.373459,0.088832,0.041104,0.000587,0.005076,0.979472,394,6|7|8,18,4327,0.217687,2.99,68.7,0.09,0.29,0.48,2.98,4.67,NVIDIA A100-SXM4-80GB,43a14d7652fde71f,ca89a5e805b1,1,temporal,train,all,0.7,0.15,0.15,C,noise_curve_c_s59_Sepsis_Case
Sepsis_Case,lstm,baseline,0.5,6,0.611491,0.410232,0.877793,0.008208,0.148617,0.010944,0.040608,0.53664,0.403993,0.048223,0.008514,0.009982,0.005076,0.980463,394,6|7|8,9,5409,0.142857,1.12,15.74,0.09,0.29,0.48,2.98,4.67,NVIDIA A100-SXM4-80GB,43a14d7652fde71f,ca89a5e805b1,1,temporal,train,all,0.7,0.15,0.15,C,noise_curve_c_s59_Sepsis_Case
Sepsis_Case,lstm,checker,0.5,6,0.608299,0.410558,0.889649,0.001824,0.107468,0.003648,0.032075,0.537878,0.395772,0.050761,0.000587,0.001468,0.005076,0.984866,394,6|7|8,9,5409,0.142857,1.14,15.99,0.09,0.29,0.48,2.98,4.67,NVIDIA A100-SXM4-80GB,43a14d7652fde71f,ca89a5e805b1,1,temporal,train,all,0.7,0.15,0.15,C,noise_curve_c_s59_Sepsis_Case
Sepsis_Case,lstm,checker_net,0.5,6,0.603739,0.403331,0.876425,0.004104,0.140721,0.005016,0.028564,0.5184,0.400763,0.043147,0.005285,0.005872,0.005076,0.982502,394,6|7|8,9,5409,0.142857,1.13,15.77,0.09,0.29,0.48,2.98,4.67,NVIDIA A100-SXM4-80GB,43a14d7652fde71f,ca89a5e805b1,1,temporal,train,all,0.7,0.15,0.15,C,noise_curve_c_s59_Sepsis_Case
Sepsis_Case,lstm,checker_net_state,0.5,6,0.611035,0.401231,0.881441,0.005928,0.133313,0.007296,0.034757,0.531688,0.413975,0.048223,0.006459,0.008808,0.005076,0.982064,394,6|7|8,9,5409,0.142857,1.23,17.16,0.09,0.29,0.48,2.98,4.67,NVIDIA A100-SXM4-80GB,43a14d7652fde71f,ca89a5e805b1,1,temporal,train,all,0.7,0.15,0.15,C,noise_curve_c_s59_Sepsis_Case
Sepsis_Case,lstm,marking,0.5,6,0.629275,0.437833,0.889649,0.007296,0.158008,0.010488,0.039731,0.549983,0.418379,0.06599,0.006166,0.007927,0.005076,0.983268,394,6|7|8,9,5409,0.142857,1.43,19.96,0.09,0.29,0.48,2.98,4.67,NVIDIA A100-SXM4-80GB,43a14d7652fde71f,ca89a5e805b1,1,temporal,train,all,0.7,0.15,0.15,C,noise_curve_c_s59_Sepsis_Case
Sepsis_Case,lstm,gnn,0.5,6,0.625171,0.427866,0.876425,0.00684,0.148,0.00912,0.040054,0.547654,0.429243,0.060914,0.003523,0.004404,0.005076,0.988371,394,6|7|8,11,5409,0.142857,1.47,23.58,0.09,0.29,0.48,2.98,4.67,NVIDIA A100-SXM4-80GB,43a14d7652fde71f,ca89a5e805b1,1,temporal,train,all,0.7,0.15,0.15,C,noise_curve_c_s59_Sepsis_Case
Sepsis_Case,lstm,seq,0.5,6,0.638851,0.443974,0.887825,0.001824,0.149361,0.002736,0.037435,0.564806,0.431004,0.06599,0.000587,0.000587,0.005076,0.986066,394,6|7|8,9,5409,0.142857,3.36,47.09,0.09,0.29,0.48,2.98,4.67,NVIDIA A100-SXM4-80GB,43a14d7652fde71f,ca89a5e805b1,1,temporal,train,all,0.7,0.15,0.15,C,noise_curve_c_s59_Sepsis_Case
Sepsis_Case,lstm,lll,0.5,6,0.603283,0.408084,0.878705,0.00228,0.119855,0.0,0.0009,0.497569,0.369348,0.048223,0.006459,0.0,0.005076,0.978056,394,6|7|8,14,5409,0.142857,1.32,25.01,0.09,0.29,0.48,2.98,4.67,NVIDIA A100-SXM4-80GB,43a14d7652fde71f,ca89a5e805b1,1,temporal,train,all,0.7,0.15,0.15,C,noise_curve_c_s59_Sepsis_Case
Sepsis_Case,lstm,gll,0.5,6,0.626995,0.434383,0.886457,0.00228,0.134176,0.000912,0.027168,0.532054,0.403699,0.06599,0.000587,0.000294,0.007614,0.983071,394,6|7|8,11,5409,0.142857,3.1,49.66,0.09,0.29,0.48,2.98,4.67,NVIDIA A100-SXM4-80GB,43a14d7652fde71f,ca89a5e805b1,1,temporal,train,all,0.7,0.15,0.15,C,noise_curve_c_s59_Sepsis_Case
Sepsis_Case,lstm,baseline,0.6,6,0.570451,0.360931,0.860009,0.005472,0.17689,0.005928,0.049609,0.497143,0.359366,0.048223,0.032002,0.032002,0.043147,0.972151,394,6|7|8,9,6491,0.12517,1.7,23.74,0.09,0.29,0.48,2.98,4.67,NVIDIA A100-SXM4-80GB,43a14d7652fde71f,ca89a5e805b1,1,temporal,train,all,0.7,0.15,0.15,C,noise_curve_c_s59_Sepsis_Case
Sepsis_Case,lstm,checker,0.6,6,0.577747,0.384675,0.855905,0.00228,0.130199,0.005472,0.041812,0.506469,0.362008,0.053299,0.000881,0.004404,0.010152,0.978851,394,6|7|8,9,6491,0.12517,1.22,17.02,0.09,0.29,0.48,2.98,4.67,NVIDIA A100-SXM4-80GB,43a14d7652fde71f,ca89a5e805b1,1,temporal,train,all,0.7,0.15,0.15,C,noise_curve_c_s59_Sepsis_Case
Sepsis_Case,lstm,checker_net,0.6,6,0.598723,0.420119,0.863657,0.003648,0.17288,0.005928,0.040001,0.503049,0.364944,0.053299,0.050499,0.051674,0.007614,0.967623,394,6|7|8,7,6491,0.12517,1.44,17.27,0.09,0.29,0.48,2.98,4.67,NVIDIA A100-SXM4-80GB,43a14d7652fde71f,ca89a5e805b1,1,temporal,train,all,0.7,0.15,0.15,C,noise_curve_c_s59_Sepsis_Case
Sepsis_Case,lstm,checker_net_state,0.6,6,0.545828,0.366856,0.844049,0.017328,0.155516,0.018696,0.045804,0.470264,0.322666,0.055838,0.136524,0.157076,0.005076,0.942993,394,6|7|8,10,6491,0.12517,1.27,19.04,0.09,0.29,0.48,2.98,4.67,NVIDIA A100-SXM4-80GB,43a14d7652fde71f,ca89a5e805b1,1,temporal,train,all,0.7,0.15,0.15,C,noise_curve_c_s59_Sepsis_Case
Sepsis_Case,lstm,marking,0.6,6,0.559964,0.41541,0.823529,0.010944,0.180374,0.012768,0.05353,0.458098,0.366706,0.063452,0.098356,0.099237,0.007614,0.958221,394,6|7|8,9,6491,0.12517,1.38,19.31,0.09,0.29,0.48,2.98,4.67,NVIDIA A100-SXM4-80GB,43a14d7652fde71f,ca89a5e805b1,1,temporal,train,all,0.7,0.15,0.15,C,noise_curve_c_s59_Sepsis_Case
Sepsis_Case,lstm,gnn,0.6,6,0.564523,0.403977,0.842225,0.013224,0.180489,0.01368,0.050786,0.499155,0.3899,0.068528,0.035526,0.063124,0.025381,0.963641,394,6|7|8,10,6491,0.12517,1.4,21.06,0.09,0.29,0.48,2.98,4.67,NVIDIA A100-SXM4-80GB,43a14d7652fde71f,ca89a5e805b1,1,temporal,train,all,0.7,0.15,0.15,C,noise_curve_c_s59_Sepsis_Case
Sepsis_Case,lstm,seq,0.6,6,0.586867,0.381844,0.857729,0.005016,0.177255,0.005472,0.054767,0.517263,0.392249,0.055838,0.003817,0.003817,0.005076,0.979374,394,6|7|8,8,6491,0.12517,3.37,43.78,0.09,0.29,0.48,2.98,4.67,NVIDIA A100-SXM4-80GB,43a14d7652fde71f,ca89a5e805b1,1,temporal,train,all,0.7,0.15,0.15,C,noise_curve_c_s59_Sepsis_Case
Sepsis_Case,lstm,lll,0.6,6,0.595987,0.399009,0.830825,0.001368,0.149233,0.0,0.001023,0.51935,0.385496,0.050761,0.001762,0.0,0.002538,0.982511,394,6|7|8,13,6491,0.12517,1.31,23.57,0.09,0.29,0.48,2.98,4.67,NVIDIA A100-SXM4-80GB,43a14d7652fde71f,ca89a5e805b1,1,temporal,train,all,0.7,0.15,0.15,C,noise_curve_c_s59_Sepsis_Case
Sepsis_Case,lstm,gll,0.6,6,0.597811,0.424035,0.854993,0.00684,0.159251,0.003192,0.036634,0.45774,0.304169,0.063452,0.280681,0.001762,0.005076,0.981671,394,6|7|8,12,6491,0.12517,3.01,51.16,0.09,0.29,0.48,2.98,4.67,NVIDIA A100-SXM4-80GB,43a14d7652fde71f,ca89a5e805b1,1,temporal,train,all,0.7,0.15,0.15,C,noise_curve_c_s59_Sepsis_Case
Sepsis_Case,lstm,baseline,0.7,6,0.573187,0.344295,0.825353,0.00912,0.224684,0.00912,0.054642,0.495002,0.394891,0.040609,0.015561,0.018497,0.01269,0.98099,394,6|7|8,9,7573,0.072109,1.13,15.85,0.09,0.29,0.48,2.98,4.67,NVIDIA A100-SXM4-80GB,43a14d7652fde71f,ca89a5e805b1,1,temporal,train,all,0.7,0.15,0.15,C,noise_curve_c_s59_Sepsis_Case
Sepsis_Case,lstm,checker,0.7,6,0.563611,0.354984,0.823985,0.00228,0.171366,0.004104,0.042922,0.469038,0.389607,0.040609,0.02936,0.031122,0.076142,0.975149,394,6|7|8,9,7573,0.072109,1.13,15.88,0.09,0.29,0.48,2.98,4.67,NVIDIA A100-SXM4-80GB,43a14d7652fde71f,ca89a5e805b1,1,temporal,train,all,0.7,0.15,0.15,C,noise_curve_c_s59_Sepsis_Case
Sepsis_Case,lstm,checker_net,0.7,6,0.564067,0.349163,0.820337,0.0114,0.21418,0.003192,0.037669,0.482942,0.347035,0.048223,0.010276,0.009395,0.053299,0.980769,394,6|7|8,9,7573,0.072109,1.1,15.36,0.09,0.29,0.48,2.98,4.67,NVIDIA A100-SXM4-80GB,43a14d7652fde71f,ca89a5e805b1,1,temporal,train,all,0.7,0.15,0.15,C,noise_curve_c_s59_Sepsis_Case
Sepsis_Case,lstm,checker_net_state,0.7,6,0.582763,0.344609,0.816689,0.014592,0.204417,0.014136,0.047047,0.515085,0.403993,0.043147,0.019965,0.021139,0.01269,0.978059,394,6|7|8,9,7573,0.072109,1.14,16.01,0.09,0.29,0.48,2.98,4.67,NVIDIA A100-SXM4-80GB,43a14d7652fde71f,ca89a5e805b1,1,temporal,train,all,0.7,0.15,0.15,C,noise_curve_c_s59_Sepsis_Case
Sepsis_Case,lstm,marking,0.7,6,0.535796,0.335463,0.787962,0.023256,0.224843,0.012312,0.054632,0.501374,0.394011,0.045685,0.019965,0.015854,0.005076,0.974269,394,6|7|8,9,7573,0.072109,1.39,19.53,0.09,0.29,0.48,2.98,4.67,NVIDIA A100-SXM4-80GB,43a14d7652fde71f,ca89a5e805b1,1,temporal,train,all,0.7,0.15,0.15,C,noise_curve_c_s59_Sepsis_Case
Sepsis_Case,lstm,gnn,0.7,6,0.571363,0.342011,0.813497,0.007296,0.216994,0.009576,0.055738,0.49673,0.377569,0.043147,0.009689,0.011744,0.022843,0.979209,394,6|7|8,7,7573,0.072109,1.38,16.5,0.09,0.29,0.48,2.98,4.67,NVIDIA A100-SXM4-80GB,43a14d7652fde71f,ca89a5e805b1,1,temporal,train,all,0.7,0.15,0.15,C,noise_curve_c_s59_Sepsis_Case
Sepsis_Case,lstm,seq,0.7,6,0.564979,0.340677,0.819425,0.004104,0.213793,0.005928,0.053287,0.495904,0.391662,0.020305,0.002055,0.002936,0.002538,0.98491,394,6|7|8,7,7573,0.072109,3.33,39.96,0.09,0.29,0.48,2.98,4.67,NVIDIA A100-SXM4-80GB,43a14d7652fde71f,ca89a5e805b1,1,temporal,train,all,0.7,0.15,0.15,C,noise_curve_c_s59_Sepsis_Case
Sepsis_Case,lstm,lll,0.7,6,0.476516,0.295779,0.76881,0.008208,0.182619,0.0,0.001051,0.353545,0.313271,0.030457,0.007046,0.0,0.015228,0.974801,394,6|7|8,18,7573,0.072109,1.31,30.15,0.09,0.29,0.48,2.98,4.67,NVIDIA A100-SXM4-80GB,43a14d7652fde71f,ca89a5e805b1,1,temporal,train,all,0.7,0.15,0.15,C,noise_curve_c_s59_Sepsis_Case
Sepsis_Case,lstm,gll,0.7,6,0.524396,0.335475,0.747834,0.003192,0.199762,0.000912,0.037576,0.462766,0.354081,0.043147,0.004698,0.001174,0.020305,0.981813,394,6|7|8,18,7573,0.072109,3.04,69.88,0.09,0.29,0.48,2.98,4.67,NVIDIA A100-SXM4-80GB,43a14d7652fde71f,ca89a5e805b1,1,temporal,train,all,0.7,0.15,0.15,C,noise_curve_c_s59_Sepsis_Case
Sepsis_Case,lstm,baseline,0.8,6,0.481988,0.265512,0.783858,0.002736,0.238209,0.002736,0.062,0.357915,0.263652,0.007614,0.093952,0.079565,0.129442,0.967911,394,6|7|8,6,8654,0.054422,1.23,13.51,0.09,0.29,0.48,2.98,4.67,NVIDIA A100-SXM4-80GB,43a14d7652fde71f,ca89a5e805b1,1,temporal,train,all,0.7,0.15,0.15,C,noise_curve_c_s59_Sepsis_Case
Sepsis_Case,lstm,checker,0.8,6,0.4487,0.268736,0.762882,0.005928,0.181972,0.006384,0.053694,0.368949,0.28303,0.002538,0.008514,0.008514,0.175127,0.961552,394,6|7|8,6,8654,0.054422,1.52,16.74,0.09,0.29,0.48,2.98,4.67,NVIDIA A100-SXM4-80GB,43a14d7652fde71f,ca89a5e805b1,1,temporal,train,all,0.7,0.15,0.15,C,noise_curve_c_s59_Sepsis_Case
Sepsis_Case,lstm,checker_net,0.8,6,0.4829,0.278555,0.782946,0.007752,0.23056,0.007296,0.047895,0.380096,0.281856,0.005076,0.011157,0.010863,0.086294,0.973507,394,6|7|8,6,8654,0.054422,1.11,12.17,0.09,0.29,0.48,2.98,4.67,NVIDIA A100-SXM4-80GB,43a14d7652fde71f,ca89a5e805b1,1,temporal,train,all,0.7,0.15,0.15,C,noise_curve_c_s59_Sepsis_Case
Sepsis_Case,lstm,checker_net_state,0.8,6,0.481076,0.266263,0.78477,0.003648,0.221564,0.003648,0.055028,0.37681,0.283324,0.007614,0.083089,0.08074,0.068528,0.96847,394,6|7|8,6,8654,0.054422,1.13,12.41,0.09,0.29,0.48,2.98,4.67,NVIDIA A100-SXM4-80GB,43a14d7652fde71f,ca89a5e805b1,1,temporal,train,all,0.7,0.15,0.15,C,noise_curve_c_s59_Sepsis_Case
Sepsis_Case,lstm,marking,0.8,6,0.401733,0.248228,0.710898,0.039216,0.244574,0.036936,0.062579,0.274888,0.227246,0.002538,0.182619,0.182325,0.22335,0.93453,394,6|7|8,4,8654,0.054422,1.4,12.56,0.09,0.29,0.48,2.98,4.67,NVIDIA A100-SXM4-80GB,43a14d7652fde71f,ca89a5e805b1,1,temporal,train,all,0.7,0.15,0.15,C,noise_curve_c_s59_Sepsis_Case
Sepsis_Case,lstm,gnn,0.8,6,0.470132,0.250604,0.740082,0.013224,0.243501,0.012768,0.063152,0.292785,0.186436,0.007614,0.229888,0.15091,0.416244,0.933223,394,6|7|8,6,8654,0.054422,1.52,16.74,0.09,0.29,0.48,2.98,4.67,NVIDIA A100-SXM4-80GB,43a14d7652fde71f,ca89a5e805b1,1,temporal,train,all,0.7,0.15,0.15,C,noise_curve_c_s59_Sepsis_Case
Sepsis_Case,lstm,seq,0.8,6,0.452348,0.281798,0.76653,0.017784,0.244683,0.017328,0.063519,0.374553,0.320317,0.01269,0.043746,0.043746,0.017766,0.962592,394,6|7|8,5,8654,0.054422,3.32,33.2,0.09,0.29,0.48,2.98,4.67,NVIDIA A100-SXM4-80GB,43a14d7652fde71f,ca89a5e805b1,1,temporal,train,all,0.7,0.15,0.15,C,noise_curve_c_s59_Sepsis_Case
Sepsis_Case,lstm,lll,0.8,6,0.309166,0.122307,0.632011,0.067031,0.210832,0.0,0.002694,0.210523,0.288021,0.0,0.0,0.0,0.0,0.98259,394,6|7|8,6,8654,0.054422,1.45,16.0,0.09,0.29,0.48,2.98,4.67,NVIDIA A100-SXM4-80GB,43a14d7652fde71f,ca89a5e805b1,1,temporal,train,all,0.7,0.15,0.15,C,noise_curve_c_s59_Sepsis_Case
Sepsis_Case,lstm,gll,0.8,6,0.437756,0.242457,0.772002,0.003192,0.217139,0.000456,0.047334,0.305537,0.231356,0.002538,0.020846,0.000881,0.243655,0.974593,394,6|7|8,11,8654,0.054422,3.07,49.15,0.09,0.29,0.48,2.98,4.67,NVIDIA A100-SXM4-80GB,43a14d7652fde71f,ca89a5e805b1,1,temporal,train,all,0.7,0.15,0.15,C,noise_curve_c_s59_Sepsis_Case
Sepsis_Case,lstm,baseline,0.0,7,0.668035,0.49164,0.936161,0.0,0.00237,0.001368,0.002199,0.551491,0.369935,0.091371,0.0,0.042866,0.0,0.97366,394,6|7|8,13,0,0.997279,1.25,22.45,0.09,0.29,0.48,2.98,4.67,NVIDIA A100-SXM4-80GB,43a14d7652fde71f,ca89a5e805b1,1,temporal,train,all,0.7,0.15,0.15,C,noise_curve_c_s59_Sepsis_Case
Sepsis_Case,lstm,checker,0.0,7,0.668947,0.493753,0.937073,0.0,0.001655,0.001368,0.001839,0.562632,0.37845,0.093909,0.0,0.045214,0.0,0.9731,394,6|7|8,13,0,0.997279,1.36,24.51,0.09,0.29,0.48,2.98,4.67,NVIDIA A100-SXM4-80GB,43a14d7652fde71f,ca89a5e805b1,1,temporal,train,all,0.7,0.15,0.15,C,noise_curve_c_s59_Sepsis_Case
Sepsis_Case,lstm,checker_net,0.0,7,0.667579,0.492564,0.937984,0.0,0.00214,0.001368,0.001891,0.550022,0.350851,0.091371,0.0,0.049325,0.0,0.971695,394,6|7|8,13,0,0.997279,1.22,21.99,0.09,0.29,0.48,2.98,4.67,NVIDIA A100-SXM4-80GB,43a14d7652fde71f,ca89a5e805b1,1,temporal,train,all,0.7,0.15,0.15,C,noise_curve_c_s59_Sepsis_Case
Sepsis_Case,lstm,checker_net_state,0.0,7,0.674875,0.49453,0.937073,0.0,0.002026,0.001824,0.001991,0.558092,0.390194,0.081218,0.0,0.034351,0.0,0.979927,394,6|7|8,13,0,0.997279,1.67,30.05,0.09,0.29,0.48,2.98,4.67,NVIDIA A100-SXM4-80GB,43a14d7652fde71f,ca89a5e805b1,1,temporal,train,all,0.7,0.15,0.15,C,noise_curve_c_s59_Sepsis_Case
Sepsis_Case,lstm,marking,0.0,7,0.658459,0.48613,0.940264,0.0,0.002225,0.001824,0.002368,0.567814,0.387258,0.098985,0.0,0.028773,0.0,0.980376,394,6|7|8,12,0,0.997279,1.39,23.69,0.09,0.29,0.48,2.98,4.67,NVIDIA A100-SXM4-80GB,43a14d7652fde71f,ca89a5e805b1,1,temporal,train,all,0.7,0.15,0.15,C,noise_curve_c_s59_Sepsis_Case
Sepsis_Case,lstm,gnn,0.0,7,0.669403,0.491947,0.942544,0.0,0.002846,0.001824,0.002187,0.551658,0.377275,0.111675,0.0,0.052554,0.0,0.968365,394,6|7|8,10,0,0.997279,1.5,22.56,0.09,0.29,0.48,2.98,4.67,NVIDIA A100-SXM4-80GB,43a14d7652fde71f,ca89a5e805b1,1,temporal,train,all,0.7,0.15,0.15,C,noise_curve_c_s59_Sepsis_Case
Sepsis_Case,lstm,seq,0.0,7,0.680803,0.490061,0.933425,0.0,0.003119,0.001824,0.002258,0.586142,0.422783,0.073604,0.0,0.003817,0.0,0.991324,394,6|7|8,10,0,0.997279,3.29,49.37,0.09,0.29,0.48,2.98,4.67,NVIDIA A100-SXM4-80GB,43a14d7652fde71f,ca89a5e805b1,1,temporal,train,all,0.7,0.15,0.15,C,noise_curve_c_s59_Sepsis_Case
Sepsis_Case,lstm,lll,0.0,7,0.671227,0.493979,0.937073,0.0,0.001923,0.000456,0.000764,0.546897,0.363476,0.109137,0.043453,0.034645,0.002538,0.977608,394,6|7|8,13,0,0.997279,1.48,26.58,0.09,0.29,0.48,2.98,4.67,NVIDIA A100-SXM4-80GB,43a14d7652fde71f,ca89a5e805b1,1,temporal,train,all,0.7,0.15,0.15,C,noise_curve_c_s59_Sepsis_Case
Sepsis_Case,lstm,gll,0.0,7,0.670771,0.489981,0.939352,0.0,0.001021,0.001368,0.001255,0.521338,0.360834,0.088832,0.042278,0.000587,0.0,0.974174,394,6|7|8,21,0,0.997279,3.01,78.32,0.09,0.29,0.48,2.98,4.67,NVIDIA A100-SXM4-80GB,43a14d7652fde71f,ca89a5e805b1,1,temporal,train,all,0.7,0.15,0.15,C,noise_curve_c_s59_Sepsis_Case
Sepsis_Case,lstm,baseline,0.1,7,0.658459,0.472984,0.921113,0.000456,0.027877,0.001824,0.009124,0.56921,0.396359,0.088832,0.0,0.010863,0.010152,0.988843,394,6|7|8,15,1082,0.680272,1.29,25.88,0.09,0.29,0.48,2.98,4.67,NVIDIA A100-SXM4-80GB,43a14d7652fde71f,ca89a5e805b1,1,temporal,train,all,0.7,0.15,0.15,C,noise_curve_c_s59_Sepsis_Case
Sepsis_Case,lstm,checker,0.1,7,0.657091,0.481079,0.932513,0.000912,0.019555,0.000912,0.007526,0.56707,0.417205,0.104061,0.000294,0.043746,0.010152,0.977025,394,6|7|8,11,1082,0.680272,1.49,23.83,0.09,0.29,0.48,2.98,4.67,NVIDIA A100-SXM4-80GB,43a14d7652fde71f,ca89a5e805b1,1,temporal,train,all,0.7,0.15,0.15,C,noise_curve_c_s59_Sepsis_Case
Sepsis_Case,lstm,checker_net,0.1,7,0.663019,0.483539,0.932969,0.000912,0.026259,0.000912,0.007379,0.555079,0.381679,0.106599,0.000294,0.042572,0.01269,0.977002,394,6|7|8,11,1082,0.680272,1.19,19.03,0.09,0.29,0.48,2.98,4.67,NVIDIA A100-SXM4-80GB,43a14d7652fde71f,ca89a5e805b1,1,temporal,train,all,0.7,0.15,0.15,C,noise_curve_c_s59_Sepsis_Case
Sepsis_Case,lstm,checker_net_state,0.1,7,0.661195,0.474641,0.934337,0.000456,0.023857,0.001824,0.007589,0.5645,0.402819,0.083756,0.0,0.016442,0.005076,0.988093,394,6|7|8,12,1082,0.680272,1.37,23.29,0.09,0.29,0.48,2.98,4.67,NVIDIA A100-SXM4-80GB,43a14d7652fde71f,ca89a5e805b1,1,temporal,train,all,0.7,0.15,0.15,C,noise_curve_c_s59_Sepsis_Case
Sepsis_Case,lstm,marking,0.1,7,0.669859,0.477295,0.927497,0.000912,0.029204,0.001368,0.01064,0.555308,0.40458,0.081218,0.000294,0.034058,0.005076,0.982087,394,6|7|8,9,1082,0.680272,1.39,19.46,0.09,0.29,0.48,2.98,4.67,NVIDIA A100-SXM4-80GB,43a14d7652fde71f,ca89a5e805b1,1,temporal,train,all,0.7,0.15,0.15,C,noise_curve_c_s59_Sepsis_Case
Sepsis_Case,lstm,gnn,0.1,7,0.665299,0.48611,0.927041,0.001368,0.028927,0.001368,0.009447,0.545648,0.38579,0.111675,0.000294,0.050206,0.002538,0.975825,394,6|7|8,13,1082,0.680272,1.39,25.05,0.09,0.29,0.48,2.98,4.67,NVIDIA A100-SXM4-80GB,43a14d7652fde71f,ca89a5e805b1,1,temporal,train,all,0.7,0.15,0.15,C,noise_curve_c_s59_Sepsis_Case
Sepsis_Case,lstm,seq,0.1,7,0.661195,0.480182,0.930689,0.000912,0.024102,0.000912,0.007753,0.57716,0.390487,0.109137,0.000294,0.034351,0.005076,0.98041,394,6|7|8,12,1082,0.680272,3.33,56.57,0.09,0.29,0.48,2.98,4.67,NVIDIA A100-SXM4-80GB,43a14d7652fde71f,ca89a5e805b1,1,temporal,train,all,0.7,0.15,0.15,C,noise_curve_c_s59_Sepsis_Case
Sepsis_Case,lstm,lll,0.1,7,0.663931,0.469835,0.933881,0.000456,0.021399,0.0,0.000716,0.574562,0.416911,0.081218,0.001762,0.0,0.0,0.992661,394,6|7|8,12,1082,0.680272,1.27,21.63,0.09,0.29,0.48,2.98,4.67,NVIDIA A100-SXM4-80GB,43a14d7652fde71f,ca89a5e805b1,1,temporal,train,all,0.7,0.15,0.15,C,noise_curve_c_s59_Sepsis_Case
Sepsis_Case,lstm,gll,0.1,7,0.664843,0.471052,0.934337,0.0,0.017215,0.000456,0.005139,0.576376,0.423664,0.073604,0.0,0.0,0.005076,0.992582,394,6|7|8,12,1082,0.680272,2.98,50.69,0.09,0.29,0.48,2.98,4.67,NVIDIA A100-SXM4-80GB,43a14d7652fde71f,ca89a5e805b1,1,temporal,train,all,0.7,0.15,0.15,C,noise_curve_c_s59_Sepsis_Case
Sepsis_Case,lstm,baseline,0.2,7,0.656635,0.476141,0.925217,0.000912,0.058003,0.004104,0.017884,0.544055,0.394011,0.081218,0.001762,0.02936,0.005076,0.980573,394,6|7|8,11,2164,0.47483,1.18,18.83,0.09,0.29,0.48,2.98,4.67,NVIDIA A100-SXM4-80GB,43a14d7652fde71f,ca89a5e805b1,1,temporal,train,all,0.7,0.15,0.15,C,noise_curve_c_s59_Sepsis_Case
Sepsis_Case,lstm,checker,0.2,7,0.665755,0.47234,0.923849,0.000912,0.040841,0.004104,0.014606,0.559801,0.417499,0.081218,0.0,0.008514,0.002538,0.988945,394,6|7|8,9,2164,0.47483,1.16,16.2,0.09,0.29,0.48,2.98,4.67,NVIDIA A100-SXM4-80GB,43a14d7652fde71f,ca89a5e805b1,1,temporal,train,all,0.7,0.15,0.15,C,noise_curve_c_s59_Sepsis_Case
Sepsis_Case,lstm,checker_net,0.2,7,0.658915,0.46813,0.917921,0.000912,0.054656,0.002736,0.013557,0.568197,0.423958,0.071066,0.000294,0.002055,0.005076,0.990826,394,6|7|8,9,2164,0.47483,1.32,18.52,0.09,0.29,0.48,2.98,4.67,NVIDIA A100-SXM4-80GB,43a14d7652fde71f,ca89a5e805b1,1,temporal,train,all,0.7,0.15,0.15,C,noise_curve_c_s59_Sepsis_Case
Sepsis_Case,lstm,checker_net_state,0.2,7,0.657091,0.4648,0.909713,0.000912,0.043263,0.005016,0.014628,0.54666,0.396066,0.073604,0.001468,0.023782,0.002538,0.984846,394,6|7|8,16,2164,0.47483,1.25,26.35,0.09,0.29,0.48,2.98,4.67,NVIDIA A100-SXM4-80GB,43a14d7652fde71f,ca89a5e805b1,1,temporal,train,all,0.7,0.15,0.15,C,noise_curve_c_s59_Sepsis_Case
Sepsis_Case,lstm,marking,0.2,7,0.654355,0.474594,0.922481,0.000912,0.057555,0.00456,0.017081,0.561564,0.413388,0.081218,0.001174,0.042278,0.002538,0.976585,394,6|7|8,13,2164,0.47483,1.38,24.92,0.09,0.29,0.48,2.98,4.67,NVIDIA A100-SXM4-80GB,43a14d7652fde71f,ca89a5e805b1,1,temporal,train,all,0.7,0.15,0.15,C,noise_curve_c_s59_Sepsis_Case
Sepsis_Case,lstm,gnn,0.2,7,0.657091,0.47941,0.924761,0.001824,0.055201,0.00456,0.017876,0.551875,0.389313,0.081218,0.000587,0.035232,0.005076,0.979847,394,6|7|8,10,2164,0.47483,1.34,20.15,0.09,0.29,0.48,2.98,4.67,NVIDIA A100-SXM4-80GB,43a14d7652fde71f,ca89a5e805b1,1,temporal,train,all,0.7,0.15,0.15,C,noise_curve_c_s59_Sepsis_Case
Sepsis_Case,lstm,seq,0.2,7,0.665755,0.476792,0.921569,0.000912,0.055268,0.001824,0.01667,0.564866,0.412214,0.081218,0.000294,0.049618,0.002538,0.974098,394,6|7|8,12,2164,0.47483,3.31,56.27,0.09,0.29,0.48,2.98,4.67,NVIDIA A100-SXM4-80GB,43a14d7652fde71f,ca89a5e805b1,1,temporal,train,all,0.7,0.15,0.15,C,noise_curve_c_s59_Sepsis_Case
Sepsis_Case,lstm,lll,0.2,7,0.662107,0.469234,0.911993,0.000912,0.037768,0.0,0.000758,0.544753,0.40047,0.081218,0.027892,0.0,0.005076,0.984041,394,6|7|8,16,2164,0.47483,1.25,26.24,0.09,0.29,0.48,2.98,4.67,NVIDIA A100-SXM4-80GB,43a14d7652fde71f,ca89a5e805b1,1,temporal,train,all,0.7,0.15,0.15,C,noise_curve_c_s59_Sepsis_Case
Sepsis_Case,lstm,gll,0.2,7,0.660739,0.464151,0.917465,0.000456,0.038179,0.001368,0.009888,0.576241,0.421315,0.071066,0.000294,0.000587,0.005076,0.991395,394,6|7|8,15,2164,0.47483,2.98,59.59,0.09,0.29,0.48,2.98,4.67,NVIDIA A100-SXM4-80GB,43a14d7652fde71f,ca89a5e805b1,1,temporal,train,all,0.7,0.15,0.15,C,noise_curve_c_s59_Sepsis_Case
Sepsis_Case,lstm,baseline,0.3,7,0.646147,0.449217,0.896033,0.00228,0.085994,0.00456,0.023177,0.556677,0.434234,0.058376,0.000587,0.001762,0.005076,0.991075,394,6|7|8,15,3245,0.336054,1.25,25.03,0.09,0.29,0.48,2.98,4.67,NVIDIA A100-SXM4-80GB,43a14d7652fde71f,ca89a5e805b1,1,temporal,train,all,0.7,0.15,0.15,C,noise_curve_c_s59_Sepsis_Case
Sepsis_Case,lstm,checker,0.3,7,0.653443,0.46654,0.906065,0.000912,0.061039,0.004104,0.018214,0.561857,0.410746,0.073604,0.011157,0.022607,0.007614,0.98327,394,6|7|8,16,3245,0.336054,1.25,26.35,0.09,0.29,0.48,2.98,4.67,NVIDIA A100-SXM4-80GB,43a14d7652fde71f,ca89a5e805b1,1,temporal,train,all,0.7,0.15,0.15,C,noise_curve_c_s59_Sepsis_Case
Sepsis_Case,lstm,checker_net,0.3,7,0.644779,0.438785,0.907889,0.00228,0.079081,0.003192,0.015939,0.544105,0.40458,0.063452,0.000294,0.002055,0.005076,0.990364,394,6|7|8,15,3245,0.336054,1.23,24.53,0.09,0.29,0.48,2.98,4.67,NVIDIA A100-SXM4-80GB,43a14d7652fde71f,ca89a5e805b1,1,temporal,train,all,0.7,0.15,0.15,C,noise_curve_c_s59_Sepsis_Case
Sepsis_Case,lstm,checker_net_state,0.3,7,0.640675,0.461006,0.913361,0.001368,0.075055,0.005472,0.019915,0.537974,0.394304,0.086294,0.020846,0.036994,0.007614,0.97858,394,6|7|8,12,3245,0.336054,1.15,19.49,0.09,0.29,0.48,2.98,4.67,NVIDIA A100-SXM4-80GB,43a14d7652fde71f,ca89a5e805b1,1,temporal,train,all,0.7,0.15,0.15,C,noise_curve_c_s59_Sepsis_Case
Sepsis_Case,lstm,marking,0.3,7,0.646147,0.452211,0.900137,0.001368,0.085075,0.00456,0.023537,0.546455,0.389607,0.073604,0.000294,0.004404,0.007614,0.988755,394,6|7|8,14,3245,0.336054,1.38,26.14,0.09,0.29,0.48,2.98,4.67,NVIDIA A100-SXM4-80GB,43a14d7652fde71f,ca89a5e805b1,1,temporal,train,all,0.7,0.15,0.15,C,noise_curve_c_s59_Sepsis_Case
Sepsis_Case,lstm,gnn,0.3,7,0.658003,0.460159,0.910625,0.001824,0.087395,0.004104,0.025233,0.569065,0.421609,0.073604,0.000587,0.001468,0.005076,0.989706,394,6|7|8,10,3245,0.336054,1.4,20.94,0.09,0.29,0.48,2.98,4.67,NVIDIA A100-SXM4-80GB,43a14d7652fde71f,ca89a5e805b1,1,temporal,train,all,0.7,0.15,0.15,C,noise_curve_c_s59_Sepsis_Case
Sepsis_Case,lstm,seq,0.3,7,0.658915,0.461499,0.903785,0.004104,0.089709,0.003192,0.023408,0.562061,0.424251,0.071066,0.006166,0.005872,0.007614,0.989353,394,6|7|8,11,3245,0.336054,3.36,53.8,0.09,0.29,0.48,2.98,4.67,NVIDIA A100-SXM4-80GB,43a14d7652fde71f,ca89a5e805b1,1,temporal,train,all,0.7,0.15,0.15,C,noise_curve_c_s59_Sepsis_Case
Sepsis_Case,lstm,lll,0.3,7,0.649795,0.463202,0.915185,0.000912,0.070816,0.0,0.000942,0.546069,0.388432,0.104061,0.035232,0.0,0.005076,0.981175,394,6|7|8,12,3245,0.336054,1.27,21.55,0.09,0.29,0.48,2.98,4.67,NVIDIA A100-SXM4-80GB,43a14d7652fde71f,ca89a5e805b1,1,temporal,train,all,0.7,0.15,0.15,C,noise_curve_c_s59_Sepsis_Case
Sepsis_Case,lstm,gll,0.3,7,0.655267,0.460084,0.907433,0.003648,0.061958,0.001824,0.013434,0.572265,0.426307,0.073604,0.000587,0.000587,0.005076,0.991521,394,6|7|8,15,3245,0.336054,2.99,59.87,0.09,0.29,0.48,2.98,4.67,NVIDIA A100-SXM4-80GB,43a14d7652fde71f,ca89a5e805b1,1,temporal,train,all,0.7,0.15,0.15,C,noise_curve_c_s59_Sepsis_Case
Sepsis_Case,lstm,baseline,0.4,7,0.641131,0.461688,0.909257,0.003648,0.107642,0.00684,0.03097,0.537998,0.381386,0.104061,0.001762,0.069877,0.005076,0.962007,394,6|7|8,11,4327,0.22585,1.74,27.88,0.09,0.29,0.48,2.98,4.67,NVIDIA A100-SXM4-80GB,43a14d7652fde71f,ca89a5e805b1,1,temporal,train,all,0.7,0.15,0.15,C,noise_curve_c_s59_Sepsis_Case
Sepsis_Case,lstm,checker,0.4,7,0.647971,0.463303,0.906977,0.00228,0.08101,0.005016,0.024299,0.550049,0.384909,0.109137,0.001174,0.053729,0.005076,0.967837,394,6|7|8,11,4327,0.22585,1.68,26.93,0.09,0.29,0.48,2.98,4.67,NVIDIA A100-SXM4-80GB,43a14d7652fde71f,ca89a5e805b1,1,temporal,train,all,0.7,0.15,0.15,C,noise_curve_c_s59_Sepsis_Case
Sepsis_Case,lstm,checker_net,0.4,7,0.645691,0.468482,0.905153,0.003192,0.105953,0.005472,0.021231,0.527288,0.374927,0.106599,0.001762,0.083382,0.005076,0.95877,394,6|7|8,11,4327,0.22585,1.23,19.7,0.09,0.29,0.48,2.98,4.67,NVIDIA A100-SXM4-80GB,43a14d7652fde71f,ca89a5e805b1,1,temporal,train,all,0.7,0.15,0.15,C,noise_curve_c_s59_Sepsis_Case
Sepsis_Case,lstm,checker_net_state,0.4,7,0.639763,0.459955,0.904241,0.002736,0.095436,0.005016,0.025271,0.540505,0.373459,0.106599,0.001468,0.064885,0.005076,0.964286,394,6|7|8,11,4327,0.22585,1.18,18.81,0.09,0.29,0.48,2.98,4.67,NVIDIA A100-SXM4-80GB,43a14d7652fde71f,ca89a5e805b1,1,temporal,train,all,0.7,0.15,0.15,C,noise_curve_c_s59_Sepsis_Case
Sepsis_Case,lstm,marking,0.4,7,0.645691,0.468091,0.897401,0.003192,0.112126,0.005016,0.030827,0.519838,0.34909,0.088832,0.003523,0.104521,0.002538,0.952933,394,6|7|8,11,4327,0.22585,1.38,22.04,0.09,0.29,0.48,2.98,4.67,NVIDIA A100-SXM4-80GB,43a14d7652fde71f,ca89a5e805b1,1,temporal,train,all,0.7,0.15,0.15,C,noise_curve_c_s59_Sepsis_Case
Sepsis_Case,lstm,gnn,0.4,7,0.647515,0.469719,0.900137,0.002736,0.116463,0.002736,0.031701,0.563522,0.406929,0.088832,0.001174,0.036113,0.002538,0.978847,394,6|7|8,11,4327,0.22585,1.43,22.82,0.09,0.29,0.48,2.98,4.67,NVIDIA A100-SXM4-80GB,43a14d7652fde71f,ca89a5e805b1,1,temporal,train,all,0.7,0.15,0.15,C,noise_curve_c_s59_Sepsis_Case
Sepsis_Case,lstm,seq,0.4,7,0.639307,0.449367,0.900137,0.003648,0.110421,0.004104,0.029641,0.552328,0.420435,0.06599,0.001174,0.001468,0.005076,0.990382,394,6|7|8,11,4327,0.22585,3.35,53.6,0.09,0.29,0.48,2.98,4.67,NVIDIA A100-SXM4-80GB,43a14d7652fde71f,ca89a5e805b1,1,temporal,train,all,0.7,0.15,0.15,C,noise_curve_c_s59_Sepsis_Case
Sepsis_Case,lstm,lll,0.4,7,0.635659,0.443558,0.904697,0.000912,0.0863,0.0,0.001382,0.553354,0.394598,0.06599,0.000294,0.0,0.005076,0.988283,394,6|7|8,10,4327,0.22585,1.32,19.77,0.09,0.29,0.48,2.98,4.67,NVIDIA A100-SXM4-80GB,43a14d7652fde71f,ca89a5e805b1,1,temporal,train,all,0.7,0.15,0.15,C,noise_curve_c_s59_Sepsis_Case
Sepsis_Case,lstm,gll,0.4,7,0.650707,0.459019,0.899225,0.002736,0.098596,0.003192,0.020338,0.560383,0.408397,0.068528,0.001468,0.001762,0.005076,0.988382,394,6|7|8,15,4327,0.22585,2.99,59.87,0.09,0.29,0.48,2.98,4.67,NVIDIA A100-SXM4-80GB,43a14d7652fde71f,ca89a5e805b1,1,temporal,train,all,0.7,0.15,0.15,C,noise_curve_c_s59_Sepsis_Case
Sepsis_Case,lstm,baseline,0.5,7,0.599635,0.420975,0.874145,0.005016,0.14412,0.00456,0.043012,0.561986,0.42983,0.06599,0.001468,0.001762,0.002538,0.986821,394,6|7|8,9,5409,0.179592,1.75,24.45,0.09,0.29,0.48,2.98,4.67,NVIDIA A100-SXM4-80GB,43a14d7652fde71f,ca89a5e805b1,1,temporal,train,all,0.7,0.15,0.15,C,noise_curve_c_s59_Sepsis_Case
Sepsis_Case,lstm,checker,0.5,7,0.613771,0.431636,0.877793,0.001368,0.105528,0.002736,0.034299,0.552027,0.423664,0.060914,0.000587,0.001174,0.005076,0.985131,394,6|7|8,9,5409,0.179592,1.77,24.82,0.09,0.29,0.48,2.98,4.67,NVIDIA A100-SXM4-80GB,43a14d7652fde71f,ca89a5e805b1,1,temporal,train,all,0.7,0.15,0.15,C,noise_curve_c_s59_Sepsis_Case
Sepsis_Case,lstm,checker_net,0.5,7,0.608755,0.447268,0.838121,0.00456,0.12221,0.002736,0.027304,0.554567,0.419554,0.06599,0.004991,0.004404,0.002538,0.987241,394,6|7|8,14,5409,0.179592,1.33,25.27,0.09,0.29,0.48,2.98,4.67,NVIDIA A100-SXM4-80GB,43a14d7652fde71f,ca89a5e805b1,1,temporal,train,all,0.7,0.15,0.15,C,noise_curve_c_s59_Sepsis_Case
Sepsis_Case,lstm,checker_net_state,0.5,7,0.597355,0.41739,0.870497,0.003648,0.125891,0.00456,0.037452,0.549229,0.413975,0.058376,0.001174,0.002055,0.005076,0.985646,394,6|7|8,9,5409,0.179592,1.24,17.31,0.09,0.29,0.48,2.98,4.67,NVIDIA A100-SXM4-80GB,43a14d7652fde71f,ca89a5e805b1,1,temporal,train,all,0.7,0.15,0.15,C,noise_curve_c_s59_Sepsis_Case
Sepsis_Case,lstm,marking,0.5,7,0.611491,0.444552,0.858641,0.00228,0.14628,0.005472,0.041101,0.54281,0.386083,0.071066,0.02613,0.030828,0.007614,0.979141,394,6|7|8,10,5409,0.179592,1.39,20.81,0.09,0.29,0.48,2.98,4.67,NVIDIA A100-SXM4-80GB,43a14d7652fde71f,ca89a5e805b1,1,temporal,train,all,0.7,0.15,0.15,C,noise_curve_c_s59_Sepsis_Case
Sepsis_Case,lstm,gnn,0.5,7,0.604195,0.429518,0.865481,0.003648,0.137408,0.005016,0.04057,0.543356,0.413388,0.053299,0.001762,0.002349,0.005076,0.986257,394,6|7|8,8,5409,0.179592,1.32,17.21,0.09,0.29,0.48,2.98,4.67,NVIDIA A100-SXM4-80GB,43a14d7652fde71f,ca89a5e805b1,1,temporal,train,all,0.7,0.15,0.15,C,noise_curve_c_s59_Sepsis_Case
Sepsis_Case,lstm,seq,0.5,7,0.623347,0.447358,0.880529,0.00228,0.143907,0.00228,0.039425,0.539262,0.393717,0.06599,0.03259,0.032296,0.007614,0.979787,394,6|7|8,9,5409,0.179592,3.31,46.32,0.09,0.29,0.48,2.98,4.67,NVIDIA A100-SXM4-80GB,43a14d7652fde71f,ca89a5e805b1,1,temporal,train,all,0.7,0.15,0.15,C,noise_curve_c_s59_Sepsis_Case
Sepsis_Case,lstm,lll,0.5,7,0.615595,0.432462,0.860009,0.001368,0.108229,0.0,0.000987,0.554638,0.42249,0.063452,0.000881,0.0,0.005076,0.98793,394,6|7|8,14,5409,0.179592,1.64,31.13,0.09,0.29,0.48,2.98,4.67,NVIDIA A100-SXM4-80GB,43a14d7652fde71f,ca89a5e805b1,1,temporal,train,all,0.7,0.15,0.15,C,noise_curve_c_s59_Sepsis_Case
Sepsis_Case,lstm,gll,0.5,7,0.617419,0.423496,0.868673,0.002736,0.117989,0.003192,0.025127,0.538848,0.376688,0.058376,0.001762,0.001762,0.005076,0.990609,394,6|7|8,16,5409,0.179592,3.01,63.22,0.09,0.29,0.48,2.98,4.67,NVIDIA A100-SXM4-80GB,43a14d7652fde71f,ca89a5e805b1,1,temporal,train,all,0.7,0.15,0.15,C,noise_curve_c_s59_Sepsis_Case
Sepsis_Case,lstm,baseline,0.6,7,0.583219,0.404345,0.858641,0.003648,0.194488,0.008208,0.045823,0.503607,0.369055,0.050761,0.016735,0.01879,0.015228,0.976362,394,6|7|8,11,6491,0.082993,1.15,18.37,0.09,0.29,0.48,2.98,4.67,NVIDIA A100-SXM4-80GB,43a14d7652fde71f,ca89a5e805b1,1,temporal,train,all,0.7,0.15,0.15,C,noise_curve_c_s59_Sepsis_Case
Sepsis_Case,lstm,checker,0.6,7,0.581395,0.391816,0.865481,0.00228,0.146966,0.005016,0.035592,0.506222,0.361715,0.050761,0.001174,0.011157,0.007614,0.977058,394,6|7|8,11,6491,0.082993,1.18,18.88,0.09,0.29,0.48,2.98,4.67,NVIDIA A100-SXM4-80GB,43a14d7652fde71f,ca89a5e805b1,1,temporal,train,all,0.7,0.15,0.15,C,noise_curve_c_s59_Sepsis_Case
Sepsis_Case,lstm,checker_net,0.6,7,0.578659,0.356626,0.856817,0.001824,0.175749,0.004104,0.034266,0.503414,0.365238,0.050761,0.000587,0.001762,0.007614,0.984753,394,6|7|8,8,6491,0.082993,1.42,18.5,0.09,0.29,0.48,2.98,4.67,NVIDIA A100-SXM4-80GB,43a14d7652fde71f,ca89a5e805b1,1,temporal,train,all,0.7,0.15,0.15,C,noise_curve_c_s59_Sepsis_Case
Sepsis_Case,lstm,checker_net_state,0.6,7,0.585043,0.370831,0.866393,0.002736,0.169258,0.007752,0.041009,0.522792,0.403112,0.060914,0.002642,0.004698,0.020305,0.983671,394,6|7|8,10,6491,0.082993,1.62,24.34,0.09,0.29,0.48,2.98,4.67,NVIDIA A100-SXM4-80GB,43a14d7652fde71f,ca89a5e805b1,1,temporal,train,all,0.7,0.15,0.15,C,noise_curve_c_s59_Sepsis_Case
Sepsis_Case,lstm,marking,0.6,7,0.590059,0.358236,0.860009,0.005928,0.193633,0.009576,0.047925,0.517326,0.379918,0.043147,0.00734,0.009395,0.007614,0.98393,394,6|7|8,7,6491,0.082993,1.39,16.67,0.09,0.29,0.48,2.98,4.67,NVIDIA A100-SXM4-80GB,43a14d7652fde71f,ca89a5e805b1,1,temporal,train,all,0.7,0.15,0.15,C,noise_curve_c_s59_Sepsis_Case
Sepsis_Case,lstm,gnn,0.6,7,0.558596,0.351686,0.841313,0.015504,0.184401,0.004104,0.041893,0.491468,0.366119,0.048223,0.007634,0.006459,0.002538,0.983017,394,6|7|8,11,6491,0.082993,1.5,24.05,0.09,0.29,0.48,2.98,4.67,NVIDIA A100-SXM4-80GB,43a14d7652fde71f,ca89a5e805b1,1,temporal,train,all,0.7,0.15,0.15,C,noise_curve_c_s59_Sepsis_Case
Sepsis_Case,lstm,seq,0.6,7,0.556772,0.35336,0.855905,0.005016,0.179965,0.007752,0.046363,0.483901,0.363476,0.050761,0.030534,0.036113,0.010152,0.974731,394,6|7|8,10,6491,0.082993,3.38,50.68,0.09,0.29,0.48,2.98,4.67,NVIDIA A100-SXM4-80GB,43a14d7652fde71f,ca89a5e805b1,1,temporal,train,all,0.7,0.15,0.15,C,noise_curve_c_s59_Sepsis_Case
Sepsis_Case,lstm,lll,0.6,7,0.565891,0.388945,0.823529,0.002736,0.159364,0.0,0.001209,0.452479,0.371403,0.048223,0.00734,0.0,0.007614,0.974922,394,6|7|8,13,6491,0.082993,1.36,24.47,0.09,0.29,0.48,2.98,4.67,NVIDIA A100-SXM4-80GB,43a14d7652fde71f,ca89a5e805b1,1,temporal,train,all,0.7,0.15,0.15,C,noise_curve_c_s59_Sepsis_Case
Sepsis_Case,lstm,gll,0.6,7,0.55586,0.364726,0.827633,0.00228,0.174878,0.000912,0.028601,0.510398,0.388139,0.048223,0.000587,0.000294,0.010152,0.978934,394,6|7|8,16,6491,0.082993,3.03,63.68,0.09,0.29,0.48,2.98,4.67,NVIDIA A100-SXM4-80GB,43a14d7652fde71f,ca89a5e805b1,1,temporal,train,all,0.7,0.15,0.15,C,noise_curve_c_s59_Sepsis_Case
Sepsis_Case,lstm,baseline,0.7,7,0.547196,0.308,0.840401,0.002736,0.20949,0.005016,0.052028,0.460637,0.383441,0.010152,0.001174,0.002349,0.0,0.981812,394,6|7|8,6,7573,0.093878,1.5,16.49,0.09,0.29,0.48,2.98,4.67,NVIDIA A100-SXM4-80GB,43a14d7652fde71f,ca89a5e805b1,1,temporal,train,all,0.7,0.15,0.15,C,noise_curve_c_s59_Sepsis_Case
Sepsis_Case,lstm,checker,0.7,7,0.54674,0.317496,0.849065,0.00228,0.163343,0.005472,0.042754,0.433065,0.363476,0.01269,0.000881,0.002642,0.0,0.985779,394,6|7|8,6,7573,0.093878,1.13,12.38,0.09,0.29,0.48,2.98,4.67,NVIDIA A100-SXM4-80GB,43a14d7652fde71f,ca89a5e805b1,1,temporal,train,all,0.7,0.15,0.15,C,noise_curve_c_s59_Sepsis_Case
Sepsis_Case,lstm,checker_net,0.7,7,0.549932,0.315909,0.844505,0.00228,0.204,0.00228,0.038365,0.45392,0.380211,0.01269,0.000881,0.000587,0.0,0.984759,394,6|7|8,6,7573,0.093878,1.19,13.11,0.09,0.29,0.48,2.98,4.67,NVIDIA A100-SXM4-80GB,43a14d7652fde71f,ca89a5e805b1,1,temporal,train,all,0.7,0.15,0.15,C,noise_curve_c_s59_Sepsis_Case
Sepsis_Case,lstm,checker_net_state,0.7,7,0.542636,0.31201,0.837209,0.002736,0.190862,0.005016,0.045768,0.461134,0.357017,0.010152,0.001174,0.002349,0.0,0.982865,394,6|7|8,6,7573,0.093878,1.21,13.28,0.09,0.29,0.48,2.98,4.67,NVIDIA A100-SXM4-80GB,43a14d7652fde71f,ca89a5e805b1,1,temporal,train,all,0.7,0.15,0.15,C,noise_curve_c_s59_Sepsis_Case
Sepsis_Case,lstm,marking,0.7,7,0.543548,0.331847,0.809394,0.004104,0.219715,0.009576,0.058156,0.508916,0.381092,0.053299,0.009102,0.012331,0.002538,0.971744,394,6|7|8,4,7573,0.093878,1.39,12.55,0.09,0.29,0.48,2.98,4.67,NVIDIA A100-SXM4-80GB,43a14d7652fde71f,ca89a5e805b1,1,temporal,train,all,0.7,0.15,0.15,C,noise_curve_c_s59_Sepsis_Case
Sepsis_Case,lstm,gnn,0.7,7,0.53762,0.342286,0.829913,0.003648,0.207479,0.005472,0.052268,0.472627,0.352319,0.048223,0.091603,0.084263,0.005076,0.962761,394,6|7|8,9,7573,0.093878,1.33,18.58,0.09,0.29,0.48,2.98,4.67,NVIDIA A100-SXM4-80GB,43a14d7652fde71f,ca89a5e805b1,1,temporal,train,all,0.7,0.15,0.15,C,noise_curve_c_s59_Sepsis_Case
Sepsis_Case,lstm,seq,0.7,7,0.524852,0.288836,0.821249,0.003192,0.207263,0.005472,0.054046,0.428819,0.339401,0.007614,0.001468,0.00323,0.002538,0.983091,394,6|7|8,5,7573,0.093878,3.3,33.01,0.09,0.29,0.48,2.98,4.67,NVIDIA A100-SXM4-80GB,43a14d7652fde71f,ca89a5e805b1,1,temporal,train,all,0.7,0.15,0.15,C,noise_curve_c_s59_Sepsis_Case
Sepsis_Case,lstm,lll,0.7,7,0.491564,0.22904,0.776562,0.000456,0.181173,0.0,0.002,0.339058,0.282736,0.002538,0.0,0.0,0.0,0.986276,394,6|7|8,6,7573,0.093878,1.71,18.84,0.09,0.29,0.48,2.98,4.67,NVIDIA A100-SXM4-80GB,43a14d7652fde71f,ca89a5e805b1,1,temporal,train,all,0.7,0.15,0.15,C,noise_curve_c_s59_Sepsis_Case
Sepsis_Case,lstm,gll,0.7,7,0.560876,0.34815,0.805746,0.002736,0.192449,0.001824,0.03836,0.494401,0.376395,0.048223,0.003523,0.000881,0.002538,0.979813,394,6|7|8,13,7573,0.093878,3.01,54.2,0.09,0.29,0.48,2.98,4.67,NVIDIA A100-SXM4-80GB,43a14d7652fde71f,ca89a5e805b1,1,temporal,train,all,0.7,0.15,0.15,C,noise_curve_c_s59_Sepsis_Case
Sepsis_Case,lstm,baseline,0.8,7,0.486548,0.287679,0.758322,0.005016,0.230004,0.00912,0.061823,0.324925,0.31973,0.010152,0.002936,0.005872,0.0,0.981635,394,6|7|8,6,8654,0.055782,1.24,13.6,0.09,0.29,0.48,2.98,4.67,NVIDIA A100-SXM4-80GB,43a14d7652fde71f,ca89a5e805b1,1,temporal,train,all,0.7,0.15,0.15,C,noise_curve_c_s59_Sepsis_Case
Sepsis_Case,lstm,checker,0.8,7,0.418605,0.239513,0.72777,0.000912,0.179621,0.007296,0.053363,0.272251,0.29037,0.005076,0.0,0.003817,0.002538,0.981934,394,6|7|8,6,8654,0.055782,1.14,12.53,0.09,0.29,0.48,2.98,4.67,NVIDIA A100-SXM4-80GB,43a14d7652fde71f,ca89a5e805b1,1,temporal,train,all,0.7,0.15,0.15,C,noise_curve_c_s59_Sepsis_Case
Sepsis_Case,lstm,checker_net,0.8,7,0.432741,0.225096,0.688098,0.002736,0.220983,0.001368,0.043332,0.247842,0.280681,0.0,0.031122,0.019965,0.005076,0.981742,394,6|7|8,8,8654,0.055782,1.17,15.25,0.09,0.29,0.48,2.98,4.67,NVIDIA A100-SXM4-80GB,43a14d7652fde71f,ca89a5e805b1,1,temporal,train,all,0.7,0.15,0.15,C,noise_curve_c_s59_Sepsis_Case
Sepsis_Case,lstm,checker_net_state,0.8,7,0.474692,0.275851,0.745554,0.005928,0.215069,0.008208,0.053968,0.287712,0.303582,0.01269,0.002936,0.005578,0.002538,0.981627,394,6|7|8,6,8654,0.055782,1.2,13.22,0.09,0.29,0.48,2.98,4.67,NVIDIA A100-SXM4-80GB,43a14d7652fde71f,ca89a5e805b1,1,temporal,train,all,0.7,0.15,0.15,C,noise_curve_c_s59_Sepsis_Case
Sepsis_Case,lstm,marking,0.8,7,0.417693,0.279032,0.627451,0.031008,0.245476,0.023712,0.062676,0.34472,0.249853,0.032995,0.115091,0.057546,0.398477,0.952273,394,6|7|8,9,8654,0.055782,1.4,19.55,0.09,0.29,0.48,2.98,4.67,NVIDIA A100-SXM4-80GB,43a14d7652fde71f,ca89a5e805b1,1,temporal,train,all,0.7,0.15,0.15,C,noise_curve_c_s59_Sepsis_Case
Sepsis_Case,lstm,gnn,0.8,7,0.462836,0.25377,0.777018,0.00684,0.237344,0.007296,0.060561,0.273276,0.221961,0.005076,0.112155,0.112155,0.520305,0.946964,394,6|7|8,4,8654,0.055782,1.52,13.67,0.09,0.29,0.48,2.98,4.67,NVIDIA A100-SXM4-80GB,43a14d7652fde71f,ca89a5e805b1,1,temporal,train,all,0.7,0.15,0.15,C,noise_curve_c_s59_Sepsis_Case
Sepsis_Case,lstm,seq,0.8,7,0.472412,0.293099,0.663475,0.010032,0.239098,0.010944,0.062,0.39255,0.332942,0.048223,0.035232,0.019671,0.010152,0.97075,394,6|7|8,7,8654,0.055782,3.31,39.7,0.09,0.29,0.48,2.98,4.67,NVIDIA A100-SXM4-80GB,43a14d7652fde71f,ca89a5e805b1,1,temporal,train,all,0.7,0.15,0.15,C,noise_curve_c_s59_Sepsis_Case
Sepsis_Case,lstm,lll,0.8,7,0.423621,0.220332,0.716826,0.000456,0.215111,0.0,0.002083,0.31036,0.294187,0.0,0.0,0.0,0.0,0.986266,394,6|7|8,8,8654,0.055782,1.24,16.11,0.09,0.29,0.48,2.98,4.67,NVIDIA A100-SXM4-80GB,43a14d7652fde71f,ca89a5e805b1,1,temporal,train,all,0.7,0.15,0.15,C,noise_curve_c_s59_Sepsis_Case
Sepsis_Case,lstm,gll,0.8,7,0.459188,0.270357,0.676243,0.003192,0.221028,0.000456,0.043637,0.298214,0.303876,0.017766,0.026718,0.00323,0.005076,0.979326,394,6|7|8,12,8654,0.055782,2.99,50.81,0.09,0.29,0.48,2.98,4.67,NVIDIA A100-SXM4-80GB,43a14d7652fde71f,ca89a5e805b1,1,temporal,train,all,0.7,0.15,0.15,C,noise_curve_c_s59_Sepsis_Case
Sepsis_Case,lstm,baseline,0.0,8,0.670771,0.487785,0.943912,0.0,0.003033,0.001824,0.002479,0.533249,0.361127,0.081218,0.048738,0.049325,0.0,0.970033,394,6|7|8,10,0,0.997279,1.27,19.11,0.09,0.29,0.48,2.98,4.67,NVIDIA A100-SXM4-80GB,43a14d7652fde71f,ca89a5e805b1,1,temporal,train,all,0.7,0.15,0.15,C,noise_curve_c_s59_Sepsis_Case
Sepsis_Case,lstm,checker,0.0,8,0.677611,0.491293,0.934793,0.0,0.001534,0.001824,0.002159,0.559128,0.401644,0.073604,0.002642,0.023782,0.0,0.982011,394,6|7|8,12,0,0.997279,1.14,19.32,0.09,0.29,0.48,2.98,4.67,NVIDIA A100-SXM4-80GB,43a14d7652fde71f,ca89a5e805b1,1,temporal,train,all,0.7,0.15,0.15,C,noise_curve_c_s59_Sepsis_Case
Sepsis_Case,lstm,checker_net,0.0,8,0.669403,0.487588,0.934337,0.0,0.001833,0.001824,0.002041,0.549186,0.391662,0.071066,0.034058,0.034938,0.0,0.978366,394,6|7|8,12,0,0.997279,1.39,23.64,0.09,0.29,0.48,2.98,4.67,NVIDIA A100-SXM4-80GB,43a14d7652fde71f,ca89a5e805b1,1,temporal,train,all,0.7,0.15,0.15,C,noise_curve_c_s59_Sepsis_Case
Sepsis_Case,lstm,checker_net_state,0.0,8,0.665755,0.492108,0.940264,0.0,0.001705,0.001824,0.00199,0.558564,0.379331,0.106599,0.052554,0.053142,0.0,0.968601,394,6|7|8,15,0,0.997279,1.28,25.58,0.09,0.29,0.48,2.98,4.67,NVIDIA A100-SXM4-80GB,43a14d7652fde71f,ca89a5e805b1,1,temporal,train,all,0.7,0.15,0.15,C,noise_curve_c_s59_Sepsis_Case
Sepsis_Case,lstm,marking,0.0,8,0.671683,0.490867,0.935705,0.0,0.00292,0.001368,0.00212,0.55287,0.383735,0.093909,0.054903,0.055784,0.0,0.967223,394,6|7|8,9,0,0.997279,1.39,19.48,0.09,0.29,0.48,2.98,4.67,NVIDIA A100-SXM4-80GB,43a14d7652fde71f,ca89a5e805b1,1,temporal,train,all,0.7,0.15,0.15,C,noise_curve_c_s59_Sepsis_Case
Sepsis_Case,lstm,gnn,0.0,8,0.672595,0.486567,0.931601,0.0,0.001687,0.001824,0.001983,0.55549,0.400176,0.076142,0.0,0.024369,0.0,0.982343,394,6|7|8,16,0,0.997279,1.39,29.26,0.09,0.29,0.48,2.98,4.67,NVIDIA A100-SXM4-80GB,43a14d7652fde71f,ca89a5e805b1,1,temporal,train,all,0.7,0.15,0.15,C,noise_curve_c_s59_Sepsis_Case
Sepsis_Case,lstm,seq,0.0,8,0.674419,0.478022,0.927497,0.0,0.002376,0.001824,0.001954,0.580901,0.424251,0.071066,0.0,0.00323,0.0,0.992154,394,6|7|8,9,0,0.997279,3.31,46.39,0.09,0.29,0.48,2.98,4.67,NVIDIA A100-SXM4-80GB,43a14d7652fde71f,ca89a5e805b1,1,temporal,train,all,0.7,0.15,0.15,C,noise_curve_c_s59_Sepsis_Case
Sepsis_Case,lstm,lll,0.0,8,0.675331,0.488168,0.931145,0.0,0.001792,0.000456,0.000782,0.569522,0.41926,0.071066,0.01057,0.01057,0.002538,0.990032,394,6|7|8,12,0,0.997279,1.19,20.26,0.09,0.29,0.48,2.98,4.67,NVIDIA A100-SXM4-80GB,43a14d7652fde71f,ca89a5e805b1,1,temporal,train,all,0.7,0.15,0.15,C,noise_curve_c_s59_Sepsis_Case
Sepsis_Case,lstm,gll,0.0,8,0.672139,0.490309,0.937984,0.0,0.001353,0.001368,0.001568,0.511466,0.329712,0.086294,0.096007,0.000587,0.0,0.979254,394,6|7|8,18,0,0.997279,3.01,69.28,0.09,0.29,0.48,2.98,4.67,NVIDIA A100-SXM4-80GB,43a14d7652fde71f,ca89a5e805b1,1,temporal,train,all,0.7,0.15,0.15,C,noise_curve_c_s59_Sepsis_Case
Sepsis_Case,lstm,baseline,0.1,8,0.666211,0.484553,0.924305,0.000912,0.029221,0.001824,0.008583,0.547646,0.379624,0.104061,0.022901,0.050793,0.005076,0.975129,394,6|7|8,9,1082,0.658503,1.36,19.07,0.09,0.29,0.48,2.98,4.67,NVIDIA A100-SXM4-80GB,43a14d7652fde71f,ca89a5e805b1,1,temporal,train,all,0.7,0.15,0.15,C,noise_curve_c_s59_Sepsis_Case
Sepsis_Case,lstm,checker,0.1,8,0.656635,0.477255,0.923393,0.000912,0.020557,0.001824,0.007048,0.545328,0.408691,0.096447,0.027305,0.042278,0.005076,0.978993,394,6|7|8,9,1082,0.658503,1.2,16.79,0.09,0.29,0.48,2.98,4.67,NVIDIA A100-SXM4-80GB,43a14d7652fde71f,ca89a5e805b1,1,temporal,train,all,0.7,0.15,0.15,C,noise_curve_c_s59_Sepsis_Case
Sepsis_Case,lstm,checker_net,0.1,8,0.662107,0.481605,0.929321,0.000912,0.027532,0.001368,0.00649,0.577875,0.397534,0.088832,0.002936,0.018497,0.005076,0.986905,394,6|7|8,12,1082,0.658503,1.17,19.95,0.09,0.29,0.48,2.98,4.67,NVIDIA A100-SXM4-80GB,43a14d7652fde71f,ca89a5e805b1,1,temporal,train,all,0.7,0.15,0.15,C,noise_curve_c_s59_Sepsis_Case
Sepsis_Case,lstm,checker_net_state,0.1,8,0.662107,0.478969,0.926585,0.000912,0.024885,0.001824,0.007187,0.571406,0.382267,0.073604,0.006459,0.020552,0.002538,0.986673,394,6|7|8,12,1082,0.658503,1.44,24.54,0.09,0.29,0.48,2.98,4.67,NVIDIA A100-SXM4-80GB,43a14d7652fde71f,ca89a5e805b1,1,temporal,train,all,0.7,0.15,0.15,C,noise_curve_c_s59_Sepsis_Case
Sepsis_Case,lstm,marking,0.1,8,0.663931,0.477911,0.928865,0.001368,0.02722,0.00228,0.008266,0.556568,0.382267,0.096447,0.006753,0.059014,0.010152,0.968867,394,6|7|8,12,1082,0.658503,1.45,24.65,0.09,0.29,0.48,2.98,4.67,NVIDIA A100-SXM4-80GB,43a14d7652fde71f,ca89a5e805b1,1,temporal,train,all,0.7,0.15,0.15,C,noise_curve_c_s59_Sepsis_Case
Sepsis_Case,lstm,gnn,0.1,8,0.664387,0.474618,0.933881,0.000912,0.028365,0.00228,0.009414,0.566995,0.40047,0.076142,0.006166,0.006459,0.002538,0.991557,394,6|7|8,12,1082,0.658503,1.46,24.78,0.09,0.29,0.48,2.98,4.67,NVIDIA A100-SXM4-80GB,43a14d7652fde71f,ca89a5e805b1,1,temporal,train,all,0.7,0.15,0.15,C,noise_curve_c_s59_Sepsis_Case
Sepsis_Case,lstm,seq,0.1,8,0.664387,0.470737,0.927497,0.001368,0.030114,0.001824,0.009708,0.583281,0.429243,0.076142,0.000294,0.0,0.005076,0.992067,394,6|7|8,9,1082,0.658503,3.31,46.37,0.09,0.29,0.48,2.98,4.67,NVIDIA A100-SXM4-80GB,43a14d7652fde71f,ca89a5e805b1,1,temporal,train,all,0.7,0.15,0.15,C,noise_curve_c_s59_Sepsis_Case
Sepsis_Case,lstm,lll,0.1,8,0.661195,0.479488,0.923393,0.0,0.021201,0.0,0.000662,0.528601,0.369348,0.104061,0.041985,0.0,0.005076,0.976855,394,6|7|8,16,1082,0.658503,1.4,29.4,0.09,0.29,0.48,2.98,4.67,NVIDIA A100-SXM4-80GB,43a14d7652fde71f,ca89a5e805b1,1,temporal,train,all,0.7,0.15,0.15,C,noise_curve_c_s59_Sepsis_Case
Sepsis_Case,lstm,gll,0.1,8,0.665299,0.4848,0.929777,0.000456,0.018344,0.000912,0.004935,0.540924,0.381679,0.096447,0.060188,0.0,0.005076,0.98374,394,6|7|8,12,1082,0.658503,2.97,50.43,0.09,0.29,0.48,2.98,4.67,NVIDIA A100-SXM4-80GB,43a14d7652fde71f,ca89a5e805b1,1,temporal,train,all,0.7,0.15,0.15,C,noise_curve_c_s59_Sepsis_Case
Sepsis_Case,lstm,baseline,0.2,8,0.665299,0.475899,0.921113,0.000912,0.053128,0.004104,0.017099,0.556053,0.392249,0.109137,0.000294,0.05549,0.007614,0.970148,394,6|7|8,9,2164,0.444898,1.22,17.02,0.09,0.29,0.48,2.98,4.67,NVIDIA A100-SXM4-80GB,43a14d7652fde71f,ca89a5e805b1,1,temporal,train,all,0.7,0.15,0.15,C,noise_curve_c_s59_Sepsis_Case
Sepsis_Case,lstm,checker,0.2,8,0.663931,0.473803,0.923393,0.000912,0.03672,0.003648,0.013455,0.550308,0.383735,0.109137,0.000294,0.054316,0.005076,0.968748,394,6|7|8,9,2164,0.444898,1.26,17.62,0.09,0.29,0.48,2.98,4.67,NVIDIA A100-SXM4-80GB,43a14d7652fde71f,ca89a5e805b1,1,temporal,train,all,0.7,0.15,0.15,C,noise_curve_c_s59_Sepsis_Case
Sepsis_Case,lstm,checker_net,0.2,8,0.660739,0.479028,0.933881,0.000912,0.050221,0.001368,0.012108,0.570454,0.428362,0.081218,0.016442,0.035819,0.002538,0.982355,394,6|7|8,12,2164,0.444898,1.5,25.52,0.09,0.29,0.48,2.98,4.67,NVIDIA A100-SXM4-80GB,43a14d7652fde71f,ca89a5e805b1,1,temporal,train,all,0.7,0.15,0.15,C,noise_curve_c_s59_Sepsis_Case
Sepsis_Case,lstm,checker_net_state,0.2,8,0.658915,0.480432,0.929321,0.001368,0.046806,0.001824,0.014659,0.560843,0.380211,0.111675,0.044334,0.066647,0.007614,0.970869,394,6|7|8,12,2164,0.444898,1.3,22.1,0.09,0.29,0.48,2.98,4.67,NVIDIA A100-SXM4-80GB,43a14d7652fde71f,ca89a5e805b1,1,temporal,train,all,0.7,0.15,0.15,C,noise_curve_c_s59_Sepsis_Case
Sepsis_Case,lstm,marking,0.2,8,0.661651,0.482401,0.928865,0.000912,0.05966,0.00228,0.017697,0.558354,0.40458,0.096447,0.005285,0.03259,0.007614,0.979171,394,6|7|8,13,2164,0.444898,1.39,24.99,0.09,0.29,0.48,2.98,4.67,NVIDIA A100-SXM4-80GB,43a14d7652fde71f,ca89a5e805b1,1,temporal,train,all,0.7,0.15,0.15,C,noise_curve_c_s59_Sepsis_Case
Sepsis_Case,lstm,gnn,0.2,8,0.664843,0.487566,0.928409,0.001824,0.05671,0.00456,0.019179,0.563237,0.387258,0.111675,0.027305,0.052554,0.002538,0.973529,394,6|7|8,13,2164,0.444898,1.38,24.87,0.09,0.29,0.48,2.98,4.67,NVIDIA A100-SXM4-80GB,43a14d7652fde71f,ca89a5e805b1,1,temporal,train,all,0.7,0.15,0.15,C,noise_curve_c_s59_Sepsis_Case
Sepsis_Case,lstm,seq,0.2,8,0.655267,0.47248,0.925673,0.000912,0.052502,0.000912,0.014699,0.576663,0.430417,0.098985,0.01879,0.018497,0.005076,0.984806,394,6|7|8,9,2164,0.444898,3.35,46.88,0.09,0.29,0.48,2.98,4.67,NVIDIA A100-SXM4-80GB,43a14d7652fde71f,ca89a5e805b1,1,temporal,train,all,0.7,0.15,0.15,C,noise_curve_c_s59_Sepsis_Case
Sepsis_Case,lstm,lll,0.2,8,0.664387,0.477239,0.922481,0.000456,0.040986,0.0,0.001153,0.533404,0.386377,0.111675,0.054022,0.0,0.005076,0.974463,394,6|7|8,9,2164,0.444898,1.33,18.56,0.09,0.29,0.48,2.98,4.67,NVIDIA A100-SXM4-80GB,43a14d7652fde71f,ca89a5e805b1,1,temporal,train,all,0.7,0.15,0.15,C,noise_curve_c_s59_Sepsis_Case
Sepsis_Case,lstm,gll,0.2,8,0.663475,0.482336,0.921113,0.000912,0.038629,0.000912,0.010426,0.5236,0.346447,0.121827,0.05872,0.0,0.010152,0.969981,394,6|7|8,13,2164,0.444898,3.01,54.16,0.09,0.29,0.48,2.98,4.67,NVIDIA A100-SXM4-80GB,43a14d7652fde71f,ca89a5e805b1,1,temporal,train,all,0.7,0.15,0.15,C,noise_curve_c_s59_Sepsis_Case
Sepsis_Case,lstm,baseline,0.3,8,0.654355,0.471289,0.898313,0.003192,0.089977,0.004104,0.026366,0.563068,0.384615,0.093909,0.049325,0.05138,0.005076,0.972725,394,6|7|8,16,3245,0.293878,1.16,24.39,0.09,0.29,0.48,2.98,4.67,NVIDIA A100-SXM4-80GB,43a14d7652fde71f,ca89a5e805b1,1,temporal,train,all,0.7,0.15,0.15,C,noise_curve_c_s59_Sepsis_Case
Sepsis_Case,lstm,checker,0.3,8,0.648883,0.475367,0.905153,0.00228,0.058488,0.002736,0.018421,0.54642,0.395185,0.083756,0.030241,0.05549,0.007614,0.970654,394,6|7|8,17,3245,0.293878,1.16,25.53,0.09,0.29,0.48,2.98,4.67,NVIDIA A100-SXM4-80GB,43a14d7652fde71f,ca89a5e805b1,1,temporal,train,all,0.7,0.15,0.15,C,noise_curve_c_s59_Sepsis_Case
Sepsis_Case,lstm,checker_net,0.3,8,0.653443,0.47532,0.914273,0.001824,0.087878,0.003648,0.018892,0.557586,0.398415,0.076142,0.02525,0.025837,0.007614,0.983097,394,6|7|8,11,3245,0.293878,1.37,21.89,0.09,0.29,0.48,2.98,4.67,NVIDIA A100-SXM4-80GB,43a14d7652fde71f,ca89a5e805b1,1,temporal,train,all,0.7,0.15,0.15,C,noise_curve_c_s59_Sepsis_Case
Sepsis_Case,lstm,checker_net_state,0.3,8,0.657091,0.474951,0.907889,0.002736,0.076599,0.005016,0.021984,0.554372,0.388726,0.088832,0.041104,0.04727,0.007614,0.97547,394,6|7|8,15,3245,0.293878,1.38,27.56,0.09,0.29,0.48,2.98,4.67,NVIDIA A100-SXM4-80GB,43a14d7652fde71f,ca89a5e805b1,1,temporal,train,all,0.7,0.15,0.15,C,noise_curve_c_s59_Sepsis_Case
Sepsis_Case,lstm,marking,0.3,8,0.657091,0.478019,0.909713,0.001368,0.089705,0.004104,0.026732,0.565892,0.405167,0.096447,0.043746,0.044921,0.007614,0.976065,394,6|7|8,11,3245,0.293878,1.41,22.62,0.09,0.29,0.48,2.98,4.67,NVIDIA A100-SXM4-80GB,43a14d7652fde71f,ca89a5e805b1,1,temporal,train,all,0.7,0.15,0.15,C,noise_curve_c_s59_Sepsis_Case
Sepsis_Case,lstm,gnn,0.3,8,0.658915,0.478255,0.907433,0.00228,0.088045,0.005928,0.024943,0.564737,0.375514,0.088832,0.051086,0.059014,0.007614,0.971224,394,6|7|8,13,3245,0.293878,1.43,25.65,0.09,0.29,0.48,2.98,4.67,NVIDIA A100-SXM4-80GB,43a14d7652fde71f,ca89a5e805b1,1,temporal,train,all,0.7,0.15,0.15,C,noise_curve_c_s59_Sepsis_Case
Sepsis_Case,lstm,seq,0.3,8,0.653899,0.4626,0.913361,0.00228,0.08339,0.004104,0.023829,0.57137,0.406048,0.076142,0.005872,0.006459,0.005076,0.989387,394,6|7|8,9,3245,0.293878,3.39,47.45,0.09,0.29,0.48,2.98,4.67,NVIDIA A100-SXM4-80GB,43a14d7652fde71f,ca89a5e805b1,1,temporal,train,all,0.7,0.15,0.15,C,noise_curve_c_s59_Sepsis_Case
Sepsis_Case,lstm,lll,0.3,8,0.651163,0.460278,0.904697,0.000912,0.071192,0.0,0.001725,0.567603,0.397534,0.06599,0.000294,0.0,0.005076,0.990264,394,6|7|8,7,3245,0.293878,1.48,17.78,0.09,0.29,0.48,2.98,4.67,NVIDIA A100-SXM4-80GB,43a14d7652fde71f,ca89a5e805b1,1,temporal,train,all,0.7,0.15,0.15,C,noise_curve_c_s59_Sepsis_Case
Sepsis_Case,lstm,gll,0.3,8,0.663475,0.470758,0.916097,0.001368,0.074143,0.001368,0.016516,0.542486,0.379037,0.073604,0.072225,0.000294,0.005076,0.989337,394,6|7|8,15,3245,0.293878,2.99,59.85,0.09,0.29,0.48,2.98,4.67,NVIDIA A100-SXM4-80GB,43a14d7652fde71f,ca89a5e805b1,1,temporal,train,all,0.7,0.15,0.15,C,noise_curve_c_s59_Sepsis_Case
Sepsis_Case,lstm,baseline,0.4,8,0.652987,0.456377,0.903329,0.001824,0.112434,0.00456,0.03529,0.561885,0.416618,0.06599,0.000587,0.001762,0.005076,0.989515,394,6|7|8,8,4327,0.231293,1.5,19.52,0.09,0.29,0.48,2.98,4.67,NVIDIA A100-SXM4-80GB,43a14d7652fde71f,ca89a5e805b1,1,temporal,train,all,0.7,0.15,0.15,C,noise_curve_c_s59_Sepsis_Case
Sepsis_Case,lstm,checker,0.4,8,0.655723,0.455289,0.908801,0.001824,0.082397,0.005472,0.028004,0.558817,0.412507,0.06599,0.000587,0.002055,0.005076,0.989682,394,6|7|8,8,4327,0.231293,1.42,18.48,0.09,0.29,0.48,2.98,4.67,NVIDIA A100-SXM4-80GB,43a14d7652fde71f,ca89a5e805b1,1,temporal,train,all,0.7,0.15,0.15,C,noise_curve_c_s59_Sepsis_Case
Sepsis_Case,lstm,checker_net,0.4,8,0.653443,0.460558,0.906977,0.001824,0.107337,0.00228,0.025326,0.564595,0.426013,0.06599,0.000587,0.000294,0.005076,0.990256,394,6|7|8,8,4327,0.231293,1.14,14.81,0.09,0.29,0.48,2.98,4.67,NVIDIA A100-SXM4-80GB,43a14d7652fde71f,ca89a5e805b1,1,temporal,train,all,0.7,0.15,0.15,C,noise_curve_c_s59_Sepsis_Case
Sepsis_Case,lstm,checker_net_state,0.4,8,0.651163,0.453019,0.906521,0.00228,0.099645,0.005016,0.030279,0.558609,0.413975,0.063452,0.000881,0.002055,0.005076,0.989898,394,6|7|8,8,4327,0.231293,1.17,15.24,0.09,0.29,0.48,2.98,4.67,NVIDIA A100-SXM4-80GB,43a14d7652fde71f,ca89a5e805b1,1,temporal,train,all,0.7,0.15,0.15,C,noise_curve_c_s59_Sepsis_Case
Sepsis_Case,lstm,marking,0.4,8,0.642043,0.445044,0.898313,0.00228,0.11163,0.005928,0.034002,0.542223,0.394891,0.06599,0.000881,0.003523,0.005076,0.989029,394,6|7|8,9,4327,0.231293,1.4,19.55,0.09,0.29,0.48,2.98,4.67,NVIDIA A100-SXM4-80GB,43a14d7652fde71f,ca89a5e805b1,1,temporal,train,all,0.7,0.15,0.15,C,noise_curve_c_s59_Sepsis_Case
Sepsis_Case,lstm,gnn,0.4,8,0.655267,0.458335,0.898769,0.001824,0.114174,0.006384,0.035092,0.557531,0.421903,0.071066,0.001174,0.002936,0.005076,0.988522,394,6|7|8,10,4327,0.231293,1.42,21.28,0.09,0.29,0.48,2.98,4.67,NVIDIA A100-SXM4-80GB,43a14d7652fde71f,ca89a5e805b1,1,temporal,train,all,0.7,0.15,0.15,C,noise_curve_c_s59_Sepsis_Case
Sepsis_Case,lstm,seq,0.4,8,0.633835,0.446144,0.900137,0.005016,0.111513,0.008208,0.034547,0.558609,0.414269,0.071066,0.003817,0.005285,0.007614,0.986946,394,6|7|8,12,4327,0.231293,3.33,56.67,0.09,0.29,0.48,2.98,4.67,NVIDIA A100-SXM4-80GB,43a14d7652fde71f,ca89a5e805b1,1,temporal,train,all,0.7,0.15,0.15,C,noise_curve_c_s59_Sepsis_Case
Sepsis_Case,lstm,lll,0.4,8,0.641131,0.438827,0.896945,0.000456,0.08425,0.0,0.000687,0.528055,0.390487,0.068528,0.003523,0.0,0.005076,0.988226,394,6|7|8,16,4327,0.231293,1.35,28.41,0.09,0.29,0.48,2.98,4.67,NVIDIA A100-SXM4-80GB,43a14d7652fde71f,ca89a5e805b1,1,temporal,train,all,0.7,0.15,0.15,C,noise_curve_c_s59_Sepsis_Case
Sepsis_Case,lstm,gll,0.4,8,0.621979,0.423789,0.904241,0.004104,0.089042,0.00684,0.021444,0.534766,0.417205,0.06599,0.016442,0.00323,0.005076,0.985391,394,6|7|8,17,4327,0.231293,2.97,65.43,0.09,0.29,0.48,2.98,4.67,NVIDIA A100-SXM4-80GB,43a14d7652fde71f,ca89a5e805b1,1,temporal,train,all,0.7,0.15,0.15,C,noise_curve_c_s59_Sepsis_Case
Sepsis_Case,lstm,baseline,0.5,8,0.616051,0.399869,0.892841,0.009576,0.152984,0.012312,0.042144,0.55842,0.40458,0.063452,0.009102,0.01057,0.005076,0.987143,394,6|7|8,7,5409,0.155102,1.23,14.77,0.09,0.29,0.48,2.98,4.67,NVIDIA A100-SXM4-80GB,43a14d7652fde71f,ca89a5e805b1,1,temporal,train,all,0.7,0.15,0.15,C,noise_curve_c_s59_Sepsis_Case
Sepsis_Case,lstm,checker,0.5,8,0.605107,0.444015,0.876425,0.003192,0.114787,0.003648,0.032237,0.511203,0.370229,0.07868,0.001762,0.044921,0.005076,0.975981,394,6|7|8,10,5409,0.155102,1.33,19.92,0.09,0.29,0.48,2.98,4.67,NVIDIA A100-SXM4-80GB,43a14d7652fde71f,ca89a5e805b1,1,temporal,train,all,0.7,0.15,0.15,C,noise_curve_c_s59_Sepsis_Case
Sepsis_Case,lstm,checker_net,0.5,8,0.621979,0.425422,0.891017,0.005016,0.146455,0.005016,0.029782,0.550986,0.402231,0.063452,0.002642,0.002642,0.005076,0.987902,394,6|7|8,7,5409,0.155102,1.13,13.55,0.09,0.29,0.48,2.98,4.67,NVIDIA A100-SXM4-80GB,43a14d7652fde71f,ca89a5e805b1,1,temporal,train,all,0.7,0.15,0.15,C,noise_curve_c_s59_Sepsis_Case
Sepsis_Case,lstm,checker_net_state,0.5,8,0.620611,0.401352,0.891473,0.00684,0.13815,0.00912,0.037237,0.552469,0.404287,0.06599,0.00411,0.005285,0.005076,0.986945,394,6|7|8,7,5409,0.155102,1.18,14.2,0.09,0.29,0.48,2.98,4.67,NVIDIA A100-SXM4-80GB,43a14d7652fde71f,ca89a5e805b1,1,temporal,train,all,0.7,0.15,0.15,C,noise_curve_c_s59_Sepsis_Case
Sepsis_Case,lstm,marking,0.5,8,0.618787,0.435721,0.861833,0.005928,0.158396,0.008208,0.041892,0.512107,0.370229,0.058376,0.00323,0.019084,0.005076,0.984197,394,6|7|8,7,5409,0.155102,1.48,17.73,0.09,0.29,0.48,2.98,4.67,NVIDIA A100-SXM4-80GB,43a14d7652fde71f,ca89a5e805b1,1,temporal,train,all,0.7,0.15,0.15,C,noise_curve_c_s59_Sepsis_Case
Sepsis_Case,lstm,gnn,0.5,8,0.599179,0.43797,0.884633,0.00684,0.15592,0.00912,0.03975,0.534615,0.383441,0.068528,0.004991,0.036406,0.005076,0.97207,394,6|7|8,11,5409,0.155102,1.44,23.01,0.09,0.29,0.48,2.98,4.67,NVIDIA A100-SXM4-80GB,43a14d7652fde71f,ca89a5e805b1,1,temporal,train,all,0.7,0.15,0.15,C,noise_curve_c_s59_Sepsis_Case
Sepsis_Case,lstm,seq,0.5,8,0.621067,0.452031,0.880529,0.002736,0.15634,0.003648,0.039576,0.543806,0.381092,0.096447,0.001174,0.048444,0.005076,0.971859,394,6|7|8,8,5409,0.155102,3.32,43.17,0.09,0.29,0.48,2.98,4.67,NVIDIA A100-SXM4-80GB,43a14d7652fde71f,ca89a5e805b1,1,temporal,train,all,0.7,0.15,0.15,C,noise_curve_c_s59_Sepsis_Case
Sepsis_Case,lstm,lll,0.5,8,0.604651,0.400631,0.871865,0.000456,0.128883,0.0,0.001829,0.511088,0.36054,0.060914,0.016148,0.0,0.002538,0.984394,394,6|7|8,10,5409,0.155102,1.43,21.46,0.09,0.29,0.48,2.98,4.67,NVIDIA A100-SXM4-80GB,43a14d7652fde71f,ca89a5e805b1,1,temporal,train,all,0.7,0.15,0.15,C,noise_curve_c_s59_Sepsis_Case
Sepsis_Case,lstm,gll,0.5,8,0.606019,0.439075,0.864569,0.004104,0.127769,0.00456,0.026943,0.479366,0.332648,0.071066,0.175866,0.002349,0.005076,0.9839,394,6|7|8,15,5409,0.155102,3.05,60.91,0.09,0.29,0.48,2.98,4.67,NVIDIA A100-SXM4-80GB,43a14d7652fde71f,ca89a5e805b1,1,temporal,train,all,0.7,0.15,0.15,C,noise_curve_c_s59_Sepsis_Case
Sepsis_Case,lstm,baseline,0.6,8,0.576379,0.397154,0.828545,0.005928,0.178109,0.006384,0.050495,0.502486,0.347622,0.073604,0.053435,0.07751,0.007614,0.955745,394,6|7|8,9,6491,0.103401,1.13,15.85,0.09,0.29,0.48,2.98,4.67,NVIDIA A100-SXM4-80GB,43a14d7652fde71f,ca89a5e805b1,1,temporal,train,all,0.7,0.15,0.15,C,noise_curve_c_s59_Sepsis_Case
Sepsis_Case,lstm,checker,0.6,8,0.568171,0.400005,0.854993,0.00228,0.133602,0.00456,0.037915,0.468004,0.307986,0.048223,0.013506,0.114797,0.030457,0.946997,394,6|7|8,9,6491,0.103401,1.12,15.63,0.09,0.29,0.48,2.98,4.67,NVIDIA A100-SXM4-80GB,43a14d7652fde71f,ca89a5e805b1,1,temporal,train,all,0.7,0.15,0.15,C,noise_curve_c_s59_Sepsis_Case
Sepsis_Case,lstm,checker_net,0.6,8,0.573643,0.410804,0.836297,0.002736,0.168647,0.001824,0.034605,0.5118,0.349971,0.07868,0.051967,0.053729,0.007614,0.958069,394,6|7|8,9,6491,0.103401,1.23,17.21,0.09,0.29,0.48,2.98,4.67,NVIDIA A100-SXM4-80GB,43a14d7652fde71f,ca89a5e805b1,1,temporal,train,all,0.7,0.15,0.15,C,noise_curve_c_s59_Sepsis_Case
Sepsis_Case,lstm,checker_net_state,0.6,8,0.575011,0.409653,0.824441,0.005472,0.161702,0.005928,0.042829,0.50826,0.349677,0.068528,0.028479,0.064885,0.010152,0.953761,394,6|7|8,9,6491,0.103401,1.37,19.12,0.09,0.29,0.48,2.98,4.67,NVIDIA A100-SXM4-80GB,43a14d7652fde71f,ca89a5e805b1,1,temporal,train,all,0.7,0.15,0.15,C,noise_curve_c_s59_Sepsis_Case
Sepsis_Case,lstm,marking,0.6,8,0.561332,0.409551,0.828545,0.008664,0.185674,0.012312,0.053252,0.484384,0.361127,0.083756,0.078097,0.079859,0.007614,0.952009,394,6|7|8,8,6491,0.103401,1.43,18.6,0.09,0.29,0.48,2.98,4.67,NVIDIA A100-SXM4-80GB,43a14d7652fde71f,ca89a5e805b1,1,temporal,train,all,0.7,0.15,0.15,C,noise_curve_c_s59_Sepsis_Case
Sepsis_Case,lstm,gnn,0.6,8,0.569539,0.397037,0.829001,0.007752,0.189823,0.006384,0.050204,0.489761,0.362008,0.068528,0.024662,0.049325,0.015228,0.962521,394,6|7|8,10,6491,0.103401,1.44,21.54,0.09,0.29,0.48,2.98,4.67,NVIDIA A100-SXM4-80GB,43a14d7652fde71f,ca89a5e805b1,1,temporal,train,all,0.7,0.15,0.15,C,noise_curve_c_s59_Sepsis_Case
Sepsis_Case,lstm,seq,0.6,8,0.554492,0.308509,0.836753,0.00228,0.178083,0.006384,0.050959,0.480764,0.361715,0.027919,0.000881,0.00323,0.005076,0.98225,394,6|7|8,4,6491,0.103401,3.35,30.18,0.09,0.29,0.48,2.98,4.67,NVIDIA A100-SXM4-80GB,43a14d7652fde71f,ca89a5e805b1,1,temporal,train,all,0.7,0.15,0.15,C,noise_curve_c_s59_Sepsis_Case
Sepsis_Case,lstm,lll,0.6,8,0.53078,0.393843,0.758778,0.010944,0.144661,0.0,0.000978,0.439115,0.291544,0.071066,0.077217,0.0,0.032995,0.965208,394,6|7|8,17,6491,0.103401,1.22,26.92,0.09,0.29,0.48,2.98,4.67,NVIDIA A100-SXM4-80GB,43a14d7652fde71f,ca89a5e805b1,1,temporal,train,all,0.7,0.15,0.15,C,noise_curve_c_s59_Sepsis_Case
Sepsis_Case,lstm,gll,0.6,8,0.593707,0.386313,0.850889,0.004104,0.163458,0.001368,0.036513,0.513511,0.380505,0.053299,0.00411,0.000881,0.005076,0.980758,394,6|7|8,10,6491,0.103401,3.03,45.43,0.09,0.29,0.48,2.98,4.67,NVIDIA A100-SXM4-80GB,43a14d7652fde71f,ca89a5e805b1,1,temporal,train,all,0.7,0.15,0.15,C,noise_curve_c_s59_Sepsis_Case
Sepsis_Case,lstm,baseline,0.7,8,0.506156,0.325796,0.733698,0.010032,0.196463,0.006384,0.047766,0.32085,0.264533,0.022843,0.116853,0.11744,0.185279,0.952649,394,6|7|8,11,7573,0.068027,1.46,23.38,0.09,0.29,0.48,2.98,4.67,NVIDIA A100-SXM4-80GB,43a14d7652fde71f,ca89a5e805b1,1,temporal,train,all,0.7,0.15,0.15,C,noise_curve_c_s59_Sepsis_Case
Sepsis_Case,lstm,checker,0.7,8,0.526676,0.330954,0.804834,0.003192,0.146524,0.002736,0.04144,0.396569,0.30094,0.032995,0.011157,0.013799,0.446701,0.967705,394,6|7|8,10,7573,0.068027,1.46,21.88,0.09,0.29,0.48,2.98,4.67,NVIDIA A100-SXM4-80GB,43a14d7652fde71f,ca89a5e805b1,1,temporal,train,all,0.7,0.15,0.15,C,noise_curve_c_s59_Sepsis_Case
Sepsis_Case,lstm,checker_net,0.7,8,0.510716,0.317766,0.776106,0.019152,0.196794,0.000912,0.034677,0.372449,0.317675,0.027919,0.083382,0.04404,0.469543,0.961418,394,6|7|8,10,7573,0.068027,1.27,19.11,0.09,0.29,0.48,2.98,4.67,NVIDIA A100-SXM4-80GB,43a14d7652fde71f,ca89a5e805b1,1,temporal,train,all,0.7,0.15,0.15,C,noise_curve_c_s59_Sepsis_Case
Sepsis_Case,lstm,checker_net_state,0.7,8,0.517556,0.315774,0.774738,0.010488,0.183655,0.006384,0.04456,0.391599,0.310628,0.032995,0.060482,0.048738,0.225888,0.971592,394,6|7|8,10,7573,0.068027,1.24,18.67,0.09,0.29,0.48,2.98,4.67,NVIDIA A100-SXM4-80GB,43a14d7652fde71f,ca89a5e805b1,1,temporal,train,all,0.7,0.15,0.15,C,noise_curve_c_s59_Sepsis_Case
Sepsis_Case,lstm,marking,0.7,8,0.51482,0.312018,0.761058,0.014136,0.201011,0.012312,0.050237,0.405233,0.316207,0.045685,0.144157,0.137405,0.14467,0.94991,394,6|7|8,11,7573,0.068027,1.39,22.3,0.09,0.29,0.48,2.98,4.67,NVIDIA A100-SXM4-80GB,43a14d7652fde71f,ca89a5e805b1,1,temporal,train,all,0.7,0.15,0.15,C,noise_curve_c_s59_Sepsis_Case
Sepsis_Case,lstm,gnn,0.7,8,0.5399,0.331569,0.791154,0.00456,0.198923,0.007296,0.050777,0.439159,0.325308,0.035533,0.031122,0.032002,0.076142,0.964468,394,6|7|8,10,7573,0.068027,1.54,23.06,0.09,0.29,0.48,2.98,4.67,NVIDIA A100-SXM4-80GB,43a14d7652fde71f,ca89a5e805b1,1,temporal,train,all,0.7,0.15,0.15,C,noise_curve_c_s59_Sepsis_Case
Sepsis_Case,lstm,seq,0.7,8,0.479708,0.289896,0.706794,0.007296,0.190002,0.007296,0.046377,0.351764,0.293306,0.01269,0.025837,0.055784,0.109137,0.965535,394,6|7|8,12,7573,0.068027,3.33,56.59,0.09,0.29,0.48,2.98,4.67,NVIDIA A100-SXM4-80GB,43a14d7652fde71f,ca89a5e805b1,1,temporal,train,all,0.7,0.15,0.15,C,noise_curve_c_s59_Sepsis_Case
Sepsis_Case,lstm,lll,0.7,8,0.543092,0.340393,0.767442,0.008208,0.170779,0.0,0.001007,0.432111,0.337052,0.030457,0.000294,0.0,0.002538,0.987635,394,6|7|8,12,7573,0.068027,1.46,24.75,0.09,0.29,0.48,2.98,4.67,NVIDIA A100-SXM4-80GB,43a14d7652fde71f,ca89a5e805b1,1,temporal,train,all,0.7,0.15,0.15,C,noise_curve_c_s59_Sepsis_Case
Sepsis_Case,lstm,gll,0.7,8,0.518468,0.328187,0.777474,0.004104,0.19154,0.000456,0.037744,0.40835,0.320317,0.027919,0.007927,0.0,0.180203,0.981697,394,6|7|8,14,7573,0.068027,3.05,58.03,0.09,0.29,0.48,2.98,4.67,NVIDIA A100-SXM4-80GB,43a14d7652fde71f,ca89a5e805b1,1,temporal,train,all,0.7,0.15,0.15,C,noise_curve_c_s59_Sepsis_Case
Sepsis_Case,lstm,baseline,0.8,8,0.433197,0.22195,0.735066,0.006384,0.232119,0.005016,0.059088,0.293964,0.281562,0.0,0.007046,0.006753,0.0,0.984075,394,6|7|8,7,8654,0.047619,1.33,15.99,0.09,0.29,0.48,2.98,4.67,NVIDIA A100-SXM4-80GB,43a14d7652fde71f,ca89a5e805b1,1,temporal,train,all,0.7,0.15,0.15,C,noise_curve_c_s59_Sepsis_Case
Sepsis_Case,lstm,checker,0.8,8,0.453716,0.243055,0.707706,0.000456,0.181118,0.000912,0.049972,0.364542,0.322079,0.022843,0.00411,0.006459,0.002538,0.981454,394,6|7|8,7,8654,0.047619,1.41,16.93,0.09,0.29,0.48,2.98,4.67,NVIDIA A100-SXM4-80GB,43a14d7652fde71f,ca89a5e805b1,1,temporal,train,all,0.7,0.15,0.15,C,noise_curve_c_s59_Sepsis_Case
Sepsis_Case,lstm,checker_net,0.8,8,0.407205,0.251311,0.643867,0.05016,0.227817,0.007296,0.042473,0.255582,0.19906,0.022843,0.131826,0.079859,0.119289,0.938856,394,6|7|8,9,8654,0.047619,1.47,20.55,0.09,0.29,0.48,2.98,4.67,NVIDIA A100-SXM4-80GB,43a14d7652fde71f,ca89a5e805b1,1,temporal,train,all,0.7,0.15,0.15,C,noise_curve_c_s59_Sepsis_Case
Sepsis_Case,lstm,checker_net_state,0.8,8,0.429093,0.232557,0.70041,0.010032,0.219097,0.007752,0.055879,0.304548,0.285672,0.010152,0.04815,0.047857,0.002538,0.972249,394,6|7|8,7,8654,0.047619,1.23,14.81,0.09,0.29,0.48,2.98,4.67,NVIDIA A100-SXM4-80GB,43a14d7652fde71f,ca89a5e805b1,1,temporal,train,all,0.7,0.15,0.15,C,noise_curve_c_s59_Sepsis_Case
Sepsis_Case,lstm,marking,0.8,8,0.352485,0.205423,0.562244,0.053808,0.236974,0.015048,0.058369,0.227615,0.185261,0.022843,0.268056,0.206107,0.286802,0.923961,394,6|7|8,11,8654,0.047619,1.35,21.55,0.09,0.29,0.48,2.98,4.67,NVIDIA A100-SXM4-80GB,43a14d7652fde71f,ca89a5e805b1,1,temporal,train,all,0.7,0.15,0.15,C,noise_curve_c_s59_Sepsis_Case
Sepsis_Case,lstm,gnn,0.8,8,0.383493,0.228672,0.599179,0.092111,0.22779,0.017784,0.05758,0.328911,0.239284,0.025381,0.151497,0.106577,0.010152,0.946972,394,6|7|8,12,8654,0.047619,1.51,25.67,0.09,0.29,0.48,2.98,4.67,NVIDIA A100-SXM4-80GB,43a14d7652fde71f,ca89a5e805b1,1,temporal,train,all,0.7,0.15,0.15,C,noise_curve_c_s59_Sepsis_Case
Sepsis_Case,lstm,seq,0.8,8,0.416781,0.239956,0.633379,0.023712,0.232793,0.01596,0.060256,0.283741,0.214621,0.017766,0.185555,0.179389,0.411168,0.939464,394,6|7|8,8,8654,0.047619,3.35,43.6,0.09,0.29,0.48,2.98,4.67,NVIDIA A100-SXM4-80GB,43a14d7652fde71f,ca89a5e805b1,1,temporal,train,all,0.7,0.15,0.15,C,noise_curve_c_s59_Sepsis_Case
Sepsis_Case,lstm,lll,0.8,8,0.383493,0.206641,0.638851,0.103967,0.216558,0.0,0.001449,0.307471,0.281268,0.007614,0.019965,0.0,0.048223,0.97013,394,6|7|8,9,8654,0.047619,1.34,18.72,0.09,0.29,0.48,2.98,4.67,NVIDIA A100-SXM4-80GB,43a14d7652fde71f,ca89a5e805b1,1,temporal,train,all,0.7,0.15,0.15,C,noise_curve_c_s59_Sepsis_Case
Sepsis_Case,lstm,gll,0.8,8,0.473324,0.258498,0.715002,0.001824,0.22195,0.000456,0.041822,0.326877,0.287728,0.025381,0.044627,0.0,0.002538,0.979661,394,6|7|8,12,8654,0.047619,3.04,51.64,0.09,0.29,0.48,2.98,4.67,NVIDIA A100-SXM4-80GB,43a14d7652fde71f,ca89a5e805b1,1,temporal,train,all,0.7,0.15,0.15,C,noise_curve_c_s59_Sepsis_Case
Sepsis_Case,lstm,baseline,0.0,9,0.664843,0.488648,0.937073,0.0,0.002582,0.001824,0.002338,0.531505,0.400763,0.093909,0.032002,0.043746,0.0,0.98248,394,6|7|8,12,0,0.997279,1.63,27.75,0.09,0.29,0.48,2.98,4.67,NVIDIA A100-SXM4-80GB,43a14d7652fde71f,ca89a5e805b1,1,temporal,train,all,0.7,0.15,0.15,C,noise_curve_c_s59_Sepsis_Case
Sepsis_Case,lstm,checker,0.0,9,0.677611,0.484514,0.939808,0.0,0.001647,0.001824,0.002246,0.562403,0.414856,0.081218,0.0,0.010276,0.0,0.988319,394,6|7|8,14,0,0.997279,1.61,30.65,0.09,0.29,0.48,2.98,4.67,NVIDIA A100-SXM4-80GB,43a14d7652fde71f,ca89a5e805b1,1,temporal,train,all,0.7,0.15,0.15,C,noise_curve_c_s59_Sepsis_Case
Sepsis_Case,lstm,checker_net,0.0,9,0.667123,0.491629,0.941176,0.0,0.002215,0.001368,0.001804,0.530686,0.400176,0.114213,0.053142,0.05461,0.0,0.981447,394,6|7|8,12,0,0.997279,1.11,18.92,0.09,0.29,0.48,2.98,4.67,NVIDIA A100-SXM4-80GB,43a14d7652fde71f,ca89a5e805b1,1,temporal,train,all,0.7,0.15,0.15,C,noise_curve_c_s59_Sepsis_Case
Sepsis_Case,lstm,checker_net_state,0.0,9,0.674419,0.482918,0.931145,0.0,0.002664,0.001368,0.001992,0.560684,0.414269,0.088832,0.03993,0.040517,0.0,0.97759,394,6|7|8,11,0,0.997279,1.12,17.88,0.09,0.29,0.48,2.98,4.67,NVIDIA A100-SXM4-80GB,43a14d7652fde71f,ca89a5e805b1,1,temporal,train,all,0.7,0.15,0.15,C,noise_curve_c_s59_Sepsis_Case
Sepsis_Case,lstm,marking,0.0,9,0.671227,0.483998,0.937528,0.0,0.002013,0.001824,0.002476,0.553288,0.38256,0.083756,0.025543,0.03347,0.0,0.978923,394,6|7|8,13,0,0.997279,1.36,24.5,0.09,0.29,0.48,2.98,4.67,NVIDIA A100-SXM4-80GB,43a14d7652fde71f,ca89a5e805b1,1,temporal,train,all,0.7,0.15,0.15,C,noise_curve_c_s59_Sepsis_Case
Sepsis_Case,lstm,gnn,0.0,9,0.675787,0.49221,0.939352,0.0,0.002447,0.001824,0.00251,0.569038,0.400763,0.104061,0.0,0.063417,0.0,0.970183,394,6|7|8,14,0,0.997279,1.36,25.88,0.09,0.29,0.48,2.98,4.67,NVIDIA A100-SXM4-80GB,43a14d7652fde71f,ca89a5e805b1,1,temporal,train,all,0.7,0.15,0.15,C,noise_curve_c_s59_Sepsis_Case
Sepsis_Case,lstm,seq,0.0,9,0.666211,0.483241,0.937528,0.0,0.002263,0.001824,0.00249,0.556424,0.366999,0.083756,0.0,0.033764,0.0,0.97845,394,6|7|8,12,0,0.997279,3.38,57.43,0.09,0.29,0.48,2.98,4.67,NVIDIA A100-SXM4-80GB,43a14d7652fde71f,ca89a5e805b1,1,temporal,train,all,0.7,0.15,0.15,C,noise_curve_c_s59_Sepsis_Case
Sepsis_Case,lstm,lll,0.0,9,0.668035,0.476291,0.932057,0.0,0.002583,0.000456,0.000925,0.572375,0.418673,0.073604,0.006459,0.006459,0.002538,0.990372,394,6|7|8,9,0,0.997279,1.55,21.76,0.09,0.29,0.48,2.98,4.67,NVIDIA A100-SXM4-80GB,43a14d7652fde71f,ca89a5e805b1,1,temporal,train,all,0.7,0.15,0.15,C,noise_curve_c_s59_Sepsis_Case
Sepsis_Case,lstm,gll,0.0,9,0.667579,0.490989,0.937984,0.0,0.001729,0.001368,0.001384,0.531059,0.360834,0.111675,0.053729,0.000587,0.002538,0.975241,394,6|7|8,12,0,0.997279,2.98,50.68,0.09,0.29,0.48,2.98,4.67,NVIDIA A100-SXM4-80GB,43a14d7652fde71f,ca89a5e805b1,1,temporal,train,all,0.7,0.15,0.15,C,noise_curve_c_s59_Sepsis_Case
Sepsis_Case,lstm,baseline,0.1,9,0.667123,0.479606,0.923849,0.000912,0.02908,0.001824,0.009125,0.58067,0.416031,0.101523,0.025837,0.031415,0.005076,0.98203,394,6|7|8,9,1082,0.682993,1.55,21.76,0.09,0.29,0.48,2.98,4.67,NVIDIA A100-SXM4-80GB,43a14d7652fde71f,ca89a5e805b1,1,temporal,train,all,0.7,0.15,0.15,C,noise_curve_c_s59_Sepsis_Case
Sepsis_Case,lstm,checker,0.1,9,0.664843,0.480024,0.930689,0.000912,0.021314,0.000912,0.00719,0.574869,0.402525,0.088832,0.000881,0.024075,0.005076,0.98399,394,6|7|8,10,1082,0.682993,1.21,18.1,0.09,0.29,0.48,2.98,4.67,NVIDIA A100-SXM4-80GB,43a14d7652fde71f,ca89a5e805b1,1,temporal,train,all,0.7,0.15,0.15,C,noise_curve_c_s59_Sepsis_Case
Sepsis_Case,lstm,checker_net,0.1,9,0.662107,0.478312,0.930233,0.000912,0.027854,0.000912,0.006415,0.56893,0.413975,0.101523,0.021433,0.038755,0.005076,0.978648,394,6|7|8,10,1082,0.682993,1.2,17.95,0.09,0.29,0.48,2.98,4.67,NVIDIA A100-SXM4-80GB,43a14d7652fde71f,ca89a5e805b1,1,temporal,train,all,0.7,0.15,0.15,C,noise_curve_c_s59_Sepsis_Case
Sepsis_Case,lstm,checker_net_state,0.1,9,0.661651,0.483371,0.929777,0.001368,0.024411,0.001368,0.007137,0.569076,0.418379,0.121827,0.032002,0.038755,0.002538,0.979348,394,6|7|8,12,1082,0.682993,1.22,20.82,0.09,0.29,0.48,2.98,4.67,NVIDIA A100-SXM4-80GB,43a14d7652fde71f,ca89a5e805b1,1,temporal,train,all,0.7,0.15,0.15,C,noise_curve_c_s59_Sepsis_Case
Sepsis_Case,lstm,marking,0.1,9,0.667123,0.484162,0.929777,0.001368,0.02858,0.001368,0.009919,0.560708,0.393717,0.104061,0.000294,0.049031,0.005076,0.974907,394,6|7|8,13,1082,0.682993,1.39,24.94,0.09,0.29,0.48,2.98,4.67,NVIDIA A100-SXM4-80GB,43a14d7652fde71f,ca89a5e805b1,1,temporal,train,all,0.7,0.15,0.15,C,noise_curve_c_s59_Sepsis_Case
Sepsis_Case,lstm,gnn,0.1,9,0.664843,0.485794,0.924761,0.000912,0.030312,0.001368,0.009137,0.567335,0.390781,0.096447,0.0,0.047563,0.005076,0.976667,394,6|7|8,14,1082,0.682993,1.52,28.89,0.09,0.29,0.48,2.98,4.67,NVIDIA A100-SXM4-80GB,43a14d7652fde71f,ca89a5e805b1,1,temporal,train,all,0.7,0.15,0.15,C,noise_curve_c_s59_Sepsis_Case
Sepsis_Case,lstm,seq,0.1,9,0.667123,0.479767,0.925673,0.001368,0.027194,0.001368,0.009565,0.563796,0.401351,0.086294,0.000294,0.01468,0.005076,0.986552,394,6|7|8,8,1082,0.682993,3.34,43.48,0.09,0.29,0.48,2.98,4.67,NVIDIA A100-SXM4-80GB,43a14d7652fde71f,ca89a5e805b1,1,temporal,train,all,0.7,0.15,0.15,C,noise_curve_c_s59_Sepsis_Case
Sepsis_Case,lstm,lll,0.1,9,0.663019,0.479886,0.932969,0.000456,0.023974,0.0,0.000729,0.537479,0.354375,0.093909,0.038462,0.0,0.005076,0.978254,394,6|7|8,10,1082,0.682993,1.39,20.78,0.09,0.29,0.48,2.98,4.67,NVIDIA A100-SXM4-80GB,43a14d7652fde71f,ca89a5e805b1,1,temporal,train,all,0.7,0.15,0.15,C,noise_curve_c_s59_Sepsis_Case
Sepsis_Case,lstm,gll,0.1,9,0.663475,0.484973,0.930233,0.000456,0.016919,0.000912,0.004224,0.524486,0.342924,0.096447,0.081327,0.0,0.002538,0.978577,394,6|7|8,16,1082,0.682993,2.99,62.79,0.09,0.29,0.48,2.98,4.67,NVIDIA A100-SXM4-80GB,43a14d7652fde71f,ca89a5e805b1,1,temporal,train,all,0.7,0.15,0.15,C,noise_curve_c_s59_Sepsis_Case
Sepsis_Case,lstm,baseline,0.2,9,0.650707,0.467451,0.920657,0.000912,0.055909,0.001368,0.014883,0.534972,0.381092,0.07868,0.006166,0.046389,0.002538,0.976436,394,6|7|8,13,2164,0.440816,1.2,21.54,0.09,0.29,0.48,2.98,4.67,NVIDIA A100-SXM4-80GB,43a14d7652fde71f,ca89a5e805b1,1,temporal,train,all,0.7,0.15,0.15,C,noise_curve_c_s59_Sepsis_Case
Sepsis_Case,lstm,checker,0.2,9,0.657091,0.470242,0.929777,0.000912,0.039035,0.001368,0.011395,0.544138,0.41515,0.073604,0.000294,0.015561,0.005076,0.986801,394,6|7|8,13,2164,0.440816,1.17,21.02,0.09,0.29,0.48,2.98,4.67,NVIDIA A100-SXM4-80GB,43a14d7652fde71f,ca89a5e805b1,1,temporal,train,all,0.7,0.15,0.15,C,noise_curve_c_s59_Sepsis_Case
Sepsis_Case,lstm,checker_net,0.2,9,0.656179,0.474112,0.920657,0.000912,0.051761,0.001368,0.010388,0.551845,0.380799,0.096447,0.013506,0.049031,0.002538,0.974803,394,6|7|8,13,2164,0.440816,1.47,26.52,0.09,0.29,0.48,2.98,4.67,NVIDIA A100-SXM4-80GB,43a14d7652fde71f,ca89a5e805b1,1,temporal,train,all,0.7,0.15,0.15,C,noise_curve_c_s59_Sepsis_Case
Sepsis_Case,lstm,checker_net_state,0.2,9,0.660283,0.478923,0.924305,0.000912,0.046824,0.001368,0.011824,0.555966,0.386671,0.096447,0.045214,0.04727,0.002538,0.976873,394,6|7|8,13,2164,0.440816,1.26,22.66,0.09,0.29,0.48,2.98,4.67,NVIDIA A100-SXM4-80GB,43a14d7652fde71f,ca89a5e805b1,1,temporal,train,all,0.7,0.15,0.15,C,noise_curve_c_s59_Sepsis_Case
Sepsis_Case,lstm,marking,0.2,9,0.654811,0.469098,0.920201,0.001368,0.055673,0.001368,0.014018,0.544585,0.398415,0.081218,0.000294,0.043159,0.005076,0.976362,394,6|7|8,14,2164,0.440816,1.4,26.66,0.09,0.29,0.48,2.98,4.67,NVIDIA A100-SXM4-80GB,43a14d7652fde71f,ca89a5e805b1,1,temporal,train,all,0.7,0.15,0.15,C,noise_curve_c_s59_Sepsis_Case
Sepsis_Case,lstm,gnn,0.2,9,0.656635,0.477004,0.924305,0.000912,0.05452,0.001368,0.014692,0.55235,0.405167,0.091371,0.000294,0.022314,0.005076,0.983896,394,6|7|8,11,2164,0.440816,1.5,23.93,0.09,0.29,0.48,2.98,4.67,NVIDIA A100-SXM4-80GB,43a14d7652fde71f,ca89a5e805b1,1,temporal,train,all,0.7,0.15,0.15,C,noise_curve_c_s59_Sepsis_Case
Sepsis_Case,lstm,seq,0.2,9,0.658459,0.464311,0.919745,0.000912,0.056515,0.001368,0.016019,0.561002,0.442161,0.073604,0.000294,0.0,0.005076,0.991613,394,6|7|8,8,2164,0.440816,3.36,43.67,0.09,0.29,0.48,2.98,4.67,NVIDIA A100-SXM4-80GB,43a14d7652fde71f,ca89a5e805b1,1,temporal,train,all,0.7,0.15,0.15,C,noise_curve_c_s59_Sepsis_Case
Sepsis_Case,lstm,lll,0.2,9,0.658915,0.475866,0.922025,0.000456,0.042857,0.0,0.000656,0.542017,0.398415,0.088832,0.039049,0.0,0.002538,0.980507,394,6|7|8,13,2164,0.440816,1.69,30.39,0.09,0.29,0.48,2.98,4.67,NVIDIA A100-SXM4-80GB,43a14d7652fde71f,ca89a5e805b1,1,temporal,train,all,0.7,0.15,0.15,C,noise_curve_c_s59_Sepsis_Case
Sepsis_Case,lstm,gll,0.2,9,0.663475,0.47713,0.917009,0.000912,0.037278,0.000456,0.007825,0.550813,0.401351,0.096447,0.044921,0.0,0.005076,0.984291,394,6|7|8,13,2164,0.440816,3.11,55.9,0.09,0.29,0.48,2.98,4.67,NVIDIA A100-SXM4-80GB,43a14d7652fde71f,ca89a5e805b1,1,temporal,train,all,0.7,0.15,0.15,C,noise_curve_c_s59_Sepsis_Case
Sepsis_Case,lstm,baseline,0.3,9,0.652075,0.473489,0.915641,0.002736,0.0822,0.00456,0.024741,0.526383,0.383147,0.093909,0.081033,0.082795,0.007614,0.969955,394,6|7|8,13,3245,0.306122,1.33,23.94,0.09,0.29,0.48,2.98,4.67,NVIDIA A100-SXM4-80GB,43a14d7652fde71f,ca89a5e805b1,1,temporal,train,all,0.7,0.15,0.15,C,noise_curve_c_s59_Sepsis_Case
Sepsis_Case,lstm,checker,0.3,9,0.647971,0.465983,0.919745,0.001824,0.05666,0.005016,0.01901,0.53146,0.382267,0.07868,0.037581,0.03993,0.005076,0.981036,394,6|7|8,13,3245,0.306122,1.46,26.36,0.09,0.29,0.48,2.98,4.67,NVIDIA A100-SXM4-80GB,43a14d7652fde71f,ca89a5e805b1,1,temporal,train,all,0.7,0.15,0.15,C,noise_curve_c_s59_Sepsis_Case
Sepsis_Case,lstm,checker_net,0.3,9,0.647515,0.469819,0.911537,0.001368,0.075894,0.00228,0.017419,0.545026,0.385496,0.07868,0.038755,0.044334,0.005076,0.97771,394,6|7|8,13,3245,0.306122,1.21,21.78,0.09,0.29,0.48,2.98,4.67,NVIDIA A100-SXM4-80GB,43a14d7652fde71f,ca89a5e805b1,1,temporal,train,all,0.7,0.15,0.15,C,noise_curve_c_s59_Sepsis_Case
Sepsis_Case,lstm,checker_net_state,0.3,9,0.646147,0.467214,0.911993,0.001824,0.070943,0.003648,0.020758,0.523397,0.376101,0.063452,0.059894,0.061069,0.015228,0.976965,394,6|7|8,13,3245,0.306122,1.39,25.01,0.09,0.29,0.48,2.98,4.67,NVIDIA A100-SXM4-80GB,43a14d7652fde71f,ca89a5e805b1,1,temporal,train,all,0.7,0.15,0.15,C,noise_curve_c_s59_Sepsis_Case
Sepsis_Case,lstm,marking,0.3,9,0.643867,0.459671,0.917465,0.00228,0.088634,0.005472,0.02641,0.567759,0.394598,0.086294,0.034058,0.035819,0.007614,0.980549,394,6|7|8,10,3245,0.306122,1.43,21.45,0.09,0.29,0.48,2.98,4.67,NVIDIA A100-SXM4-80GB,43a14d7652fde71f,ca89a5e805b1,1,temporal,train,all,0.7,0.15,0.15,C,noise_curve_c_s59_Sepsis_Case
Sepsis_Case,lstm,gnn,0.3,9,0.654811,0.454778,0.916097,0.002736,0.085665,0.005928,0.029698,0.564711,0.418967,0.071066,0.002936,0.004698,0.007614,0.990207,394,6|7|8,6,3245,0.306122,1.67,18.4,0.09,0.29,0.48,2.98,4.67,NVIDIA A100-SXM4-80GB,43a14d7652fde71f,ca89a5e805b1,1,temporal,train,all,0.7,0.15,0.15,C,noise_curve_c_s59_Sepsis_Case
Sepsis_Case,lstm,seq,0.3,9,0.652987,0.465946,0.914273,0.00228,0.089312,0.005928,0.027005,0.534913,0.36377,0.096447,0.087786,0.089548,0.007614,0.963742,394,6|7|8,12,3245,0.306122,3.39,57.62,0.09,0.29,0.48,2.98,4.67,NVIDIA A100-SXM4-80GB,43a14d7652fde71f,ca89a5e805b1,1,temporal,train,all,0.7,0.15,0.15,C,noise_curve_c_s59_Sepsis_Case
Sepsis_Case,lstm,lll,0.3,9,0.652531,0.46938,0.921113,0.000456,0.067187,0.0,0.001017,0.532974,0.367587,0.093909,0.04081,0.0,0.002538,0.98053,394,6|7|8,13,3245,0.306122,1.41,25.38,0.09,0.29,0.48,2.98,4.67,NVIDIA A100-SXM4-80GB,43a14d7652fde71f,ca89a5e805b1,1,temporal,train,all,0.7,0.15,0.15,C,noise_curve_c_s59_Sepsis_Case
Sepsis_Case,lstm,gll,0.3,9,0.653899,0.471628,0.919289,0.001368,0.07349,0.000912,0.015467,0.491492,0.315913,0.096447,0.082208,0.000294,0.005076,0.983335,394,6|7|8,13,3245,0.306122,3.02,54.43,0.09,0.29,0.48,2.98,4.67,NVIDIA A100-SXM4-80GB,43a14d7652fde71f,ca89a5e805b1,1,temporal,train,all,0.7,0.15,0.15,C,noise_curve_c_s59_Sepsis_Case
Sepsis_Case,lstm,baseline,0.4,9,0.633835,0.437778,0.904241,0.003192,0.110116,0.003192,0.031036,0.529744,0.383735,0.063452,0.001468,0.001174,0.005076,0.987326,394,6|7|8,11,4327,0.208163,1.19,18.99,0.09,0.29,0.48,2.98,4.67,NVIDIA A100-SXM4-80GB,43a14d7652fde71f,ca89a5e805b1,1,temporal,train,all,0.7,0.15,0.15,C,noise_curve_c_s59_Sepsis_Case
Sepsis_Case,lstm,checker,0.4,9,0.632011,0.437444,0.902873,0.001368,0.074033,0.002736,0.023703,0.533161,0.393717,0.060914,0.006459,0.00734,0.007614,0.987641,394,6|7|8,11,4327,0.208163,1.35,21.54,0.09,0.29,0.48,2.98,4.67,NVIDIA A100-SXM4-80GB,43a14d7652fde71f,ca89a5e805b1,1,temporal,train,all,0.7,0.15,0.15,C,noise_curve_c_s59_Sepsis_Case
Sepsis_Case,lstm,checker_net,0.4,9,0.633379,0.436032,0.906521,0.001368,0.102452,0.001368,0.022577,0.529302,0.385203,0.063452,0.002936,0.002642,0.005076,0.98657,394,6|7|8,11,4327,0.208163,1.34,21.46,0.09,0.29,0.48,2.98,4.67,NVIDIA A100-SXM4-80GB,43a14d7652fde71f,ca89a5e805b1,1,temporal,train,all,0.7,0.15,0.15,C,noise_curve_c_s59_Sepsis_Case
Sepsis_Case,lstm,checker_net_state,0.4,9,0.637483,0.436754,0.906977,0.002736,0.091711,0.002736,0.026097,0.531639,0.387845,0.058376,0.001174,0.000881,0.005076,0.988534,394,6|7|8,11,4327,0.208163,1.16,18.64,0.09,0.29,0.48,2.98,4.67,NVIDIA A100-SXM4-80GB,43a14d7652fde71f,ca89a5e805b1,1,temporal,train,all,0.7,0.15,0.15,C,noise_curve_c_s59_Sepsis_Case
Sepsis_Case,lstm,marking,0.4,9,0.635659,0.444327,0.901049,0.005928,0.113289,0.00912,0.03056,0.539379,0.354081,0.06599,0.033177,0.035526,0.007614,0.982164,394,6|7|8,9,4327,0.208163,1.38,19.34,0.09,0.29,0.48,2.98,4.67,NVIDIA A100-SXM4-80GB,43a14d7652fde71f,ca89a5e805b1,1,temporal,train,all,0.7,0.15,0.15,C,noise_curve_c_s59_Sepsis_Case
Sepsis_Case,lstm,gnn,0.4,9,0.630187,0.440712,0.907889,0.001824,0.104709,0.00228,0.028504,0.521646,0.360834,0.060914,0.028186,0.047563,0.005076,0.976643,394,6|7|8,11,4327,0.208163,1.59,25.41,0.09,0.29,0.48,2.98,4.67,NVIDIA A100-SXM4-80GB,43a14d7652fde71f,ca89a5e805b1,1,temporal,train,all,0.7,0.15,0.15,C,noise_curve_c_s59_Sepsis_Case
Sepsis_Case,lstm,seq,0.4,9,0.639763,0.440664,0.892841,0.001824,0.10569,0.002736,0.027444,0.549,0.372578,0.071066,0.009395,0.01057,0.005076,0.986841,394,6|7|8,13,4327,0.208163,3.33,60.01,0.09,0.29,0.48,2.98,4.67,NVIDIA A100-SXM4-80GB,43a14d7652fde71f,ca89a5e805b1,1,temporal,train,all,0.7,0.15,0.15,C,noise_curve_c_s59_Sepsis_Case
Sepsis_Case,lstm,lll,0.4,9,0.630643,0.448543,0.901505,0.000456,0.096632,0.0,0.000965,0.510958,0.345567,0.083756,0.049912,0.0,0.005076,0.974842,394,6|7|8,13,4327,0.208163,1.39,25.1,0.09,0.29,0.48,2.98,4.67,NVIDIA A100-SXM4-80GB,43a14d7652fde71f,ca89a5e805b1,1,temporal,train,all,0.7,0.15,0.15,C,noise_curve_c_s59_Sepsis_Case
Sepsis_Case,lstm,gll,0.4,9,0.638851,0.458644,0.906065,0.001368,0.098832,0.000912,0.021843,0.517933,0.362889,0.068528,0.029654,0.0,0.005076,0.979926,394,6|7|8,13,4327,0.208163,3.02,54.44,0.09,0.29,0.48,2.98,4.67,NVIDIA A100-SXM4-80GB,43a14d7652fde71f,ca89a5e805b1,1,temporal,train,all,0.7,0.15,0.15,C,noise_curve_c_s59_Sepsis_Case
Sepsis_Case,lstm,baseline,0.5,9,0.621523,0.41467,0.888281,0.001368,0.146253,0.001368,0.041001,0.549193,0.414269,0.058376,0.000294,0.0,0.005076,0.981455,394,6|7|8,7,5409,0.145578,1.27,15.23,0.09,0.29,0.48,2.98,4.67,NVIDIA A100-SXM4-80GB,43a14d7652fde71f,ca89a5e805b1,1,temporal,train,all,0.7,0.15,0.15,C,noise_curve_c_s59_Sepsis_Case
Sepsis_Case,lstm,checker,0.5,9,0.608755,0.403104,0.880985,0.001368,0.109151,0.001824,0.032966,0.535774,0.39724,0.053299,0.000294,0.000294,0.005076,0.980606,394,6|7|8,7,5409,0.145578,1.29,15.49,0.09,0.29,0.48,2.98,4.67,NVIDIA A100-SXM4-80GB,43a14d7652fde71f,ca89a5e805b1,1,temporal,train,all,0.7,0.15,0.15,C,noise_curve_c_s59_Sepsis_Case
Sepsis_Case,lstm,checker_net,0.5,9,0.616051,0.407341,0.888737,0.001368,0.137439,0.001368,0.029485,0.544249,0.410159,0.055838,0.000294,0.0,0.005076,0.980866,394,6|7|8,7,5409,0.145578,1.19,14.3,0.09,0.29,0.48,2.98,4.67,NVIDIA A100-SXM4-80GB,43a14d7652fde71f,ca89a5e805b1,1,temporal,train,all,0.7,0.15,0.15,C,noise_curve_c_s59_Sepsis_Case
Sepsis_Case,lstm,checker_net_state,0.5,9,0.622435,0.413963,0.886001,0.001368,0.130445,0.001368,0.035465,0.547851,0.408397,0.058376,0.000294,0.0,0.005076,0.982593,394,6|7|8,7,5409,0.145578,1.22,14.64,0.09,0.29,0.48,2.98,4.67,NVIDIA A100-SXM4-80GB,43a14d7652fde71f,ca89a5e805b1,1,temporal,train,all,0.7,0.15,0.15,C,noise_curve_c_s59_Sepsis_Case
Sepsis_Case,lstm,marking,0.5,9,0.627907,0.449643,0.858641,0.005016,0.151796,0.007296,0.040403,0.546604,0.400176,0.076142,0.02936,0.036113,0.005076,0.977004,394,6|7|8,11,5409,0.145578,1.41,22.6,0.09,0.29,0.48,2.98,4.67,NVIDIA A100-SXM4-80GB,43a14d7652fde71f,ca89a5e805b1,1,temporal,train,all,0.7,0.15,0.15,C,noise_curve_c_s59_Sepsis_Case
Sepsis_Case,lstm,gnn,0.5,9,0.613315,0.405757,0.876425,0.008208,0.1427,0.010488,0.041589,0.545038,0.416031,0.073604,0.012918,0.014386,0.005076,0.98402,394,6|7|8,10,5409,0.145578,1.45,21.73,0.09,0.29,0.48,2.98,4.67,NVIDIA A100-SXM4-80GB,43a14d7652fde71f,ca89a5e805b1,1,temporal,train,all,0.7,0.15,0.15,C,noise_curve_c_s59_Sepsis_Case
Sepsis_Case,lstm,seq,0.5,9,0.611035,0.416876,0.868217,0.00684,0.147507,0.010488,0.042142,0.532035,0.416911,0.055838,0.003817,0.006166,0.007614,0.978878,394,6|7|8,9,5409,0.145578,3.39,47.43,0.09,0.29,0.48,2.98,4.67,NVIDIA A100-SXM4-80GB,43a14d7652fde71f,ca89a5e805b1,1,temporal,train,all,0.7,0.15,0.15,C,noise_curve_c_s59_Sepsis_Case
Sepsis_Case,lstm,lll,0.5,9,0.611035,0.414257,0.875057,0.000456,0.121261,0.0,0.002024,0.524769,0.411039,0.053299,0.000294,0.0,0.005076,0.980668,394,6|7|8,7,5409,0.145578,1.31,15.74,0.09,0.29,0.48,2.98,4.67,NVIDIA A100-SXM4-80GB,43a14d7652fde71f,ca89a5e805b1,1,temporal,train,all,0.7,0.15,0.15,C,noise_curve_c_s59_Sepsis_Case
Sepsis_Case,lstm,gll,0.5,9,0.594619,0.420823,0.855905,0.00684,0.125807,0.005472,0.022393,0.495384,0.347622,0.076142,0.023194,0.002936,0.005076,0.978579,394,6|7|8,19,5409,0.145578,3.1,74.36,0.09,0.29,0.48,2.98,4.67,NVIDIA A100-SXM4-80GB,43a14d7652fde71f,ca89a5e805b1,1,temporal,train,all,0.7,0.15,0.15,C,noise_curve_c_s59_Sepsis_Case
Sepsis_Case,lstm,baseline,0.6,9,0.580939,0.35618,0.851801,0.003648,0.171729,0.003192,0.051152,0.523276,0.395185,0.060914,0.00323,0.002642,0.010152,0.984608,394,6|7|8,10,6491,0.102041,1.11,16.61,0.09,0.29,0.48,2.98,4.67,NVIDIA A100-SXM4-80GB,43a14d7652fde71f,ca89a5e805b1,1,temporal,train,all,0.7,0.15,0.15,C,noise_curve_c_s59_Sepsis_Case
Sepsis_Case,lstm,checker,0.6,9,0.577747,0.365967,0.843137,0.001824,0.121833,0.004104,0.039865,0.513232,0.375514,0.055838,0.000881,0.002349,0.005076,0.983771,394,6|7|8,10,6491,0.102041,1.11,16.64,0.09,0.29,0.48,2.98,4.67,NVIDIA A100-SXM4-80GB,43a14d7652fde71f,ca89a5e805b1,1,temporal,train,all,0.7,0.15,0.15,C,noise_curve_c_s59_Sepsis_Case
Sepsis_Case,lstm,checker_net,0.6,9,0.589147,0.367882,0.852257,0.005016,0.162236,0.001368,0.034682,0.510248,0.379624,0.048223,0.002349,0.000587,0.010152,0.982673,394,6|7|8,10,6491,0.102041,1.23,18.47,0.09,0.29,0.48,2.98,4.67,NVIDIA A100-SXM4-80GB,43a14d7652fde71f,ca89a5e805b1,1,temporal,train,all,0.7,0.15,0.15,C,noise_curve_c_s59_Sepsis_Case
Sepsis_Case,lstm,checker_net_state,0.6,9,0.587323,0.363539,0.842681,0.003192,0.150754,0.003192,0.043907,0.522135,0.397534,0.063452,0.000881,0.001468,0.005076,0.987226,394,6|7|8,10,6491,0.102041,1.22,18.27,0.09,0.29,0.48,2.98,4.67,NVIDIA A100-SXM4-80GB,43a14d7652fde71f,ca89a5e805b1,1,temporal,train,all,0.7,0.15,0.15,C,noise_curve_c_s59_Sepsis_Case
Sepsis_Case,lstm,marking,0.6,9,0.592795,0.359373,0.853169,0.001824,0.183492,0.003648,0.051118,0.529222,0.384615,0.050761,0.000881,0.001762,0.005076,0.983443,394,6|7|8,8,6491,0.102041,1.41,18.31,0.09,0.29,0.48,2.98,4.67,NVIDIA A100-SXM4-80GB,43a14d7652fde71f,ca89a5e805b1,1,temporal,train,all,0.7,0.15,0.15,C,noise_curve_c_s59_Sepsis_Case
Sepsis_Case,lstm,gnn,0.6,9,0.604651,0.372455,0.862289,0.002736,0.169868,0.00456,0.046444,0.536109,0.407223,0.055838,0.002349,0.002055,0.005076,0.983367,394,6|7|8,9,6491,0.102041,1.46,20.49,0.09,0.29,0.48,2.98,4.67,NVIDIA A100-SXM4-80GB,43a14d7652fde71f,ca89a5e805b1,1,temporal,train,all,0.7,0.15,0.15,C,noise_curve_c_s59_Sepsis_Case
Sepsis_Case,lstm,seq,0.6,9,0.595987,0.368399,0.843137,0.003192,0.175832,0.005016,0.051389,0.510978,0.408691,0.055838,0.002055,0.002349,0.005076,0.983348,394,6|7|8,9,6491,0.102041,3.4,47.63,0.09,0.29,0.48,2.98,4.67,NVIDIA A100-SXM4-80GB,43a14d7652fde71f,ca89a5e805b1,1,temporal,train,all,0.7,0.15,0.15,C,noise_curve_c_s59_Sepsis_Case
Sepsis_Case,lstm,lll,0.6,9,0.588691,0.366097,0.839489,0.000912,0.138626,0.0,0.001569,0.503342,0.369055,0.048223,0.000587,0.0,0.005076,0.978797,394,6|7|8,10,6491,0.102041,1.5,22.45,0.09,0.29,0.48,2.98,4.67,NVIDIA A100-SXM4-80GB,43a14d7652fde71f,ca89a5e805b1,1,temporal,train,all,0.7,0.15,0.15,C,noise_curve_c_s59_Sepsis_Case
Sepsis_Case,lstm,gll,0.6,9,0.565891,0.359167,0.844505,0.003192,0.158964,0.001368,0.037292,0.468546,0.351439,0.053299,0.002936,0.000881,0.007614,0.978593,394,6|7|8,16,6491,0.102041,3.06,64.22,0.09,0.29,0.48,2.98,4.67,NVIDIA A100-SXM4-80GB,43a14d7652fde71f,ca89a5e805b1,1,temporal,train,all,0.7,0.15,0.15,C,noise_curve_c_s59_Sepsis_Case
Sepsis_Case,lstm,baseline,0.7,9,0.500684,0.314043,0.791154,0.039216,0.210374,0.018696,0.05312,0.394398,0.330887,0.038071,0.118908,0.103934,0.030457,0.943198,394,6|7|8,10,7573,0.07483,1.13,16.97,0.09,0.29,0.48,2.98,4.67,NVIDIA A100-SXM4-80GB,43a14d7652fde71f,ca89a5e805b1,1,temporal,train,all,0.7,0.15,0.15,C,noise_curve_c_s59_Sepsis_Case
Sepsis_Case,lstm,checker,0.7,9,0.48974,0.343987,0.75969,0.011856,0.148336,0.010944,0.039882,0.370989,0.280975,0.043147,0.176453,0.171756,0.040609,0.928279,394,6|7|8,12,7573,0.07483,1.15,19.63,0.09,0.29,0.48,2.98,4.67,NVIDIA A100-SXM4-80GB,43a14d7652fde71f,ca89a5e805b1,1,temporal,train,all,0.7,0.15,0.15,C,noise_curve_c_s59_Sepsis_Case
Sepsis_Case,lstm,checker_net,0.7,9,0.514364,0.315686,0.78477,0.027816,0.202847,0.003192,0.036555,0.421833,0.327657,0.022843,0.077804,0.055197,0.022843,0.958156,394,6|7|8,10,7573,0.07483,1.12,16.75,0.09,0.29,0.48,2.98,4.67,NVIDIA A100-SXM4-80GB,43a14d7652fde71f,ca89a5e805b1,1,temporal,train,all,0.7,0.15,0.15,C,noise_curve_c_s59_Sepsis_Case
Sepsis_Case,lstm,checker_net_state,0.7,9,0.471044,0.326956,0.760602,0.03192,0.187557,0.008208,0.042899,0.382989,0.304756,0.035533,0.172049,0.14357,0.020305,0.934058,394,6|7|8,12,7573,0.07483,1.19,20.16,0.09,0.29,0.48,2.98,4.67,NVIDIA A100-SXM4-80GB,43a14d7652fde71f,ca89a5e805b1,1,temporal,train,all,0.7,0.15,0.15,C,noise_curve_c_s59_Sepsis_Case
Sepsis_Case,lstm,marking,0.7,9,0.496124,0.302865,0.771546,0.018696,0.209128,0.019152,0.053303,0.301927,0.213447,0.027919,0.22108,0.169994,0.050761,0.928844,394,6|7|8,10,7573,0.07483,1.51,22.63,0.09,0.29,0.48,2.98,4.67,NVIDIA A100-SXM4-80GB,43a14d7652fde71f,ca89a5e805b1,1,temporal,train,all,0.7,0.15,0.15,C,noise_curve_c_s59_Sepsis_Case
Sepsis_Case,lstm,gnn,0.7,9,0.544916,0.344857,0.790698,0.003192,0.199576,0.00456,0.051071,0.451301,0.370523,0.048223,0.003817,0.004404,0.015228,0.981923,394,6|7|8,10,7573,0.07483,1.63,24.46,0.09,0.29,0.48,2.98,4.67,NVIDIA A100-SXM4-80GB,43a14d7652fde71f,ca89a5e805b1,1,temporal,train,all,0.7,0.15,0.15,C,noise_curve_c_s59_Sepsis_Case
Sepsis_Case,lstm,seq,0.7,9,0.529868,0.316172,0.781578,0.02052,0.200409,0.021432,0.052864,0.450783,0.382267,0.015228,0.034351,0.034351,0.005076,0.970578,394,6|7|8,9,7573,0.07483,3.34,46.79,0.09,0.29,0.48,2.98,4.67,NVIDIA A100-SXM4-80GB,43a14d7652fde71f,ca89a5e805b1,1,temporal,train,all,0.7,0.15,0.15,C,noise_curve_c_s59_Sepsis_Case
Sepsis_Case,lstm,lll,0.7,9,0.488372,0.312126,0.762882,0.008208,0.167123,0.0,0.001267,0.387631,0.30916,0.045685,0.024369,0.0,0.088832,0.963618,394,6|7|8,16,7573,0.07483,1.25,26.18,0.09,0.29,0.48,2.98,4.67,NVIDIA A100-SXM4-80GB,43a14d7652fde71f,ca89a5e805b1,1,temporal,train,all,0.7,0.15,0.15,C,noise_curve_c_s59_Sepsis_Case
Sepsis_Case,lstm,gll,0.7,9,0.507068,0.307121,0.783402,0.00456,0.180758,0.00228,0.037195,0.409324,0.322666,0.045685,0.024075,0.00323,0.007614,0.969422,394,6|7|8,16,7573,0.07483,3.05,64.13,0.09,0.29,0.48,2.98,4.67,NVIDIA A100-SXM4-80GB,43a14d7652fde71f,ca89a5e805b1,1,temporal,train,all,0.7,0.15,0.15,C,noise_curve_c_s59_Sepsis_Case
Sepsis_Case,lstm,baseline,0.8,9,0.460556,0.287897,0.70497,0.02964,0.231762,0.030552,0.062519,0.258378,0.20963,0.010152,0.23576,0.186729,0.010152,0.921268,394,6|7|8,7,8654,0.062585,1.74,20.92,0.09,0.29,0.48,2.98,4.67,NVIDIA A100-SXM4-80GB,43a14d7652fde71f,ca89a5e805b1,1,temporal,train,all,0.7,0.15,0.15,C,noise_curve_c_s59_Sepsis_Case
Sepsis_Case,lstm,checker,0.8,9,0.352485,0.221831,0.599635,0.001824,0.162087,0.02052,0.046838,0.235357,0.188491,0.002538,0.024956,0.05872,0.109137,0.92781,394,6|7|8,10,8654,0.062585,1.2,18.0,0.09,0.29,0.48,2.98,4.67,NVIDIA A100-SXM4-80GB,43a14d7652fde71f,ca89a5e805b1,1,temporal,train,all,0.7,0.15,0.15,C,noise_curve_c_s59_Sepsis_Case
Sepsis_Case,lstm,checker_net,0.8,9,0.439124,0.279478,0.703146,0.010944,0.222208,0.001368,0.045461,0.250328,0.2064,0.005076,0.160012,0.12478,0.017766,0.940366,394,6|7|8,7,8654,0.062585,1.12,13.4,0.09,0.29,0.48,2.98,4.67,NVIDIA A100-SXM4-80GB,43a14d7652fde71f,ca89a5e805b1,1,temporal,train,all,0.7,0.15,0.15,C,noise_curve_c_s59_Sepsis_Case
Sepsis_Case,lstm,checker_net_state,0.8,9,0.384405,0.222667,0.631555,0.016416,0.201296,0.016416,0.052071,0.274021,0.218438,0.007614,0.099237,0.136817,0.007614,0.930133,394,6|7|8,10,8654,0.062585,1.22,18.37,0.09,0.29,0.48,2.98,4.67,NVIDIA A100-SXM4-80GB,43a14d7652fde71f,ca89a5e805b1,1,temporal,train,all,0.7,0.15,0.15,C,noise_curve_c_s59_Sepsis_Case
Sepsis_Case,lstm,marking,0.8,9,0.351573,0.212504,0.595075,0.026448,0.246411,0.016872,0.0619,0.204571,0.154727,0.002538,0.246036,0.169701,0.22335,0.901417,394,6|7|8,7,8654,0.062585,1.38,16.57,0.09,0.29,0.48,2.98,4.67,NVIDIA A100-SXM4-80GB,43a14d7652fde71f,ca89a5e805b1,1,temporal,train,all,0.7,0.15,0.15,C,noise_curve_c_s59_Sepsis_Case
Sepsis_Case,lstm,gnn,0.8,9,0.494756,0.275206,0.77337,0.003648,0.233833,0.003192,0.059863,0.386683,0.302114,0.005076,0.021433,0.015561,0.007614,0.977753,394,6|7|8,5,8654,0.062585,1.54,15.37,0.09,0.29,0.48,2.98,4.67,NVIDIA A100-SXM4-80GB,43a14d7652fde71f,ca89a5e805b1,1,temporal,train,all,0.7,0.15,0.15,C,noise_curve_c_s59_Sepsis_Case
Sepsis_Case,lstm,seq,0.8,9,0.445052,0.246266,0.760146,0.00456,0.233236,0.005016,0.061881,0.283447,0.251321,0.01269,0.056665,0.064298,0.299492,0.953957,394,6|7|8,5,8654,0.062585,3.35,33.49,0.09,0.29,0.48,2.98,4.67,NVIDIA A100-SXM4-80GB,43a14d7652fde71f,ca89a5e805b1,1,temporal,train,all,0.7,0.15,0.15,C,noise_curve_c_s59_Sepsis_Case
Sepsis_Case,lstm,lll,0.8,9,0.422253,0.199954,0.69357,0.018696,0.205699,0.0,0.002674,0.321073,0.261304,0.002538,0.000294,0.0,0.0,0.978487,394,6|7|8,7,8654,0.062585,1.42,16.98,0.09,0.29,0.48,2.98,4.67,NVIDIA A100-SXM4-80GB,43a14d7652fde71f,ca89a5e805b1,1,temporal,train,all,0.7,0.15,0.15,C,noise_curve_c_s59_Sepsis_Case
Sepsis_Case,lstm,gll,0.8,9,0.412677,0.285085,0.683083,0.00684,0.215402,0.001824,0.041246,0.252894,0.201116,0.022843,0.127422,0.000881,0.032995,0.960063,394,6|7|8,15,8654,0.062585,3.05,61.01,0.09,0.29,0.48,2.98,4.67,NVIDIA A100-SXM4-80GB,43a14d7652fde71f,ca89a5e805b1,1,temporal,train,all,0.7,0.15,0.15,C,noise_curve_c_s59_Sepsis_Case
