dataset,arch,variant,noise,seed,accuracy,macro_f1,top3,violation_rate,forbidden,violation_rate_net,forbidden_net,dl_similarity,suffix_accuracy,exact_match,suffix_dfa_violation,suffix_dfa_violation_net,suffix_precedence_violation,suffix_net_fitness,n_suffix,prefix_lengths,best_epoch,corrupted,train_compliance,secs_per_epoch,secs_train,secs_petrinet,secs_dfa,secs_automaton,secs_markings,secs_artifacts,gpu,knowledge_key,net_fingerprint,artifacts_cached,split,knowledge,vocab_scope,train_frac,val_frac,test_frac,protocol,source_dir
BPI_Challenge_2012,lstm,baseline,0.0,0,0.851319,0.652427,0.98465,0.0,0.000356,0.0,4.4e-05,0.484507,0.328392,0.154536,0.0,0.0,0.0,0.999314,3682,5|6|7,13,0,1.0,18.52,333.3,9.85,0.2,160.86,14.01,196.39,NVIDIA A100-SXM4-80GB,89faf2fe4e118b2d,7b1f70985555,0,temporal,train,all,0.7,0.15,0.15,C,noise_curve_c
BPI_Challenge_2012,lstm,checker,0.0,0,0.853309,0.651318,0.984304,0.0,0.000264,0.0,2.3e-05,0.484244,0.33011,0.155079,0.0,0.0,0.0,0.999314,3682,5|6|7,9,0,1.0,19.32,270.42,9.85,0.2,160.86,14.01,196.39,NVIDIA A100-SXM4-80GB,89faf2fe4e118b2d,7b1f70985555,0,temporal,train,all,0.7,0.15,0.15,C,noise_curve_c
BPI_Challenge_2012,lstm,checker_net,0.0,0,0.853281,0.65542,0.984448,0.0,0.00028,0.0,2.4e-05,0.484499,0.329907,0.157251,0.0,0.0,0.0,0.999314,3682,5|6|7,13,0,1.0,22.7,408.59,9.85,0.2,160.86,14.01,196.39,NVIDIA A100-SXM4-80GB,89faf2fe4e118b2d,7b1f70985555,0,temporal,train,all,0.7,0.15,0.15,C,noise_curve_c
BPI_Challenge_2012,lstm,checker_net_state,0.0,0,0.85279,0.653897,0.984679,0.0,0.000272,0.0,2.8e-05,0.484564,0.329136,0.155622,0.0,0.0,0.0,0.999314,3682,5|6|7,13,0,1.0,21.16,380.96,9.85,0.2,160.86,14.01,196.39,NVIDIA A100-SXM4-80GB,89faf2fe4e118b2d,7b1f70985555,0,temporal,train,all,0.7,0.15,0.15,C,noise_curve_c
BPI_Challenge_2012,lstm,marking,0.0,0,0.8553,0.661354,0.984592,0.0,0.000295,0.0,4.4e-05,0.48424,0.329744,0.154807,0.0,0.0,0.0,0.999247,3682,5|6|7,25,0,1.0,21.54,646.27,9.85,0.2,160.86,14.01,196.39,NVIDIA A100-SXM4-80GB,89faf2fe4e118b2d,7b1f70985555,0,temporal,train,all,0.7,0.15,0.15,C,noise_curve_c
BPI_Challenge_2012,lstm,gnn,0.0,0,0.85481,0.663618,0.984246,0.0,0.000552,0.0,6e-05,0.484986,0.329541,0.15535,0.0,0.0,0.0,0.999247,3682,5|6|7,11,0,1.0,21.67,346.64,9.85,0.2,160.86,14.01,196.39,NVIDIA A100-SXM4-80GB,89faf2fe4e118b2d,7b1f70985555,0,temporal,train,all,0.7,0.15,0.15,C,noise_curve_c
BPI_Challenge_2012,lstm,seq,0.0,0,0.854435,0.654515,0.984188,0.0,0.000533,0.0,7.4e-05,0.484744,0.330245,0.154807,0.0,0.0,0.0,0.999247,3682,5|6|7,10,0,1.0,67.99,1019.9,9.85,0.2,160.86,14.01,196.39,NVIDIA A100-SXM4-80GB,89faf2fe4e118b2d,7b1f70985555,0,temporal,train,all,0.7,0.15,0.15,C,noise_curve_c
BPI_Challenge_2012,lstm,lll,0.0,0,0.851059,0.652821,0.984477,2.9e-05,0.000756,0.0,4.1e-05,0.48483,0.32877,0.154536,0.0,0.0,0.0,0.999314,3682,5|6|7,13,0,1.0,18.83,338.91,9.85,0.2,160.86,14.01,196.39,NVIDIA A100-SXM4-80GB,89faf2fe4e118b2d,7b1f70985555,0,temporal,train,all,0.7,0.15,0.15,C,noise_curve_c
BPI_Challenge_2012,lstm,gll,0.0,0,0.856253,0.657605,0.984304,0.0,0.000433,0.0,2.4e-05,0.484874,0.329082,0.156708,0.0,0.0,0.0,0.999314,3682,5|6|7,14,0,1.0,48.03,912.53,9.85,0.2,160.86,14.01,196.39,NVIDIA A100-SXM4-80GB,89faf2fe4e118b2d,7b1f70985555,0,temporal,train,all,0.7,0.15,0.15,C,noise_curve_c
BPI_Challenge_2012,lstm,baseline,0.1,0,0.849183,0.63066,0.983842,0.000433,0.059518,0.000115,0.020985,0.491679,0.31661,0.174905,2.7e-05,2.7e-05,0.0,0.999227,3682,5|6|7,12,18619,0.727511,19.19,326.16,9.85,0.2,160.86,14.01,196.39,NVIDIA A100-SXM4-80GB,89faf2fe4e118b2d,7b1f70985555,0,temporal,train,all,0.7,0.15,0.15,C,noise_curve_c
BPI_Challenge_2012,lstm,checker,0.1,0,0.849559,0.63309,0.983842,5.8e-05,0.039742,2.9e-05,0.013779,0.492347,0.316489,0.175448,0.0,0.0,0.0,0.999247,3682,5|6|7,12,18619,0.727511,19.09,324.57,9.85,0.2,160.86,14.01,196.39,NVIDIA A100-SXM4-80GB,89faf2fe4e118b2d,7b1f70985555,0,temporal,train,all,0.7,0.15,0.15,C,noise_curve_c
BPI_Challenge_2012,lstm,checker_net,0.1,0,0.852934,0.655356,0.983813,0.000692,0.050626,5.8e-05,0.013671,0.491351,0.316299,0.174905,2.7e-05,2.7e-05,0.0,0.999227,3682,5|6|7,12,18619,0.727511,19.59,333.0,9.85,0.2,160.86,14.01,196.39,NVIDIA A100-SXM4-80GB,89faf2fe4e118b2d,7b1f70985555,0,temporal,train,all,0.7,0.15,0.15,C,noise_curve_c
BPI_Challenge_2012,lstm,checker_net_state,0.1,0,0.849039,0.632142,0.983611,0.000692,0.053844,0.000202,0.016289,0.491086,0.316462,0.174905,2.7e-05,2.7e-05,0.0,0.999227,3682,5|6|7,12,18619,0.727511,20.39,346.71,9.85,0.2,160.86,14.01,196.39,NVIDIA A100-SXM4-80GB,89faf2fe4e118b2d,7b1f70985555,0,temporal,train,all,0.7,0.15,0.15,C,noise_curve_c
BPI_Challenge_2012,lstm,marking,0.1,0,0.855185,0.653443,0.983669,0.000202,0.065803,0.0,0.024308,0.48413,0.330448,0.156437,2.7e-05,0.0,0.0,0.999247,3682,5|6|7,14,18619,0.727511,26.16,497.09,9.85,0.2,160.86,14.01,196.39,NVIDIA A100-SXM4-80GB,89faf2fe4e118b2d,7b1f70985555,0,temporal,train,all,0.7,0.15,0.15,C,noise_curve_c
BPI_Challenge_2012,lstm,gnn,0.1,0,0.85429,0.658739,0.983669,8.7e-05,0.060542,2.9e-05,0.021395,0.485397,0.329541,0.157523,0.0,0.0,0.0,0.999247,3682,5|6|7,11,18619,0.727511,21.16,338.64,9.85,0.2,160.86,14.01,196.39,NVIDIA A100-SXM4-80GB,89faf2fe4e118b2d,7b1f70985555,0,temporal,train,all,0.7,0.15,0.15,C,noise_curve_c
BPI_Challenge_2012,lstm,seq,0.1,0,0.848953,0.636131,0.983784,0.000317,0.063929,0.000144,0.023685,0.484521,0.317584,0.151548,2.7e-05,2.7e-05,0.0,0.999227,3682,5|6|7,6,18619,0.727511,68.71,755.8,9.85,0.2,160.86,14.01,196.39,NVIDIA A100-SXM4-80GB,89faf2fe4e118b2d,7b1f70985555,0,temporal,train,all,0.7,0.15,0.15,C,noise_curve_c
BPI_Challenge_2012,lstm,lll,0.1,0,0.851088,0.643904,0.983929,0.000202,0.040976,0.0,0.000149,0.484866,0.329582,0.15698,2.7e-05,0.0,0.0,0.999247,3682,5|6|7,13,18619,0.727511,20.83,374.93,9.85,0.2,160.86,14.01,196.39,NVIDIA A100-SXM4-80GB,89faf2fe4e118b2d,7b1f70985555,0,temporal,train,all,0.7,0.15,0.15,C,noise_curve_c
BPI_Challenge_2012,lstm,gll,0.1,0,0.848837,0.629632,0.983669,0.000635,0.047633,0.0,0.009914,0.498177,0.32478,0.174905,2.7e-05,0.0,0.0,0.999247,3682,5|6|7,12,18619,0.727511,48.27,820.52,9.85,0.2,160.86,14.01,196.39,NVIDIA A100-SXM4-80GB,89faf2fe4e118b2d,7b1f70985555,0,temporal,train,all,0.7,0.15,0.15,C,noise_curve_c
BPI_Challenge_2012,lstm,baseline,0.2,0,0.854319,0.652905,0.983554,0.000548,0.135042,0.000231,0.050146,0.484214,0.330529,0.15535,2.7e-05,2.7e-05,0.0,0.999227,3682,5|6|7,8,37237,0.527729,18.23,237.04,9.85,0.2,160.86,14.01,196.39,NVIDIA A100-SXM4-80GB,89faf2fe4e118b2d,7b1f70985555,0,temporal,train,all,0.7,0.15,0.15,C,noise_curve_c
BPI_Challenge_2012,lstm,checker,0.2,0,0.851001,0.655285,0.983554,0.000346,0.096685,0.000173,0.036696,0.495589,0.325132,0.171103,2.7e-05,2.7e-05,0.0,0.999227,3682,5|6|7,12,37237,0.527729,20.05,340.88,9.85,0.2,160.86,14.01,196.39,NVIDIA A100-SXM4-80GB,89faf2fe4e118b2d,7b1f70985555,0,temporal,train,all,0.7,0.15,0.15,C,noise_curve_c
BPI_Challenge_2012,lstm,checker_net,0.2,0,0.854666,0.653699,0.983121,0.000404,0.120621,0.000202,0.035486,0.484199,0.330569,0.15535,2.7e-05,2.7e-05,0.0,0.999227,3682,5|6|7,8,37237,0.527729,18.02,234.32,9.85,0.2,160.86,14.01,196.39,NVIDIA A100-SXM4-80GB,89faf2fe4e118b2d,7b1f70985555,0,temporal,train,all,0.7,0.15,0.15,C,noise_curve_c
BPI_Challenge_2012,lstm,checker_net_state,0.2,0,0.850078,0.652518,0.983034,0.000635,0.124985,0.000202,0.042574,0.498539,0.327783,0.171103,2.7e-05,2.7e-05,0.0,0.999227,3682,5|6|7,12,37237,0.527729,20.48,348.17,9.85,0.2,160.86,14.01,196.39,NVIDIA A100-SXM4-80GB,89faf2fe4e118b2d,7b1f70985555,0,temporal,train,all,0.7,0.15,0.15,C,noise_curve_c
BPI_Challenge_2012,lstm,marking,0.2,0,0.852934,0.6399,0.983756,0.000923,0.137904,0.00026,0.05262,0.484265,0.330678,0.15535,2.7e-05,2.7e-05,0.0,0.999227,3682,5|6|7,6,37237,0.527729,22.34,245.77,9.85,0.2,160.86,14.01,196.39,NVIDIA A100-SXM4-80GB,89faf2fe4e118b2d,7b1f70985555,0,temporal,train,all,0.7,0.15,0.15,C,noise_curve_c
BPI_Challenge_2012,lstm,gnn,0.2,0,0.853396,0.645303,0.983467,0.000866,0.136975,0.000231,0.051524,0.484779,0.330258,0.157523,2.7e-05,2.7e-05,0.0,0.999227,3682,5|6|7,12,37237,0.527729,22.68,385.58,9.85,0.2,160.86,14.01,196.39,NVIDIA A100-SXM4-80GB,89faf2fe4e118b2d,7b1f70985555,0,temporal,train,all,0.7,0.15,0.15,C,noise_curve_c
BPI_Challenge_2012,lstm,seq,0.2,0,0.848549,0.634288,0.983092,0.000404,0.133846,0.00026,0.052548,0.484531,0.317598,0.151548,2.7e-05,2.7e-05,0.0,0.999227,3682,5|6|7,6,37237,0.527729,69.31,762.45,9.85,0.2,160.86,14.01,196.39,NVIDIA A100-SXM4-80GB,89faf2fe4e118b2d,7b1f70985555,0,temporal,train,all,0.7,0.15,0.15,C,noise_curve_c
BPI_Challenge_2012,lstm,lll,0.2,0,0.851117,0.653045,0.983178,0.00075,0.086424,0.0,0.000248,0.491166,0.316556,0.174905,2.7e-05,0.0,0.0,0.999247,3682,5|6|7,10,37237,0.527729,19.74,296.15,9.85,0.2,160.86,14.01,196.39,NVIDIA A100-SXM4-80GB,89faf2fe4e118b2d,7b1f70985555,0,temporal,train,all,0.7,0.15,0.15,C,noise_curve_c
BPI_Challenge_2012,lstm,gll,0.2,0,0.854117,0.652356,0.98315,0.000779,0.116879,0.0,0.02922,0.484099,0.330421,0.15535,2.7e-05,0.0,0.0,0.999247,3682,5|6|7,8,37237,0.527729,47.82,621.66,9.85,0.2,160.86,14.01,196.39,NVIDIA A100-SXM4-80GB,89faf2fe4e118b2d,7b1f70985555,0,temporal,train,all,0.7,0.15,0.15,C,noise_curve_c
BPI_Challenge_2012,lstm,baseline,0.3,0,0.847135,0.594505,0.979918,0.002366,0.195338,0.000231,0.069583,0.48421,0.330583,0.15535,2.7e-05,2.7e-05,0.0,0.999227,3682,5|6|7,3,55856,0.38417,21.24,169.92,9.85,0.2,160.86,14.01,196.39,NVIDIA A100-SXM4-80GB,89faf2fe4e118b2d,7b1f70985555,0,temporal,train,all,0.7,0.15,0.15,C,noise_curve_c
BPI_Challenge_2012,lstm,checker,0.3,0,0.848664,0.603827,0.980495,0.001472,0.140132,0.000202,0.049239,0.491425,0.3168,0.172732,2.7e-05,2.7e-05,0.0,0.999227,3682,5|6|7,3,55856,0.38417,18.09,144.74,9.85,0.2,160.86,14.01,196.39,NVIDIA A100-SXM4-80GB,89faf2fe4e118b2d,7b1f70985555,0,temporal,train,all,0.7,0.15,0.15,C,noise_curve_c
BPI_Challenge_2012,lstm,checker_net,0.3,0,0.842807,0.579381,0.97986,0.002597,0.177034,0.000202,0.049241,0.484086,0.330407,0.15535,2.7e-05,2.7e-05,0.0,0.999227,3682,5|6|7,3,55856,0.38417,20.93,167.45,9.85,0.2,160.86,14.01,196.39,NVIDIA A100-SXM4-80GB,89faf2fe4e118b2d,7b1f70985555,0,temporal,train,all,0.7,0.15,0.15,C,noise_curve_c
BPI_Challenge_2012,lstm,checker_net_state,0.3,0,0.846817,0.597716,0.97986,0.002395,0.184006,0.000519,0.05919,0.485625,0.330434,0.15698,2.7e-05,2.7e-05,0.0,0.999227,3682,5|6|7,3,55856,0.38417,20.34,162.69,9.85,0.2,160.86,14.01,196.39,NVIDIA A100-SXM4-80GB,89faf2fe4e118b2d,7b1f70985555,0,temporal,train,all,0.7,0.15,0.15,C,noise_curve_c
BPI_Challenge_2012,lstm,marking,0.3,0,0.852155,0.639138,0.982544,0.001298,0.205789,0.000231,0.072006,0.48407,0.330421,0.15535,2.7e-05,2.7e-05,0.0,0.999227,3682,5|6|7,11,55856,0.38417,21.69,347.06,9.85,0.2,160.86,14.01,196.39,NVIDIA A100-SXM4-80GB,89faf2fe4e118b2d,7b1f70985555,0,temporal,train,all,0.7,0.15,0.15,C,noise_curve_c
BPI_Challenge_2012,lstm,gnn,0.3,0,0.845202,0.617762,0.982399,0.001414,0.205361,0.000202,0.080293,0.498771,0.329379,0.171103,2.7e-05,2.7e-05,0.0,0.999227,3682,5|6|7,6,55856,0.38417,22.36,245.98,9.85,0.2,160.86,14.01,196.39,NVIDIA A100-SXM4-80GB,89faf2fe4e118b2d,7b1f70985555,0,temporal,train,all,0.7,0.15,0.15,C,noise_curve_c
BPI_Challenge_2012,lstm,seq,0.3,0,0.838623,0.568716,0.98012,0.002193,0.211731,0.000173,0.078571,0.484531,0.317598,0.151548,2.7e-05,2.7e-05,0.0,0.999227,3682,5|6|7,3,55856,0.38417,68.38,547.01,9.85,0.2,160.86,14.01,196.39,NVIDIA A100-SXM4-80GB,89faf2fe4e118b2d,7b1f70985555,0,temporal,train,all,0.7,0.15,0.15,C,noise_curve_c
BPI_Challenge_2012,lstm,lll,0.3,0,0.845433,0.61894,0.98188,0.001991,0.131224,0.0,0.000266,0.484305,0.329366,0.154807,2.7e-05,0.0,0.0,0.999247,3682,5|6|7,10,55856,0.38417,19.88,298.27,9.85,0.2,160.86,14.01,196.39,NVIDIA A100-SXM4-80GB,89faf2fe4e118b2d,7b1f70985555,0,temporal,train,all,0.7,0.15,0.15,C,noise_curve_c
BPI_Challenge_2012,lstm,gll,0.3,0,0.845981,0.623171,0.982024,0.00202,0.186294,8.7e-05,0.052227,0.484086,0.330421,0.15535,2.7e-05,0.0,0.0,0.999247,3682,5|6|7,10,55856,0.38417,48.63,729.44,9.85,0.2,160.86,14.01,196.39,NVIDIA A100-SXM4-80GB,89faf2fe4e118b2d,7b1f70985555,0,temporal,train,all,0.7,0.15,0.15,C,noise_curve_c
BPI_Challenge_2012,lstm,baseline,0.4,0,0.843701,0.619448,0.98087,0.001991,0.286128,0.000231,0.106414,0.497843,0.326106,0.172732,2.7e-05,2.7e-05,0.0,0.999227,3682,5|6|7,11,74474,0.285808,19.46,311.31,9.85,0.2,160.86,14.01,196.39,NVIDIA A100-SXM4-80GB,89faf2fe4e118b2d,7b1f70985555,0,temporal,train,all,0.7,0.15,0.15,C,noise_curve_c
BPI_Challenge_2012,lstm,checker,0.4,0,0.842778,0.614769,0.980235,0.001529,0.205445,0.000173,0.076048,0.500356,0.329487,0.172732,2.7e-05,2.7e-05,0.0,0.999227,3682,5|6|7,11,74474,0.285808,20.88,334.01,9.85,0.2,160.86,14.01,196.39,NVIDIA A100-SXM4-80GB,89faf2fe4e118b2d,7b1f70985555,0,temporal,train,all,0.7,0.15,0.15,C,noise_curve_c
BPI_Challenge_2012,lstm,checker_net,0.4,0,0.842922,0.616425,0.980235,0.002135,0.259515,8.7e-05,0.077471,0.491338,0.316651,0.172732,2.7e-05,0.0,0.0,0.999247,3682,5|6|7,11,74474,0.285808,20.39,326.3,9.85,0.2,160.86,14.01,196.39,NVIDIA A100-SXM4-80GB,89faf2fe4e118b2d,7b1f70985555,0,temporal,train,all,0.7,0.15,0.15,C,noise_curve_c
BPI_Challenge_2012,lstm,checker_net_state,0.4,0,0.842836,0.616791,0.978966,0.002049,0.271996,0.000231,0.09347,0.499632,0.328568,0.171917,2.7e-05,2.7e-05,0.0,0.999294,3682,5|6|7,11,74474,0.285808,20.42,326.67,9.85,0.2,160.86,14.01,196.39,NVIDIA A100-SXM4-80GB,89faf2fe4e118b2d,7b1f70985555,0,temporal,train,all,0.7,0.15,0.15,C,noise_curve_c
BPI_Challenge_2012,lstm,marking,0.4,0,0.844192,0.577979,0.979226,0.003203,0.288502,0.000577,0.105634,0.484152,0.330502,0.15535,2.7e-05,2.7e-05,0.0,0.999227,3682,5|6|7,6,74474,0.285808,23.14,254.5,9.85,0.2,160.86,14.01,196.39,NVIDIA A100-SXM4-80GB,89faf2fe4e118b2d,7b1f70985555,0,temporal,train,all,0.7,0.15,0.15,C,noise_curve_c
BPI_Challenge_2012,lstm,gnn,0.4,0,0.847193,0.641167,0.981072,0.002077,0.288837,0.00026,0.10945,0.491246,0.317774,0.172732,2.7e-05,2.7e-05,0.0,0.999227,3682,5|6|7,17,74474,0.285808,22.29,490.46,9.85,0.2,160.86,14.01,196.39,NVIDIA A100-SXM4-80GB,89faf2fe4e118b2d,7b1f70985555,0,temporal,train,all,0.7,0.15,0.15,C,noise_curve_c
BPI_Challenge_2012,lstm,seq,0.4,0,0.833978,0.540985,0.97458,0.004963,0.269144,0.000491,0.097458,0.484344,0.317327,0.151548,2.7e-05,2.7e-05,0.0,0.999227,3682,5|6|7,3,74474,0.285808,68.77,550.19,9.85,0.2,160.86,14.01,196.39,NVIDIA A100-SXM4-80GB,89faf2fe4e118b2d,7b1f70985555,0,temporal,train,all,0.7,0.15,0.15,C,noise_curve_c
BPI_Challenge_2012,lstm,lll,0.4,0,0.839229,0.577879,0.978475,0.002885,0.18093,0.0,0.00024,0.491181,0.31661,0.172732,2.7e-05,0.0,0.0,0.999247,3682,5|6|7,11,74474,0.285808,22.1,353.62,9.85,0.2,160.86,14.01,196.39,NVIDIA A100-SXM4-80GB,89faf2fe4e118b2d,7b1f70985555,0,temporal,train,all,0.7,0.15,0.15,C,noise_curve_c
BPI_Challenge_2012,lstm,gll,0.4,0,0.837036,0.56161,0.978735,0.002164,0.245904,0.000115,0.068011,0.484142,0.330475,0.15535,2.7e-05,2.7e-05,0.0,0.999227,3682,5|6|7,5,74474,0.285808,48.96,489.6,9.85,0.2,160.86,14.01,196.39,NVIDIA A100-SXM4-80GB,89faf2fe4e118b2d,7b1f70985555,0,temporal,train,all,0.7,0.15,0.15,C,noise_curve_c
BPI_Challenge_2012,lstm,baseline,0.5,0,0.837469,0.5597,0.974869,0.003116,0.357727,0.000664,0.133774,0.491242,0.316475,0.172732,2.7e-05,2.7e-05,0.0,0.999227,3682,5|6|7,9,93093,0.215611,19.73,276.26,9.85,0.2,160.86,14.01,196.39,NVIDIA A100-SXM4-80GB,89faf2fe4e118b2d,7b1f70985555,0,temporal,train,all,0.7,0.15,0.15,C,noise_curve_c
BPI_Challenge_2012,lstm,checker,0.5,0,0.834612,0.555903,0.977725,0.002424,0.266914,0.000433,0.100325,0.499051,0.328189,0.172732,2.7e-05,2.7e-05,0.0,0.999227,3682,5|6|7,9,93093,0.215611,18.25,255.54,9.85,0.2,160.86,14.01,196.39,NVIDIA A100-SXM4-80GB,89faf2fe4e118b2d,7b1f70985555,0,temporal,train,all,0.7,0.15,0.15,C,noise_curve_c
BPI_Challenge_2012,lstm,checker_net,0.5,0,0.837036,0.559539,0.975273,0.003462,0.322901,0.000289,0.096965,0.490182,0.315488,0.172732,2.7e-05,0.0,0.0,0.999247,3682,5|6|7,9,93093,0.215611,18.26,255.69,9.85,0.2,160.86,14.01,196.39,NVIDIA A100-SXM4-80GB,89faf2fe4e118b2d,7b1f70985555,0,temporal,train,all,0.7,0.15,0.15,C,noise_curve_c
BPI_Challenge_2012,lstm,checker_net_state,0.5,0,0.8377,0.562128,0.974753,0.003116,0.338248,0.000664,0.117068,0.497218,0.325321,0.172732,2.7e-05,2.7e-05,0.0,0.999227,3682,5|6|7,9,93093,0.215611,19.29,270.09,9.85,0.2,160.86,14.01,196.39,NVIDIA A100-SXM4-80GB,89faf2fe4e118b2d,7b1f70985555,0,temporal,train,all,0.7,0.15,0.15,C,noise_curve_c
BPI_Challenge_2012,lstm,marking,0.5,0,0.832391,0.550748,0.97634,0.002885,0.361893,0.000491,0.135315,0.484096,0.330434,0.15535,2.7e-05,0.0,0.0,0.999247,3682,5|6|7,13,93093,0.215611,21.21,381.69,9.85,0.2,160.86,14.01,196.39,NVIDIA A100-SXM4-80GB,89faf2fe4e118b2d,7b1f70985555,0,temporal,train,all,0.7,0.15,0.15,C,noise_curve_c
BPI_Challenge_2012,lstm,gnn,0.5,0,0.835074,0.532819,0.973166,0.005194,0.358084,0.000173,0.134126,0.480522,0.329,0.154807,4.1e-05,2.7e-05,0.0,0.999227,3682,5|6|7,6,93093,0.215611,23.1,254.15,9.85,0.2,160.86,14.01,196.39,NVIDIA A100-SXM4-80GB,89faf2fe4e118b2d,7b1f70985555,0,temporal,train,all,0.7,0.15,0.15,C,noise_curve_c
BPI_Challenge_2012,lstm,seq,0.5,0,0.831669,0.542655,0.970887,0.003058,0.361098,0.000289,0.134433,0.490845,0.317855,0.170559,2.7e-05,2.7e-05,0.0,0.999227,3682,5|6|7,9,93093,0.215611,69.41,971.79,9.85,0.2,160.86,14.01,196.39,NVIDIA A100-SXM4-80GB,89faf2fe4e118b2d,7b1f70985555,0,temporal,train,all,0.7,0.15,0.15,C,noise_curve_c
BPI_Challenge_2012,lstm,lll,0.5,0,0.832737,0.495163,0.97181,0.005915,0.238443,0.0,0.000242,0.479856,0.328311,0.154807,2.7e-05,0.0,0.0,0.999247,3682,5|6|7,9,93093,0.215611,20.5,286.96,9.85,0.2,160.86,14.01,196.39,NVIDIA A100-SXM4-80GB,89faf2fe4e118b2d,7b1f70985555,0,temporal,train,all,0.7,0.15,0.15,C,noise_curve_c
BPI_Challenge_2012,lstm,gll,0.5,0,0.836777,0.534345,0.97533,0.002712,0.312643,0.0,0.084652,0.486535,0.314649,0.172189,2.7e-05,0.0,0.0,0.999247,3682,5|6|7,9,93093,0.215611,47.55,665.68,9.85,0.2,160.86,14.01,196.39,NVIDIA A100-SXM4-80GB,89faf2fe4e118b2d,7b1f70985555,0,temporal,train,all,0.7,0.15,0.15,C,noise_curve_c
BPI_Challenge_2012,lstm,baseline,0.6,0,0.815165,0.490886,0.967049,0.005828,0.43411,0.002972,0.16058,0.48946,0.315406,0.172189,2.7e-05,2.7e-05,0.0,0.999227,3682,5|6|7,12,111712,0.162445,23.39,397.61,9.85,0.2,160.86,14.01,196.39,NVIDIA A100-SXM4-80GB,89faf2fe4e118b2d,7b1f70985555,0,temporal,train,all,0.7,0.15,0.15,C,noise_curve_c
BPI_Challenge_2012,lstm,checker,0.6,0,0.820359,0.517631,0.974753,0.002972,0.34066,0.00075,0.133052,0.484438,0.329555,0.154807,2.7e-05,2.7e-05,0.0,0.999227,3682,5|6|7,17,111712,0.162445,20.26,445.76,9.85,0.2,160.86,14.01,196.39,NVIDIA A100-SXM4-80GB,89faf2fe4e118b2d,7b1f70985555,0,temporal,train,all,0.7,0.15,0.15,C,noise_curve_c
BPI_Challenge_2012,lstm,checker_net,0.6,0,0.817647,0.480106,0.958509,0.002712,0.401586,2.9e-05,0.119908,0.48006,0.328608,0.154807,2.7e-05,0.0,0.0,0.999247,3682,5|6|7,7,111712,0.162445,19.21,230.52,9.85,0.2,160.86,14.01,196.39,NVIDIA A100-SXM4-80GB,89faf2fe4e118b2d,7b1f70985555,0,temporal,train,all,0.7,0.15,0.15,C,noise_curve_c
BPI_Challenge_2012,lstm,checker_net_state,0.6,0,0.813463,0.49584,0.966761,0.006723,0.417468,0.003924,0.14685,0.490176,0.315799,0.172732,2.7e-05,2.7e-05,0.0,0.999227,3682,5|6|7,12,111712,0.162445,19.28,327.68,9.85,0.2,160.86,14.01,196.39,NVIDIA A100-SXM4-80GB,89faf2fe4e118b2d,7b1f70985555,0,temporal,train,all,0.7,0.15,0.15,C,noise_curve_c
BPI_Challenge_2012,lstm,marking,0.6,0,0.819291,0.490262,0.962519,0.004097,0.447162,0.00127,0.167303,0.479853,0.328378,0.154807,2.7e-05,2.7e-05,0.0,0.999227,3682,5|6|7,10,111712,0.162445,22.16,332.47,9.85,0.2,160.86,14.01,196.39,NVIDIA A100-SXM4-80GB,89faf2fe4e118b2d,7b1f70985555,0,temporal,train,all,0.7,0.15,0.15,C,noise_curve_c
BPI_Challenge_2012,lstm,gnn,0.6,0,0.82486,0.491547,0.967367,0.002597,0.427033,0.000289,0.161525,0.480084,0.329122,0.154807,2.7e-05,2.7e-05,0.0,0.999227,3682,5|6|7,11,111712,0.162445,21.91,350.51,9.85,0.2,160.86,14.01,196.39,NVIDIA A100-SXM4-80GB,89faf2fe4e118b2d,7b1f70985555,0,temporal,train,all,0.7,0.15,0.15,C,noise_curve_c
BPI_Challenge_2012,lstm,seq,0.6,0,0.817647,0.502666,0.966992,0.006896,0.440481,0.003462,0.164124,0.483287,0.329623,0.153178,2.7e-05,2.7e-05,0.0,0.999227,3682,5|6|7,17,111712,0.162445,69.5,1528.91,9.85,0.2,160.86,14.01,196.39,NVIDIA A100-SXM4-80GB,89faf2fe4e118b2d,7b1f70985555,0,temporal,train,all,0.7,0.15,0.15,C,noise_curve_c
BPI_Challenge_2012,lstm,lll,0.6,0,0.813463,0.436959,0.9547,0.002597,0.298617,0.0,0.000246,0.485899,0.31358,0.170016,2.7e-05,0.0,0.0,0.999247,3682,5|6|7,12,111712,0.162445,20.79,353.36,9.85,0.2,160.86,14.01,196.39,NVIDIA A100-SXM4-80GB,89faf2fe4e118b2d,7b1f70985555,0,temporal,train,all,0.7,0.15,0.15,C,noise_curve_c
BPI_Challenge_2012,lstm,gll,0.6,0,0.815771,0.451034,0.963212,0.00251,0.396116,0.000115,0.109606,0.486827,0.314635,0.172189,4.1e-05,2.7e-05,0.0,0.999227,3682,5|6|7,12,111712,0.162445,49.25,837.18,9.85,0.2,160.86,14.01,196.39,NVIDIA A100-SXM4-80GB,89faf2fe4e118b2d,7b1f70985555,0,temporal,train,all,0.7,0.15,0.15,C,noise_curve_c
BPI_Challenge_2012,lstm,baseline,0.7,0,0.758065,0.379238,0.941255,0.028709,0.509885,0.02415,0.189964,0.478895,0.326823,0.151005,0.001285,0.001285,0.0,0.997956,3682,5|6|7,5,130330,0.138974,18.61,186.08,9.85,0.2,160.86,14.01,196.39,NVIDIA A100-SXM4-80GB,89faf2fe4e118b2d,7b1f70985555,0,temporal,train,all,0.7,0.15,0.15,C,noise_curve_c
BPI_Challenge_2012,lstm,checker,0.7,0,0.803076,0.464528,0.957989,0.004674,0.411934,0.002539,0.1557,0.478914,0.327756,0.153992,2.7e-05,2.7e-05,0.0,0.999294,3682,5|6|7,15,130330,0.138974,19.75,395.05,9.85,0.2,160.86,14.01,196.39,NVIDIA A100-SXM4-80GB,89faf2fe4e118b2d,7b1f70985555,0,temporal,train,all,0.7,0.15,0.15,C,noise_curve_c
BPI_Challenge_2012,lstm,checker_net,0.7,0,0.771452,0.40953,0.940187,0.013619,0.474821,0.01033,0.143767,0.481395,0.343311,0.144487,0.001285,0.001285,0.0,0.995272,3682,5|6|7,5,130330,0.138974,21.54,215.42,9.85,0.2,160.86,14.01,196.39,NVIDIA A100-SXM4-80GB,89faf2fe4e118b2d,7b1f70985555,0,temporal,train,all,0.7,0.15,0.15,C,noise_curve_c
BPI_Challenge_2012,lstm,checker_net_state,0.7,0,0.793468,0.447237,0.943159,0.01183,0.491525,0.00528,0.17539,0.480052,0.314744,0.157523,2.7e-05,2.7e-05,0.0,0.999227,3682,5|6|7,17,130330,0.138974,24.51,539.27,9.85,0.2,160.86,14.01,196.39,NVIDIA A100-SXM4-80GB,89faf2fe4e118b2d,7b1f70985555,0,temporal,train,all,0.7,0.15,0.15,C,noise_curve_c
BPI_Challenge_2012,lstm,marking,0.7,0,0.803884,0.468687,0.95043,0.00554,0.500355,0.001443,0.186393,0.48323,0.344975,0.147746,4.1e-05,2.7e-05,0.0,0.996543,3682,5|6|7,11,130330,0.138974,21.5,344.0,9.85,0.2,160.86,14.01,196.39,NVIDIA A100-SXM4-80GB,89faf2fe4e118b2d,7b1f70985555,0,temporal,train,all,0.7,0.15,0.15,C,noise_curve_c
BPI_Challenge_2012,lstm,gnn,0.7,0,0.793237,0.416401,0.952392,0.010733,0.511813,0.003693,0.195249,0.49627,0.328919,0.171374,2.7e-05,2.7e-05,0.0,0.999294,3682,5|6|7,10,130330,0.138974,21.12,316.79,9.85,0.2,160.86,14.01,196.39,NVIDIA A100-SXM4-80GB,89faf2fe4e118b2d,7b1f70985555,0,temporal,train,all,0.7,0.15,0.15,C,noise_curve_c
BPI_Challenge_2012,lstm,seq,0.7,0,0.801027,0.465606,0.94313,0.006203,0.517327,0.001933,0.195265,0.485666,0.31496,0.167029,2.7e-05,2.7e-05,0.0,0.999294,3682,5|6|7,12,130330,0.138974,68.65,1167.07,9.85,0.2,160.86,14.01,196.39,NVIDIA A100-SXM4-80GB,89faf2fe4e118b2d,7b1f70985555,0,temporal,train,all,0.7,0.15,0.15,C,noise_curve_c
BPI_Challenge_2012,lstm,lll,0.7,0,0.757112,0.385874,0.922615,0.005886,0.353497,0.0,0.00024,0.436703,0.27852,0.136067,0.0,0.0,0.0,0.995846,3682,5|6|7,6,130330,0.138974,18.71,205.82,9.85,0.2,160.86,14.01,196.39,NVIDIA A100-SXM4-80GB,89faf2fe4e118b2d,7b1f70985555,0,temporal,train,all,0.7,0.15,0.15,C,noise_curve_c
BPI_Challenge_2012,lstm,gll,0.7,0,0.790207,0.408369,0.950141,0.005453,0.455445,0.000837,0.130123,0.484558,0.322237,0.151005,2.7e-05,0.0,0.0,0.999247,3682,5|6|7,17,130330,0.138974,47.95,1054.95,9.85,0.2,160.86,14.01,196.39,NVIDIA A100-SXM4-80GB,89faf2fe4e118b2d,7b1f70985555,0,temporal,train,all,0.7,0.15,0.15,C,noise_curve_c
BPI_Challenge_2012,lstm,baseline,0.8,0,0.737752,0.380896,0.916412,0.030873,0.579487,0.020428,0.220461,0.479317,0.328378,0.154807,4.1e-05,0.0,0.0,0.999247,3682,5|6|7,17,148949,0.134934,20.23,445.12,9.85,0.2,160.86,14.01,196.39,NVIDIA A100-SXM4-80GB,89faf2fe4e118b2d,7b1f70985555,0,temporal,train,all,0.7,0.15,0.15,C,noise_curve_c
BPI_Challenge_2012,lstm,checker,0.8,0,0.746523,0.395473,0.936292,0.016187,0.471928,0.010358,0.184965,0.450444,0.299432,0.150733,0.0,0.0,0.0,0.995846,3682,5|6|7,15,148949,0.134934,19.04,380.75,9.85,0.2,160.86,14.01,196.39,NVIDIA A100-SXM4-80GB,89faf2fe4e118b2d,7b1f70985555,0,temporal,train,all,0.7,0.15,0.15,C,noise_curve_c
BPI_Challenge_2012,lstm,checker_net,0.8,0,0.761383,0.399598,0.922067,0.015898,0.548667,0.007964,0.173449,0.478828,0.32777,0.153992,2.7e-05,0.0,0.0,0.99925,3682,5|6|7,15,148949,0.134934,18.88,377.51,9.85,0.2,160.86,14.01,196.39,NVIDIA A100-SXM4-80GB,89faf2fe4e118b2d,7b1f70985555,0,temporal,train,all,0.7,0.15,0.15,C,noise_curve_c
BPI_Challenge_2012,lstm,checker_net_state,0.8,0,0.728778,0.368739,0.919124,0.039471,0.567466,0.022534,0.205377,0.449212,0.299378,0.15019,4.1e-05,0.0,0.0,0.995846,3682,5|6|7,15,148949,0.134934,18.65,373.02,9.85,0.2,160.86,14.01,196.39,NVIDIA A100-SXM4-80GB,89faf2fe4e118b2d,7b1f70985555,0,temporal,train,all,0.7,0.15,0.15,C,noise_curve_c
BPI_Challenge_2012,lstm,marking,0.8,0,0.703157,0.330894,0.912632,0.06189,0.587822,0.020111,0.223908,0.414249,0.261017,0.134709,0.018558,0.0,0.0,0.995846,3682,5|6|7,21,148949,0.134934,20.8,540.74,9.85,0.2,160.86,14.01,196.39,NVIDIA A100-SXM4-80GB,89faf2fe4e118b2d,7b1f70985555,0,temporal,train,all,0.7,0.15,0.15,C,noise_curve_c
BPI_Challenge_2012,lstm,gnn,0.8,0,0.728663,0.352717,0.926453,0.035086,0.579702,0.027786,0.219836,0.447652,0.297958,0.146931,0.001285,0.001285,0.0,0.994555,3682,5|6|7,14,148949,0.134934,22.42,425.89,9.85,0.2,160.86,14.01,196.39,NVIDIA A100-SXM4-80GB,89faf2fe4e118b2d,7b1f70985555,0,temporal,train,all,0.7,0.15,0.15,C,noise_curve_c
BPI_Challenge_2012,lstm,seq,0.8,0,0.725056,0.351751,0.925183,0.044578,0.588396,0.020255,0.225692,0.447834,0.297755,0.145301,0.001772,0.0,0.0,0.995846,3682,5|6|7,12,148949,0.134934,69.52,1181.83,9.85,0.2,160.86,14.01,196.39,NVIDIA A100-SXM4-80GB,89faf2fe4e118b2d,7b1f70985555,0,temporal,train,all,0.7,0.15,0.15,C,noise_curve_c
BPI_Challenge_2012,lstm,lll,0.8,0,0.646892,0.259183,0.890761,0.071787,0.444942,0.0,0.000207,0.32995,0.244529,0.052689,0.002881,0.0,0.0,0.992462,3682,5|6|7,7,148949,0.134934,19.62,235.45,9.85,0.2,160.86,14.01,196.39,NVIDIA A100-SXM4-80GB,89faf2fe4e118b2d,7b1f70985555,0,temporal,train,all,0.7,0.15,0.15,C,noise_curve_c
BPI_Challenge_2012,lstm,gll,0.8,0,0.758266,0.403796,0.911247,0.011282,0.513476,0.0,0.146974,0.462714,0.298647,0.165399,4.1e-05,0.0,0.000815,0.995826,3682,5|6|7,24,148949,0.134934,48.39,1403.31,9.85,0.2,160.86,14.01,196.39,NVIDIA A100-SXM4-80GB,89faf2fe4e118b2d,7b1f70985555,0,temporal,train,all,0.7,0.15,0.15,C,noise_curve_c
BPI_Challenge_2012,lstm,baseline,0.0,1,0.852934,0.656929,0.984361,0.0,0.000285,0.0,4.3e-05,0.484949,0.330326,0.158066,0.0,0.0,0.0,0.999247,3682,5|6|7,19,0,1.0,18.13,435.18,9.85,0.2,160.86,14.58,26.31,NVIDIA A100-SXM4-80GB,89faf2fe4e118b2d,7b1f70985555,1,temporal,train,all,0.7,0.15,0.15,C,noise_curve_c_s14_BPI_Challenge_2012
BPI_Challenge_2012,lstm,checker,0.0,1,0.857118,0.665159,0.984188,0.0,0.000239,0.0,2.7e-05,0.485555,0.331056,0.158066,0.0,0.0,0.0,0.999247,3682,5|6|7,12,0,1.0,17.79,302.51,9.85,0.2,160.86,14.58,26.31,NVIDIA A100-SXM4-80GB,89faf2fe4e118b2d,7b1f70985555,1,temporal,train,all,0.7,0.15,0.15,C,noise_curve_c_s14_BPI_Challenge_2012
BPI_Challenge_2012,lstm,checker_net,0.0,1,0.857378,0.666838,0.983929,0.0,0.00026,0.0,2.9e-05,0.484878,0.330759,0.155894,0.0,0.0,0.0,0.999247,3682,5|6|7,20,0,1.0,20.08,502.11,9.85,0.2,160.86,14.58,26.31,NVIDIA A100-SXM4-80GB,89faf2fe4e118b2d,7b1f70985555,1,temporal,train,all,0.7,0.15,0.15,C,noise_curve_c_s14_BPI_Challenge_2012
BPI_Challenge_2012,lstm,checker_net_state,0.0,1,0.857003,0.666881,0.984304,0.0,0.000315,0.0,2.7e-05,0.485555,0.331056,0.158066,0.0,0.0,0.0,0.999247,3682,5|6|7,12,0,1.0,20.81,353.73,9.85,0.2,160.86,14.58,26.31,NVIDIA A100-SXM4-80GB,89faf2fe4e118b2d,7b1f70985555,1,temporal,train,all,0.7,0.15,0.15,C,noise_curve_c_s14_BPI_Challenge_2012
BPI_Challenge_2012,lstm,marking,0.0,1,0.857291,0.666398,0.983986,0.0,0.000471,0.0,4.8e-05,0.484423,0.330272,0.155079,0.0,0.0,0.0,0.999314,3682,5|6|7,9,0,1.0,20.81,291.36,9.85,0.2,160.86,14.58,26.31,NVIDIA A100-SXM4-80GB,89faf2fe4e118b2d,7b1f70985555,1,temporal,train,all,0.7,0.15,0.15,C,noise_curve_c_s14_BPI_Challenge_2012
BPI_Challenge_2012,lstm,gnn,0.0,1,0.853194,0.650577,0.984073,0.0,0.000327,0.0,4.3e-05,0.484877,0.328879,0.157795,0.0,0.0,0.0,0.999314,3682,5|6|7,20,0,1.0,21.07,526.65,9.85,0.2,160.86,14.58,26.31,NVIDIA A100-SXM4-80GB,89faf2fe4e118b2d,7b1f70985555,1,temporal,train,all,0.7,0.15,0.15,C,noise_curve_c_s14_BPI_Challenge_2012
BPI_Challenge_2012,lstm,seq,0.0,1,0.857147,0.667827,0.984188,0.0,0.000329,0.0,3.6e-05,0.485089,0.330569,0.157251,0.0,0.0,0.0,0.999314,3682,5|6|7,15,0,1.0,67.68,1353.59,9.85,0.2,160.86,14.58,26.31,NVIDIA A100-SXM4-80GB,89faf2fe4e118b2d,7b1f70985555,1,temporal,train,all,0.7,0.15,0.15,C,noise_curve_c_s14_BPI_Challenge_2012
BPI_Challenge_2012,lstm,lll,0.0,1,0.85582,0.674303,0.984188,0.0,0.000923,0.0,3.6e-05,0.491544,0.317571,0.172461,0.0,0.0,0.0,0.999314,3682,5|6|7,8,0,1.0,18.71,243.28,9.85,0.2,160.86,14.58,26.31,NVIDIA A100-SXM4-80GB,89faf2fe4e118b2d,7b1f70985555,1,temporal,train,all,0.7,0.15,0.15,C,noise_curve_c_s14_BPI_Challenge_2012
BPI_Challenge_2012,lstm,gll,0.0,1,0.855387,0.67695,0.984419,0.0,0.000313,0.0,1.9e-05,0.484858,0.330732,0.155894,0.0,0.0,0.0,0.999247,3682,5|6|7,21,0,1.0,47.83,1243.66,9.85,0.2,160.86,14.58,26.31,NVIDIA A100-SXM4-80GB,89faf2fe4e118b2d,7b1f70985555,1,temporal,train,all,0.7,0.15,0.15,C,noise_curve_c_s14_BPI_Challenge_2012
BPI_Challenge_2012,lstm,baseline,0.1,1,0.854204,0.664078,0.983698,5.8e-05,0.06116,0.0,0.023776,0.501015,0.327445,0.173275,0.0,0.0,0.0,0.999247,3682,5|6|7,8,18619,0.730022,19.72,256.41,9.85,0.2,160.86,14.58,26.31,NVIDIA A100-SXM4-80GB,89faf2fe4e118b2d,7b1f70985555,1,temporal,train,all,0.7,0.15,0.15,C,noise_curve_c_s14_BPI_Challenge_2012
BPI_Challenge_2012,lstm,checker,0.1,1,0.8538,0.661587,0.984044,5.8e-05,0.041606,0.0,0.0161,0.492068,0.318085,0.173275,0.0,0.0,0.0,0.999247,3682,5|6|7,8,18619,0.730022,19.02,247.2,9.85,0.2,160.86,14.58,26.31,NVIDIA A100-SXM4-80GB,89faf2fe4e118b2d,7b1f70985555,1,temporal,train,all,0.7,0.15,0.15,C,noise_curve_c_s14_BPI_Challenge_2012
BPI_Challenge_2012,lstm,checker_net,0.1,1,0.853944,0.662377,0.983756,5.8e-05,0.05438,0.0,0.015994,0.492009,0.31707,0.173275,0.0,0.0,0.0,0.999247,3682,5|6|7,8,18619,0.730022,19.05,247.61,9.85,0.2,160.86,14.58,26.31,NVIDIA A100-SXM4-80GB,89faf2fe4e118b2d,7b1f70985555,1,temporal,train,all,0.7,0.15,0.15,C,noise_curve_c_s14_BPI_Challenge_2012
BPI_Challenge_2012,lstm,checker_net_state,0.1,1,0.853829,0.662675,0.983986,8.7e-05,0.055795,0.0,0.018096,0.50042,0.326836,0.173275,0.0,0.0,0.0,0.999247,3682,5|6|7,8,18619,0.730022,18.28,237.65,9.85,0.2,160.86,14.58,26.31,NVIDIA A100-SXM4-80GB,89faf2fe4e118b2d,7b1f70985555,1,temporal,train,all,0.7,0.15,0.15,C,noise_curve_c_s14_BPI_Challenge_2012
BPI_Challenge_2012,lstm,marking,0.1,1,0.848693,0.640796,0.984073,8.7e-05,0.061422,2.9e-05,0.022554,0.491401,0.31753,0.170016,0.0,0.0,0.0,0.999247,3682,5|6|7,18,18619,0.730022,21.66,498.08,9.85,0.2,160.86,14.58,26.31,NVIDIA A100-SXM4-80GB,89faf2fe4e118b2d,7b1f70985555,1,temporal,train,all,0.7,0.15,0.15,C,noise_curve_c_s14_BPI_Challenge_2012
BPI_Challenge_2012,lstm,gnn,0.1,1,0.854348,0.661571,0.983842,0.000144,0.065336,5.8e-05,0.028058,0.485639,0.330718,0.158066,0.0,0.0,0.0,0.999247,3682,5|6|7,9,18619,0.730022,21.31,298.32,9.85,0.2,160.86,14.58,26.31,NVIDIA A100-SXM4-80GB,89faf2fe4e118b2d,7b1f70985555,1,temporal,train,all,0.7,0.15,0.15,C,noise_curve_c_s14_BPI_Challenge_2012
BPI_Challenge_2012,lstm,seq,0.1,1,0.850568,0.646933,0.983698,0.000577,0.062901,0.000115,0.025186,0.48431,0.330637,0.15535,2.7e-05,2.7e-05,0.0,0.999227,3682,5|6|7,7,18619,0.730022,68.58,823.0,9.85,0.2,160.86,14.58,26.31,NVIDIA A100-SXM4-80GB,89faf2fe4e118b2d,7b1f70985555,1,temporal,train,all,0.7,0.15,0.15,C,noise_curve_c_s14_BPI_Challenge_2012
BPI_Challenge_2012,lstm,lll,0.1,1,0.853454,0.661289,0.98364,0.000115,0.035439,0.0,0.000131,0.49377,0.321777,0.171646,0.0,0.0,0.0,0.999247,3682,5|6|7,8,18619,0.730022,25.55,332.16,9.85,0.2,160.86,14.58,26.31,NVIDIA A100-SXM4-80GB,89faf2fe4e118b2d,7b1f70985555,1,temporal,train,all,0.7,0.15,0.15,C,noise_curve_c_s14_BPI_Challenge_2012
BPI_Challenge_2012,lstm,gll,0.1,1,0.85002,0.636615,0.983669,5.8e-05,0.050344,0.0,0.011308,0.49708,0.32524,0.173819,0.0,0.0,0.0,0.999247,3682,5|6|7,13,18619,0.730022,48.09,865.67,9.85,0.2,160.86,14.58,26.31,NVIDIA A100-SXM4-80GB,89faf2fe4e118b2d,7b1f70985555,1,temporal,train,all,0.7,0.15,0.15,C,noise_curve_c_s14_BPI_Challenge_2012
BPI_Challenge_2012,lstm,baseline,0.2,1,0.850655,0.643991,0.983352,0.001068,0.129129,0.000202,0.049207,0.485025,0.329366,0.15698,2.7e-05,2.7e-05,0.0,0.999227,3682,5|6|7,11,37237,0.52369,24.42,390.74,9.85,0.2,160.86,14.58,26.31,NVIDIA A100-SXM4-80GB,89faf2fe4e118b2d,7b1f70985555,1,temporal,train,all,0.7,0.15,0.15,C,noise_curve_c_s14_BPI_Challenge_2012
BPI_Challenge_2012,lstm,checker,0.2,1,0.850424,0.640317,0.98338,0.000635,0.090117,8.7e-05,0.033846,0.485003,0.330448,0.157523,2.7e-05,2.7e-05,0.0,0.999227,3682,5|6|7,11,37237,0.52369,18.81,301.01,9.85,0.2,160.86,14.58,26.31,NVIDIA A100-SXM4-80GB,89faf2fe4e118b2d,7b1f70985555,1,temporal,train,all,0.7,0.15,0.15,C,noise_curve_c_s14_BPI_Challenge_2012
BPI_Challenge_2012,lstm,checker_net,0.2,1,0.848029,0.628295,0.982717,0.001183,0.121386,0.0,0.035911,0.484531,0.317598,0.151548,2.7e-05,0.0,0.0,0.999247,3682,5|6|7,4,37237,0.52369,23.22,209.01,9.85,0.2,160.86,14.58,26.31,NVIDIA A100-SXM4-80GB,89faf2fe4e118b2d,7b1f70985555,1,temporal,train,all,0.7,0.15,0.15,C,noise_curve_c_s14_BPI_Challenge_2012
BPI_Challenge_2012,lstm,checker_net_state,0.2,1,0.850857,0.642188,0.983409,0.000894,0.121045,0.000202,0.040572,0.484403,0.330759,0.15535,2.7e-05,2.7e-05,0.0,0.999227,3682,5|6|7,11,37237,0.52369,19.71,315.29,9.85,0.2,160.86,14.58,26.31,NVIDIA A100-SXM4-80GB,89faf2fe4e118b2d,7b1f70985555,1,temporal,train,all,0.7,0.15,0.15,C,noise_curve_c_s14_BPI_Challenge_2012
BPI_Challenge_2012,lstm,marking,0.2,1,0.85002,0.636223,0.98289,0.00075,0.13219,0.000144,0.050896,0.484379,0.330353,0.157523,2.7e-05,2.7e-05,0.0,0.999227,3682,5|6|7,8,37237,0.52369,21.21,275.69,9.85,0.2,160.86,14.58,26.31,NVIDIA A100-SXM4-80GB,89faf2fe4e118b2d,7b1f70985555,1,temporal,train,all,0.7,0.15,0.15,C,noise_curve_c_s14_BPI_Challenge_2012
BPI_Challenge_2012,lstm,gnn,0.2,1,0.847683,0.63396,0.983092,0.000317,0.122805,0.000144,0.042267,0.484588,0.32969,0.154807,2.7e-05,2.7e-05,0.0,0.999227,3682,5|6|7,7,37237,0.52369,21.32,255.86,9.85,0.2,160.86,14.58,26.31,NVIDIA A100-SXM4-80GB,89faf2fe4e118b2d,7b1f70985555,1,temporal,train,all,0.7,0.15,0.15,C,noise_curve_c_s14_BPI_Challenge_2012
BPI_Challenge_2012,lstm,seq,0.2,1,0.850078,0.635407,0.983265,0.000837,0.136891,0.000144,0.053132,0.484359,0.329393,0.154807,2.7e-05,2.7e-05,0.0,0.999227,3682,5|6|7,11,37237,0.52369,68.7,1099.25,9.85,0.2,160.86,14.58,26.31,NVIDIA A100-SXM4-80GB,89faf2fe4e118b2d,7b1f70985555,1,temporal,train,all,0.7,0.15,0.15,C,noise_curve_c_s14_BPI_Challenge_2012
BPI_Challenge_2012,lstm,lll,0.2,1,0.84878,0.636507,0.983409,0.000577,0.080665,0.0,0.000194,0.492392,0.317855,0.173275,0.0,0.0,0.0,0.999247,3682,5|6|7,16,37237,0.52369,19.76,414.89,9.85,0.2,160.86,14.58,26.31,NVIDIA A100-SXM4-80GB,89faf2fe4e118b2d,7b1f70985555,1,temporal,train,all,0.7,0.15,0.15,C,noise_curve_c_s14_BPI_Challenge_2012
BPI_Challenge_2012,lstm,gll,0.2,1,0.849501,0.633377,0.983236,0.001241,0.112205,0.000144,0.028191,0.48449,0.330421,0.157523,2.7e-05,2.7e-05,0.0,0.999227,3682,5|6|7,11,37237,0.52369,48.3,772.76,9.85,0.2,160.86,14.58,26.31,NVIDIA A100-SXM4-80GB,89faf2fe4e118b2d,7b1f70985555,1,temporal,train,all,0.7,0.15,0.15,C,noise_curve_c_s14_BPI_Challenge_2012
BPI_Challenge_2012,lstm,baseline,0.3,1,0.846817,0.627691,0.982169,0.001154,0.209359,0.000115,0.079853,0.498671,0.329217,0.171103,2.7e-05,2.7e-05,0.0,0.999227,3682,5|6|7,14,55856,0.383843,18.48,351.06,9.85,0.2,160.86,14.58,26.31,NVIDIA A100-SXM4-80GB,89faf2fe4e118b2d,7b1f70985555,1,temporal,train,all,0.7,0.15,0.15,C,noise_curve_c_s14_BPI_Challenge_2012
BPI_Challenge_2012,lstm,checker,0.3,1,0.851088,0.649431,0.982486,0.000779,0.149643,0.000115,0.056523,0.491209,0.317706,0.172732,2.7e-05,2.7e-05,0.0,0.999227,3682,5|6|7,14,55856,0.383843,18.44,350.42,9.85,0.2,160.86,14.58,26.31,NVIDIA A100-SXM4-80GB,89faf2fe4e118b2d,7b1f70985555,1,temporal,train,all,0.7,0.15,0.15,C,noise_curve_c_s14_BPI_Challenge_2012
BPI_Challenge_2012,lstm,checker_net,0.3,1,0.846356,0.622328,0.981447,0.001096,0.187544,0.000144,0.058753,0.491429,0.316854,0.172732,2.7e-05,2.7e-05,0.0,0.999227,3682,5|6|7,8,55856,0.383843,17.89,232.62,9.85,0.2,160.86,14.58,26.31,NVIDIA A100-SXM4-80GB,89faf2fe4e118b2d,7b1f70985555,1,temporal,train,all,0.7,0.15,0.15,C,noise_curve_c_s14_BPI_Challenge_2012
BPI_Challenge_2012,lstm,checker_net_state,0.3,1,0.845548,0.617228,0.981534,0.001385,0.197491,0.000202,0.071168,0.490801,0.3168,0.172732,2.7e-05,2.7e-05,0.0,0.999227,3682,5|6|7,8,55856,0.383843,21.64,281.27,9.85,0.2,160.86,14.58,26.31,NVIDIA A100-SXM4-80GB,89faf2fe4e118b2d,7b1f70985555,1,temporal,train,all,0.7,0.15,0.15,C,noise_curve_c_s14_BPI_Challenge_2012
BPI_Challenge_2012,lstm,marking,0.3,1,0.851578,0.638386,0.981851,0.001154,0.211861,0.000202,0.080741,0.491217,0.317706,0.172732,2.7e-05,2.7e-05,0.0,0.999227,3682,5|6|7,14,55856,0.383843,20.34,386.49,9.85,0.2,160.86,14.58,26.31,NVIDIA A100-SXM4-80GB,89faf2fe4e118b2d,7b1f70985555,1,temporal,train,all,0.7,0.15,0.15,C,noise_curve_c_s14_BPI_Challenge_2012
BPI_Challenge_2012,lstm,gnn,0.3,1,0.851088,0.635922,0.981765,0.00127,0.209693,0.000173,0.081923,0.484361,0.329447,0.154807,2.7e-05,2.7e-05,0.0,0.999227,3682,5|6|7,8,55856,0.383843,21.27,276.48,9.85,0.2,160.86,14.58,26.31,NVIDIA A100-SXM4-80GB,89faf2fe4e118b2d,7b1f70985555,1,temporal,train,all,0.7,0.15,0.15,C,noise_curve_c_s14_BPI_Challenge_2012
BPI_Challenge_2012,lstm,seq,0.3,1,0.846356,0.625266,0.981188,0.001327,0.212746,0.00026,0.079459,0.484361,0.329447,0.154807,2.7e-05,2.7e-05,0.0,0.999227,3682,5|6|7,7,55856,0.383843,67.31,807.73,9.85,0.2,160.86,14.58,26.31,NVIDIA A100-SXM4-80GB,89faf2fe4e118b2d,7b1f70985555,1,temporal,train,all,0.7,0.15,0.15,C,noise_curve_c_s14_BPI_Challenge_2012
BPI_Challenge_2012,lstm,lll,0.3,1,0.846875,0.628722,0.981909,0.001789,0.128116,0.0,0.000181,0.491195,0.316691,0.172732,2.7e-05,0.0,0.0,0.999247,3682,5|6|7,14,55856,0.383843,19.74,375.11,9.85,0.2,160.86,14.58,26.31,NVIDIA A100-SXM4-80GB,89faf2fe4e118b2d,7b1f70985555,1,temporal,train,all,0.7,0.15,0.15,C,noise_curve_c_s14_BPI_Challenge_2012
BPI_Challenge_2012,lstm,gll,0.3,1,0.845606,0.617557,0.98162,0.001443,0.181093,0.0,0.049932,0.491372,0.316691,0.172732,2.7e-05,0.0,0.0,0.999247,3682,5|6|7,8,55856,0.383843,47.57,618.44,9.85,0.2,160.86,14.58,26.31,NVIDIA A100-SXM4-80GB,89faf2fe4e118b2d,7b1f70985555,1,temporal,train,all,0.7,0.15,0.15,C,noise_curve_c_s14_BPI_Challenge_2012
BPI_Challenge_2012,lstm,baseline,0.4,1,0.848924,0.63308,0.980639,0.001645,0.274266,0.000202,0.101094,0.491367,0.316759,0.172732,2.7e-05,2.7e-05,0.0,0.999227,3682,5|6|7,12,74474,0.288865,22.61,384.34,9.85,0.2,160.86,14.58,26.31,NVIDIA A100-SXM4-80GB,89faf2fe4e118b2d,7b1f70985555,1,temporal,train,all,0.7,0.15,0.15,C,noise_curve_c_s14_BPI_Challenge_2012
BPI_Challenge_2012,lstm,checker,0.4,1,0.836748,0.571616,0.979428,0.002049,0.211134,0.00026,0.074113,0.491338,0.316664,0.172732,2.7e-05,2.7e-05,0.0,0.999227,3682,5|6|7,5,74474,0.288865,17.99,179.92,9.85,0.2,160.86,14.58,26.31,NVIDIA A100-SXM4-80GB,89faf2fe4e118b2d,7b1f70985555,1,temporal,train,all,0.7,0.15,0.15,C,noise_curve_c_s14_BPI_Challenge_2012
BPI_Challenge_2012,lstm,checker_net,0.4,1,0.849039,0.635721,0.979803,0.00202,0.251246,2.9e-05,0.07283,0.497152,0.324226,0.172732,2.7e-05,0.0,0.0,0.999247,3682,5|6|7,12,74474,0.288865,18.61,316.43,9.85,0.2,160.86,14.58,26.31,NVIDIA A100-SXM4-80GB,89faf2fe4e118b2d,7b1f70985555,1,temporal,train,all,0.7,0.15,0.15,C,noise_curve_c_s14_BPI_Challenge_2012
BPI_Challenge_2012,lstm,checker_net_state,0.4,1,0.835218,0.561146,0.97862,0.002539,0.273495,0.000231,0.088519,0.491263,0.316543,0.172732,2.7e-05,2.7e-05,0.0,0.999227,3682,5|6|7,5,74474,0.288865,19.28,192.75,9.85,0.2,160.86,14.58,26.31,NVIDIA A100-SXM4-80GB,89faf2fe4e118b2d,7b1f70985555,1,temporal,train,all,0.7,0.15,0.15,C,noise_curve_c_s14_BPI_Challenge_2012
BPI_Challenge_2012,lstm,marking,0.4,1,0.845259,0.608559,0.979976,0.002597,0.294175,0.000491,0.109618,0.500197,0.329244,0.172732,2.7e-05,2.7e-05,0.0,0.999227,3682,5|6|7,14,74474,0.288865,22.73,431.83,9.85,0.2,160.86,14.58,26.31,NVIDIA A100-SXM4-80GB,89faf2fe4e118b2d,7b1f70985555,1,temporal,train,all,0.7,0.15,0.15,C,noise_curve_c_s14_BPI_Challenge_2012
BPI_Challenge_2012,lstm,gnn,0.4,1,0.833689,0.534376,0.978071,0.002539,0.282698,0.000548,0.104853,0.499025,0.327621,0.170559,2.7e-05,2.7e-05,0.0,0.999227,3682,5|6|7,6,74474,0.288865,22.46,247.08,9.85,0.2,160.86,14.58,26.31,NVIDIA A100-SXM4-80GB,89faf2fe4e118b2d,7b1f70985555,1,temporal,train,all,0.7,0.15,0.15,C,noise_curve_c_s14_BPI_Challenge_2012
BPI_Challenge_2012,lstm,seq,0.4,1,0.845548,0.589384,0.980611,0.00176,0.280047,0.000144,0.105362,0.484059,0.33038,0.15535,2.7e-05,2.7e-05,0.0,0.999227,3682,5|6|7,11,74474,0.288865,68.4,1094.48,9.85,0.2,160.86,14.58,26.31,NVIDIA A100-SXM4-80GB,89faf2fe4e118b2d,7b1f70985555,1,temporal,train,all,0.7,0.15,0.15,C,noise_curve_c_s14_BPI_Challenge_2012
BPI_Challenge_2012,lstm,lll,0.4,1,0.843009,0.581602,0.978273,0.002655,0.179118,0.0,0.000208,0.484105,0.330448,0.15535,4.1e-05,0.0,0.0,0.999247,3682,5|6|7,12,74474,0.288865,19.2,326.46,9.85,0.2,160.86,14.58,26.31,NVIDIA A100-SXM4-80GB,89faf2fe4e118b2d,7b1f70985555,1,temporal,train,all,0.7,0.15,0.15,C,noise_curve_c_s14_BPI_Challenge_2012
BPI_Challenge_2012,lstm,gll,0.4,1,0.847539,0.622751,0.979485,0.002222,0.241497,0.0,0.062538,0.484095,0.330434,0.15535,4.1e-05,0.0,0.0,0.999247,3682,5|6|7,12,74474,0.288865,47.69,810.74,9.85,0.2,160.86,14.58,26.31,NVIDIA A100-SXM4-80GB,89faf2fe4e118b2d,7b1f70985555,1,temporal,train,all,0.7,0.15,0.15,C,noise_curve_c_s14_BPI_Challenge_2012
BPI_Challenge_2012,lstm,baseline,0.5,1,0.829361,0.509879,0.973628,0.007242,0.353976,0.000231,0.135649,0.484105,0.330448,0.15535,2.7e-05,2.7e-05,0.0,0.999227,3682,5|6|7,7,93093,0.208079,19.82,237.84,9.85,0.2,160.86,14.58,26.31,NVIDIA A100-SXM4-80GB,89faf2fe4e118b2d,7b1f70985555,1,temporal,train,all,0.7,0.15,0.15,C,noise_curve_c_s14_BPI_Challenge_2012
BPI_Challenge_2012,lstm,checker,0.5,1,0.834035,0.542413,0.975157,0.002885,0.263501,0.000173,0.103187,0.484124,0.330475,0.15535,2.7e-05,2.7e-05,0.0,0.999227,3682,5|6|7,7,93093,0.208079,21.9,262.74,9.85,0.2,160.86,14.58,26.31,NVIDIA A100-SXM4-80GB,89faf2fe4e118b2d,7b1f70985555,1,temporal,train,all,0.7,0.15,0.15,C,noise_curve_c_s14_BPI_Challenge_2012
BPI_Challenge_2012,lstm,checker_net,0.5,1,0.829303,0.51641,0.97308,0.005828,0.324124,0.0,0.099998,0.484162,0.330529,0.15535,2.7e-05,0.0,0.0,0.999247,3682,5|6|7,7,93093,0.208079,19.88,238.56,9.85,0.2,160.86,14.58,26.31,NVIDIA A100-SXM4-80GB,89faf2fe4e118b2d,7b1f70985555,1,temporal,train,all,0.7,0.15,0.15,C,noise_curve_c_s14_BPI_Challenge_2012
BPI_Challenge_2012,lstm,checker_net_state,0.5,1,0.830775,0.514461,0.972849,0.007415,0.344884,0.000173,0.122864,0.48421,0.330597,0.15535,2.7e-05,0.0,0.0,0.999247,3682,5|6|7,7,93093,0.208079,20.16,241.98,9.85,0.2,160.86,14.58,26.31,NVIDIA A100-SXM4-80GB,89faf2fe4e118b2d,7b1f70985555,1,temporal,train,all,0.7,0.15,0.15,C,noise_curve_c_s14_BPI_Challenge_2012
BPI_Challenge_2012,lstm,marking,0.5,1,0.832131,0.501989,0.971147,0.003982,0.357327,0.000577,0.139247,0.479621,0.328459,0.154807,4.1e-05,2.7e-05,0.0,0.999227,3682,5|6|7,5,93093,0.208079,21.28,212.84,9.85,0.2,160.86,14.58,26.31,NVIDIA A100-SXM4-80GB,89faf2fe4e118b2d,7b1f70985555,1,temporal,train,all,0.7,0.15,0.15,C,noise_curve_c_s14_BPI_Challenge_2012
BPI_Challenge_2012,lstm,gnn,0.5,1,0.834728,0.54888,0.975042,0.002943,0.358162,0.000144,0.137148,0.48418,0.330542,0.15535,2.7e-05,0.0,0.0,0.999247,3682,5|6|7,12,93093,0.208079,21.08,358.44,9.85,0.2,160.86,14.58,26.31,NVIDIA A100-SXM4-80GB,89faf2fe4e118b2d,7b1f70985555,1,temporal,train,all,0.7,0.15,0.15,C,noise_curve_c_s14_BPI_Challenge_2012
BPI_Challenge_2012,lstm,seq,0.5,1,0.832593,0.541338,0.975821,0.002366,0.353235,0.000289,0.130085,0.491908,0.317733,0.172732,2.7e-05,2.7e-05,0.0,0.999227,3682,5|6|7,10,93093,0.208079,68.08,1021.21,9.85,0.2,160.86,14.58,26.31,NVIDIA A100-SXM4-80GB,89faf2fe4e118b2d,7b1f70985555,1,temporal,train,all,0.7,0.15,0.15,C,noise_curve_c_s14_BPI_Challenge_2012
BPI_Challenge_2012,lstm,lll,0.5,1,0.827572,0.500006,0.973628,0.005771,0.241272,0.0,0.000191,0.484352,0.329433,0.154807,2.7e-05,0.0,0.0,0.999247,3682,5|6|7,14,93093,0.208079,22.83,433.82,9.85,0.2,160.86,14.58,26.31,NVIDIA A100-SXM4-80GB,89faf2fe4e118b2d,7b1f70985555,1,temporal,train,all,0.7,0.15,0.15,C,noise_curve_c_s14_BPI_Challenge_2012
BPI_Challenge_2012,lstm,gll,0.5,1,0.826476,0.476527,0.970887,0.007127,0.312396,2.9e-05,0.087333,0.479502,0.328568,0.154807,2.7e-05,0.0,0.0,0.999247,3682,5|6|7,7,93093,0.208079,47.93,575.18,9.85,0.2,160.86,14.58,26.31,NVIDIA A100-SXM4-80GB,89faf2fe4e118b2d,7b1f70985555,1,temporal,train,all,0.7,0.15,0.15,C,noise_curve_c_s14_BPI_Challenge_2012
BPI_Challenge_2012,lstm,baseline,0.6,1,0.812107,0.455906,0.959403,0.004617,0.431026,0.000635,0.16388,0.480064,0.315745,0.151005,2.7e-05,0.0,0.0,0.999247,3682,5|6|7,6,111712,0.170852,17.98,197.82,9.85,0.2,160.86,14.58,26.31,NVIDIA A100-SXM4-80GB,89faf2fe4e118b2d,7b1f70985555,1,temporal,train,all,0.7,0.15,0.15,C,noise_curve_c_s14_BPI_Challenge_2012
BPI_Challenge_2012,lstm,checker,0.6,1,0.810231,0.456003,0.964337,0.003549,0.331666,0.000462,0.128279,0.479302,0.328378,0.154807,4.1e-05,2.7e-05,0.0,0.999227,3682,5|6|7,6,111712,0.170852,19.17,210.87,9.85,0.2,160.86,14.58,26.31,NVIDIA A100-SXM4-80GB,89faf2fe4e118b2d,7b1f70985555,1,temporal,train,all,0.7,0.15,0.15,C,noise_curve_c_s14_BPI_Challenge_2012
BPI_Challenge_2012,lstm,checker_net,0.6,1,0.801373,0.438232,0.959721,0.006203,0.394943,5.8e-05,0.123746,0.478719,0.327715,0.153992,0.000176,0.0,0.0,0.999314,3682,5|6|7,6,111712,0.170852,19.16,210.81,9.85,0.2,160.86,14.58,26.31,NVIDIA A100-SXM4-80GB,89faf2fe4e118b2d,7b1f70985555,1,temporal,train,all,0.7,0.15,0.15,C,noise_curve_c_s14_BPI_Challenge_2012
BPI_Challenge_2012,lstm,checker_net_state,0.6,1,0.812799,0.457268,0.958567,0.005078,0.413655,0.000808,0.147234,0.48337,0.320912,0.151005,2.7e-05,0.0,0.0,0.999247,3682,5|6|7,6,111712,0.170852,21.53,236.8,9.85,0.2,160.86,14.58,26.31,NVIDIA A100-SXM4-80GB,89faf2fe4e118b2d,7b1f70985555,1,temporal,train,all,0.7,0.15,0.15,C,noise_curve_c_s14_BPI_Challenge_2012
BPI_Challenge_2012,lstm,marking,0.6,1,0.818166,0.455002,0.963876,0.003751,0.437795,0.00075,0.164746,0.480084,0.329122,0.154807,2.7e-05,0.0,0.0,0.999247,3682,5|6|7,8,111712,0.170852,20.01,260.12,9.85,0.2,160.86,14.58,26.31,NVIDIA A100-SXM4-80GB,89faf2fe4e118b2d,7b1f70985555,1,temporal,train,all,0.7,0.15,0.15,C,noise_curve_c_s14_BPI_Challenge_2012
BPI_Challenge_2012,lstm,gnn,0.6,1,0.821513,0.474675,0.967627,0.006002,0.436987,0.001443,0.162812,0.479961,0.327688,0.154264,4.1e-05,2.7e-05,0.0,0.999227,3682,5|6|7,12,111712,0.170852,21.6,367.26,9.85,0.2,160.86,14.58,26.31,NVIDIA A100-SXM4-80GB,89faf2fe4e118b2d,7b1f70985555,1,temporal,train,all,0.7,0.15,0.15,C,noise_curve_c_s14_BPI_Challenge_2012
BPI_Challenge_2012,lstm,seq,0.6,1,0.825351,0.479768,0.968261,0.006002,0.428002,0.000144,0.161154,0.479727,0.327648,0.154264,0.000176,0.0,0.0,0.999247,3682,5|6|7,12,111712,0.170852,67.03,1139.57,9.85,0.2,160.86,14.58,26.31,NVIDIA A100-SXM4-80GB,89faf2fe4e118b2d,7b1f70985555,1,temporal,train,all,0.7,0.15,0.15,C,noise_curve_c_s14_BPI_Challenge_2012
BPI_Challenge_2012,lstm,lll,0.6,1,0.814502,0.4496,0.958163,0.003174,0.295154,0.0,0.000167,0.479673,0.328703,0.154807,2.7e-05,0.0,0.0,0.999247,3682,5|6|7,12,111712,0.170852,21.61,367.45,9.85,0.2,160.86,14.58,26.31,NVIDIA A100-SXM4-80GB,89faf2fe4e118b2d,7b1f70985555,1,temporal,train,all,0.7,0.15,0.15,C,noise_curve_c_s14_BPI_Challenge_2012
BPI_Challenge_2012,lstm,gll,0.6,1,0.807288,0.453461,0.952132,0.003318,0.384534,0.0,0.106926,0.480084,0.329122,0.154807,2.7e-05,0.0,0.0,0.999247,3682,5|6|7,6,111712,0.170852,47.93,527.27,9.85,0.2,160.86,14.58,26.31,NVIDIA A100-SXM4-80GB,89faf2fe4e118b2d,7b1f70985555,1,temporal,train,all,0.7,0.15,0.15,C,noise_curve_c_s14_BPI_Challenge_2012
BPI_Challenge_2012,lstm,baseline,0.7,1,0.799815,0.453865,0.962202,0.017831,0.501341,0.013734,0.191351,0.479184,0.328229,0.154807,4.1e-05,0.0,0.0,0.999247,3682,5|6|7,14,130330,0.14083,20.82,395.56,9.85,0.2,160.86,14.58,26.31,NVIDIA A100-SXM4-80GB,89faf2fe4e118b2d,7b1f70985555,1,temporal,train,all,0.7,0.15,0.15,C,noise_curve_c_s14_BPI_Challenge_2012
BPI_Challenge_2012,lstm,checker,0.7,1,0.819609,0.486312,0.96578,0.002308,0.402262,0.000115,0.152983,0.479524,0.315028,0.15019,2.7e-05,0.0,0.0,0.999314,3682,5|6|7,14,130330,0.14083,19.88,377.75,9.85,0.2,160.86,14.58,26.31,NVIDIA A100-SXM4-80GB,89faf2fe4e118b2d,7b1f70985555,1,temporal,train,all,0.7,0.15,0.15,C,noise_curve_c_s14_BPI_Challenge_2012
BPI_Challenge_2012,lstm,checker_net,0.7,1,0.799036,0.440566,0.958422,0.004588,0.461301,0.000491,0.144885,0.480107,0.31634,0.15019,2.7e-05,0.0,0.0,0.999314,3682,5|6|7,13,130330,0.14083,18.68,336.19,9.85,0.2,160.86,14.58,26.31,NVIDIA A100-SXM4-80GB,89faf2fe4e118b2d,7b1f70985555,1,temporal,train,all,0.7,0.15,0.15,C,noise_curve_c_s14_BPI_Challenge_2012
BPI_Challenge_2012,lstm,checker_net_state,0.7,1,0.789861,0.429548,0.954989,0.013821,0.484662,0.01056,0.174286,0.487553,0.32689,0.152634,2.7e-05,0.0,0.0,0.999247,3682,5|6|7,13,130330,0.14083,20.22,363.9,9.85,0.2,160.86,14.58,26.31,NVIDIA A100-SXM4-80GB,89faf2fe4e118b2d,7b1f70985555,1,temporal,train,all,0.7,0.15,0.15,C,noise_curve_c_s14_BPI_Challenge_2012
BPI_Challenge_2012,lstm,marking,0.7,1,0.791794,0.429275,0.951151,0.018178,0.508301,0.014802,0.195206,0.479594,0.315312,0.151005,2.7e-05,0.0,0.0,0.999247,3682,5|6|7,18,130330,0.14083,21.24,488.62,9.85,0.2,160.86,14.58,26.31,NVIDIA A100-SXM4-80GB,89faf2fe4e118b2d,7b1f70985555,1,temporal,train,all,0.7,0.15,0.15,C,noise_curve_c_s14_BPI_Challenge_2012
BPI_Challenge_2012,lstm,gnn,0.7,1,0.800219,0.469511,0.956287,0.014802,0.504991,0.011657,0.187175,0.479432,0.315122,0.151005,2.7e-05,0.0,0.0,0.999247,3682,5|6|7,12,130330,0.14083,21.23,360.98,9.85,0.2,160.86,14.58,26.31,NVIDIA A100-SXM4-80GB,89faf2fe4e118b2d,7b1f70985555,1,temporal,train,all,0.7,0.15,0.15,C,noise_curve_c_s14_BPI_Challenge_2012
BPI_Challenge_2012,lstm,seq,0.7,1,0.793294,0.447941,0.954008,0.016995,0.507035,0.01333,0.191303,0.479219,0.32827,0.154807,4.1e-05,0.0,0.0,0.999247,3682,5|6|7,11,130330,0.14083,67.83,1085.26,9.85,0.2,160.86,14.58,26.31,NVIDIA A100-SXM4-80GB,89faf2fe4e118b2d,7b1f70985555,1,temporal,train,all,0.7,0.15,0.15,C,noise_curve_c_s14_BPI_Challenge_2012
BPI_Challenge_2012,lstm,lll,0.7,1,0.810058,0.434031,0.93834,0.002683,0.34951,0.0,0.000219,0.479431,0.315122,0.151005,4.1e-05,0.0,0.0,0.999247,3682,5|6|7,16,130330,0.14083,20.13,422.79,9.85,0.2,160.86,14.58,26.31,NVIDIA A100-SXM4-80GB,89faf2fe4e118b2d,7b1f70985555,1,temporal,train,all,0.7,0.15,0.15,C,noise_curve_c_s14_BPI_Challenge_2012
BPI_Challenge_2012,lstm,gll,0.7,1,0.800941,0.443296,0.950632,0.002828,0.45446,0.0,0.127368,0.485771,0.314541,0.170016,2.7e-05,0.0,0.0,0.999247,3682,5|6|7,18,130330,0.14083,48.15,1107.43,9.85,0.2,160.86,14.58,26.31,NVIDIA A100-SXM4-80GB,89faf2fe4e118b2d,7b1f70985555,1,temporal,train,all,0.7,0.15,0.15,C,noise_curve_c_s14_BPI_Challenge_2012
BPI_Challenge_2012,lstm,baseline,0.8,1,0.735328,0.378314,0.90513,0.041405,0.59566,0.02014,0.223165,0.47976,0.328284,0.15535,1.4e-05,0.0,0.0,0.999247,3682,5|6|7,14,148949,0.139629,20.53,390.05,9.85,0.2,160.86,14.58,26.31,NVIDIA A100-SXM4-80GB,89faf2fe4e118b2d,7b1f70985555,1,temporal,train,all,0.7,0.15,0.15,C,noise_curve_c_s14_BPI_Challenge_2012
BPI_Challenge_2012,lstm,checker,0.8,1,0.713342,0.35276,0.930694,0.027238,0.487917,0.017803,0.185475,0.434196,0.289585,0.136067,0.0,0.0,0.0,0.995846,3682,5|6|7,7,148949,0.139629,22.91,274.88,9.85,0.2,160.86,14.58,26.31,NVIDIA A100-SXM4-80GB,89faf2fe4e118b2d,7b1f70985555,1,temporal,train,all,0.7,0.15,0.15,C,noise_curve_c_s14_BPI_Challenge_2012
BPI_Challenge_2012,lstm,checker_net,0.8,1,0.712332,0.352994,0.908275,0.043597,0.55159,0.015206,0.17209,0.436786,0.278642,0.136067,0.0,0.0,0.0,0.995846,3682,5|6|7,7,148949,0.139629,19.14,229.68,9.85,0.2,160.86,14.58,26.31,NVIDIA A100-SXM4-80GB,89faf2fe4e118b2d,7b1f70985555,1,temporal,train,all,0.7,0.15,0.15,C,noise_curve_c_s14_BPI_Challenge_2012
BPI_Challenge_2012,lstm,checker_net_state,0.8,1,0.734462,0.38132,0.91067,0.036875,0.579252,0.020226,0.208451,0.487874,0.327256,0.152634,2.7e-05,2.7e-05,0.0,0.999227,3682,5|6|7,10,148949,0.139629,23.01,345.11,9.85,0.2,160.86,14.58,26.31,NVIDIA A100-SXM4-80GB,89faf2fe4e118b2d,7b1f70985555,1,temporal,train,all,0.7,0.15,0.15,C,noise_curve_c_s14_BPI_Challenge_2012
BPI_Challenge_2012,lstm,marking,0.8,1,0.684777,0.305289,0.903255,0.066017,0.593737,0.020082,0.227303,0.413597,0.260381,0.127376,0.006263,0.0,0.0,0.992462,3682,5|6|7,8,148949,0.139629,21.06,273.74,9.85,0.2,160.86,14.58,26.31,NVIDIA A100-SXM4-80GB,89faf2fe4e118b2d,7b1f70985555,1,temporal,train,all,0.7,0.15,0.15,C,noise_curve_c_s14_BPI_Challenge_2012
BPI_Challenge_2012,lstm,gnn,0.8,1,0.731375,0.361708,0.91595,0.041635,0.590762,0.027324,0.22367,0.477363,0.313148,0.146931,0.001285,0.001285,0.0,0.998023,3682,5|6|7,15,148949,0.139629,21.35,427.01,9.85,0.2,160.86,14.58,26.31,NVIDIA A100-SXM4-80GB,89faf2fe4e118b2d,7b1f70985555,1,temporal,train,all,0.7,0.15,0.15,C,noise_curve_c_s14_BPI_Challenge_2012
BPI_Challenge_2012,lstm,seq,0.8,1,0.710572,0.326005,0.907583,0.053206,0.583058,0.02014,0.218442,0.447089,0.297498,0.144758,0.001664,0.0,0.0,0.995846,3682,5|6|7,10,148949,0.139629,66.51,997.71,9.85,0.2,160.86,14.58,26.31,NVIDIA A100-SXM4-80GB,89faf2fe4e118b2d,7b1f70985555,1,temporal,train,all,0.7,0.15,0.15,C,noise_curve_c_s14_BPI_Challenge_2012
BPI_Challenge_2012,lstm,lll,0.8,1,0.670466,0.286635,0.885971,0.071181,0.451633,0.0,0.000217,0.403915,0.259949,0.127376,0.002881,0.0,0.0,0.992462,3682,5|6|7,11,148949,0.139629,21.75,347.96,9.85,0.2,160.86,14.58,26.31,NVIDIA A100-SXM4-80GB,89faf2fe4e118b2d,7b1f70985555,1,temporal,train,all,0.7,0.15,0.15,C,noise_curve_c_s14_BPI_Challenge_2012
BPI_Challenge_2012,lstm,gll,0.8,1,0.727047,0.370865,0.897599,0.030094,0.536407,0.000144,0.140252,0.434023,0.289449,0.136067,0.0,0.0,0.0,0.995846,3682,5|6|7,10,148949,0.139629,48.0,719.96,9.85,0.2,160.86,14.58,26.31,NVIDIA A100-SXM4-80GB,89faf2fe4e118b2d,7b1f70985555,1,temporal,train,all,0.7,0.15,0.15,C,noise_curve_c_s14_BPI_Challenge_2012
BPI_Challenge_2012,lstm,baseline,0.0,2,0.852877,0.656594,0.984679,0.0,0.000367,0.0,5.4e-05,0.484803,0.328987,0.156708,0.0,0.0,0.0,0.999314,3682,5|6|7,12,0,1.0,21.26,361.35,9.85,0.2,160.86,14.58,26.31,NVIDIA A100-SXM4-80GB,89faf2fe4e118b2d,7b1f70985555,1,temporal,train,all,0.7,0.15,0.15,C,noise_curve_c_s14_BPI_Challenge_2012
BPI_Challenge_2012,lstm,checker,0.0,2,0.853079,0.657133,0.984563,0.0,0.000237,0.0,2.8e-05,0.484912,0.329433,0.156437,0.0,0.0,0.0,0.999247,3682,5|6|7,12,0,1.0,20.14,342.38,9.85,0.2,160.86,14.58,26.31,NVIDIA A100-SXM4-80GB,89faf2fe4e118b2d,7b1f70985555,1,temporal,train,all,0.7,0.15,0.15,C,noise_curve_c_s14_BPI_Challenge_2012
BPI_Challenge_2012,lstm,checker_net,0.0,2,0.851434,0.646885,0.98439,0.0,0.000353,0.0,3.3e-05,0.484796,0.328933,0.156708,0.0,0.0,0.0,0.999314,3682,5|6|7,13,0,1.0,19.96,359.31,9.85,0.2,160.86,14.58,26.31,NVIDIA A100-SXM4-80GB,89faf2fe4e118b2d,7b1f70985555,1,temporal,train,all,0.7,0.15,0.15,C,noise_curve_c_s14_BPI_Challenge_2012
BPI_Challenge_2012,lstm,checker_net_state,0.0,2,0.85305,0.656849,0.984535,0.0,0.000322,0.0,2.8e-05,0.484936,0.329109,0.156708,0.0,0.0,0.0,0.999314,3682,5|6|7,12,0,1.0,22.38,380.45,9.85,0.2,160.86,14.58,26.31,NVIDIA A100-SXM4-80GB,89faf2fe4e118b2d,7b1f70985555,1,temporal,train,all,0.7,0.15,0.15,C,noise_curve_c_s14_BPI_Challenge_2012
BPI_Challenge_2012,lstm,marking,0.0,2,0.857378,0.666537,0.984044,0.0,0.000374,0.0,4.1e-05,0.484574,0.330123,0.157251,0.0,0.0,0.0,0.999314,3682,5|6|7,11,0,1.0,21.28,340.45,9.85,0.2,160.86,14.58,26.31,NVIDIA A100-SXM4-80GB,89faf2fe4e118b2d,7b1f70985555,1,temporal,train,all,0.7,0.15,0.15,C,noise_curve_c_s14_BPI_Challenge_2012
BPI_Challenge_2012,lstm,gnn,0.0,2,0.857666,0.668371,0.984246,0.0,0.000314,0.0,4.9e-05,0.484125,0.329798,0.158066,0.0,0.0,0.0,0.999247,3682,5|6|7,18,0,1.0,21.43,492.9,9.85,0.2,160.86,14.58,26.31,NVIDIA A100-SXM4-80GB,89faf2fe4e118b2d,7b1f70985555,1,temporal,train,all,0.7,0.15,0.15,C,noise_curve_c_s14_BPI_Challenge_2012
BPI_Challenge_2012,lstm,seq,0.0,2,0.85706,0.665,0.984304,0.0,0.000272,0.0,2.8e-05,0.484887,0.330772,0.155894,0.0,0.0,0.0,0.999247,3682,5|6|7,21,0,1.0,68.32,1776.25,9.85,0.2,160.86,14.58,26.31,NVIDIA A100-SXM4-80GB,89faf2fe4e118b2d,7b1f70985555,1,temporal,train,all,0.7,0.15,0.15,C,noise_curve_c_s14_BPI_Challenge_2012
BPI_Challenge_2012,lstm,lll,0.0,2,0.851607,0.656238,0.983871,5.8e-05,0.001336,0.0,6.1e-05,0.483968,0.329582,0.152906,0.0,0.0,0.0,0.999314,3682,5|6|7,5,0,1.0,18.8,187.96,9.85,0.2,160.86,14.58,26.31,NVIDIA A100-SXM4-80GB,89faf2fe4e118b2d,7b1f70985555,1,temporal,train,all,0.7,0.15,0.15,C,noise_curve_c_s14_BPI_Challenge_2012
BPI_Challenge_2012,lstm,gll,0.0,2,0.852934,0.651301,0.984044,8.7e-05,0.000658,0.0,2.1e-05,0.484594,0.32873,0.156708,0.0,0.0,0.0,0.999314,3682,5|6|7,12,0,1.0,48.1,817.63,9.85,0.2,160.86,14.58,26.31,NVIDIA A100-SXM4-80GB,89faf2fe4e118b2d,7b1f70985555,1,temporal,train,all,0.7,0.15,0.15,C,noise_curve_c_s14_BPI_Challenge_2012
BPI_Challenge_2012,lstm,baseline,0.1,2,0.854521,0.667493,0.983756,0.000548,0.064925,0.0,0.024039,0.492007,0.316854,0.173275,0.0,0.0,0.0,0.999247,3682,5|6|7,15,18619,0.729148,21.91,438.14,9.85,0.2,160.86,14.58,26.31,NVIDIA A100-SXM4-80GB,89faf2fe4e118b2d,7b1f70985555,1,temporal,train,all,0.7,0.15,0.15,C,noise_curve_c_s14_BPI_Challenge_2012
BPI_Challenge_2012,lstm,checker,0.1,2,0.855791,0.65989,0.983958,8.7e-05,0.04506,2.9e-05,0.017632,0.485059,0.330908,0.155894,0.0,0.0,0.0,0.999247,3682,5|6|7,11,18619,0.729148,18.66,298.56,9.85,0.2,160.86,14.58,26.31,NVIDIA A100-SXM4-80GB,89faf2fe4e118b2d,7b1f70985555,1,temporal,train,all,0.7,0.15,0.15,C,noise_curve_c_s14_BPI_Challenge_2012
BPI_Challenge_2012,lstm,checker_net,0.1,2,0.854925,0.671552,0.984015,0.000491,0.056536,2.9e-05,0.015803,0.492168,0.316773,0.175448,0.0,0.0,0.0,0.999247,3682,5|6|7,15,18619,0.729148,20.89,417.8,9.85,0.2,160.86,14.58,26.31,NVIDIA A100-SXM4-80GB,89faf2fe4e118b2d,7b1f70985555,1,temporal,train,all,0.7,0.15,0.15,C,noise_curve_c_s14_BPI_Challenge_2012
BPI_Challenge_2012,lstm,checker_net_state,0.1,2,0.85429,0.669707,0.983554,0.000491,0.057941,0.0,0.01799,0.492138,0.316732,0.175448,0.0,0.0,0.0,0.999247,3682,5|6|7,15,18619,0.729148,30.0,599.98,9.85,0.2,160.86,14.58,26.31,NVIDIA A100-SXM4-80GB,89faf2fe4e118b2d,7b1f70985555,1,temporal,train,all,0.7,0.15,0.15,C,noise_curve_c_s14_BPI_Challenge_2012
BPI_Challenge_2012,lstm,marking,0.1,2,0.854435,0.662374,0.983958,0.000231,0.061703,0.0,0.022357,0.50106,0.329623,0.173275,0.0,0.0,0.0,0.999247,3682,5|6|7,4,18619,0.729148,24.54,220.87,9.85,0.2,160.86,14.58,26.31,NVIDIA A100-SXM4-80GB,89faf2fe4e118b2d,7b1f70985555,1,temporal,train,all,0.7,0.15,0.15,C,noise_curve_c_s14_BPI_Challenge_2012
BPI_Challenge_2012,lstm,gnn,0.1,2,0.849934,0.645834,0.984044,0.000317,0.063247,0.000115,0.024631,0.484631,0.329717,0.154807,2.7e-05,2.7e-05,0.0,0.999227,3682,5|6|7,5,18619,0.729148,23.16,231.65,9.85,0.2,160.86,14.58,26.31,NVIDIA A100-SXM4-80GB,89faf2fe4e118b2d,7b1f70985555,1,temporal,train,all,0.7,0.15,0.15,C,noise_curve_c_s14_BPI_Challenge_2012
BPI_Challenge_2012,lstm,seq,0.1,2,0.856281,0.661089,0.984275,0.000202,0.057408,0.0,0.021888,0.491901,0.318829,0.173819,0.0,0.0,0.0,0.999247,3682,5|6|7,16,18619,0.729148,67.4,1415.45,9.85,0.2,160.86,14.58,26.31,NVIDIA A100-SXM4-80GB,89faf2fe4e118b2d,7b1f70985555,1,temporal,train,all,0.7,0.15,0.15,C,noise_curve_c_s14_BPI_Challenge_2012
BPI_Challenge_2012,lstm,lll,0.1,2,0.855445,0.65826,0.984246,0.000115,0.039643,0.0,0.000177,0.484732,0.330488,0.155894,0.0,0.0,0.0,0.999247,3682,5|6|7,11,18619,0.729148,21.7,347.21,9.85,0.2,160.86,14.58,26.31,NVIDIA A100-SXM4-80GB,89faf2fe4e118b2d,7b1f70985555,1,temporal,train,all,0.7,0.15,0.15,C,noise_curve_c_s14_BPI_Challenge_2012
BPI_Challenge_2012,lstm,gll,0.1,2,0.855185,0.658809,0.98416,5.8e-05,0.054973,0.0,0.014651,0.492242,0.316637,0.175448,0.0,0.0,0.0,0.999247,3682,5|6|7,11,18619,0.729148,48.13,770.0,9.85,0.2,160.86,14.58,26.31,NVIDIA A100-SXM4-80GB,89faf2fe4e118b2d,7b1f70985555,1,temporal,train,all,0.7,0.15,0.15,C,noise_curve_c_s14_BPI_Challenge_2012
BPI_Challenge_2012,lstm,baseline,0.2,2,0.850078,0.641846,0.983005,0.000808,0.129449,8.7e-05,0.044654,0.484403,0.330759,0.15535,2.7e-05,0.0,0.0,0.999247,3682,5|6|7,9,37237,0.539301,23.79,333.11,9.85,0.2,160.86,14.58,26.31,NVIDIA A100-SXM4-80GB,89faf2fe4e118b2d,7b1f70985555,1,temporal,train,all,0.7,0.15,0.15,C,noise_curve_c_s14_BPI_Challenge_2012
BPI_Challenge_2012,lstm,checker,0.2,2,0.850136,0.642283,0.983178,0.000779,0.091118,0.000231,0.031611,0.484911,0.330881,0.157523,2.7e-05,2.7e-05,0.0,0.999227,3682,5|6|7,9,37237,0.539301,19.8,277.14,9.85,0.2,160.86,14.58,26.31,NVIDIA A100-SXM4-80GB,89faf2fe4e118b2d,7b1f70985555,1,temporal,train,all,0.7,0.15,0.15,C,noise_curve_c_s14_BPI_Challenge_2012
BPI_Challenge_2012,lstm,checker_net,0.2,2,0.853454,0.650611,0.982861,0.000837,0.116172,2.9e-05,0.031046,0.484994,0.331002,0.157523,2.7e-05,0.0,0.0,0.999247,3682,5|6|7,9,37237,0.539301,21.26,297.58,9.85,0.2,160.86,14.58,26.31,NVIDIA A100-SXM4-80GB,89faf2fe4e118b2d,7b1f70985555,1,temporal,train,all,0.7,0.15,0.15,C,noise_curve_c_s14_BPI_Challenge_2012
BPI_Challenge_2012,lstm,checker_net_state,0.2,2,0.85028,0.639659,0.982601,0.00075,0.122008,0.000144,0.036613,0.484403,0.330759,0.15535,2.7e-05,0.0,0.0,0.999247,3682,5|6|7,9,37237,0.539301,21.68,303.54,9.85,0.2,160.86,14.58,26.31,NVIDIA A100-SXM4-80GB,89faf2fe4e118b2d,7b1f70985555,1,temporal,train,all,0.7,0.15,0.15,C,noise_curve_c_s14_BPI_Challenge_2012
BPI_Challenge_2012,lstm,marking,0.2,2,0.852271,0.648648,0.983121,0.000779,0.13749,0.000173,0.05263,0.484314,0.329379,0.154807,2.7e-05,2.7e-05,0.0,0.999227,3682,5|6|7,8,37237,0.539301,21.98,285.77,9.85,0.2,160.86,14.58,26.31,NVIDIA A100-SXM4-80GB,89faf2fe4e118b2d,7b1f70985555,1,temporal,train,all,0.7,0.15,0.15,C,noise_curve_c_s14_BPI_Challenge_2012
BPI_Challenge_2012,lstm,gnn,0.2,2,0.851665,0.6416,0.982486,0.001327,0.1353,0.00026,0.049979,0.484265,0.330678,0.15535,2.7e-05,2.7e-05,0.0,0.999227,3682,5|6|7,4,37237,0.539301,24.34,219.07,9.85,0.2,160.86,14.58,26.31,NVIDIA A100-SXM4-80GB,89faf2fe4e118b2d,7b1f70985555,1,temporal,train,all,0.7,0.15,0.15,C,noise_curve_c_s14_BPI_Challenge_2012
BPI_Challenge_2012,lstm,seq,0.2,2,0.85054,0.638174,0.982803,0.000548,0.134149,0.0,0.048334,0.484798,0.330691,0.155894,0.0,0.0,0.0,0.999247,3682,5|6|7,5,37237,0.539301,69.23,692.32,9.85,0.2,160.86,14.58,26.31,NVIDIA A100-SXM4-80GB,89faf2fe4e118b2d,7b1f70985555,1,temporal,train,all,0.7,0.15,0.15,C,noise_curve_c_s14_BPI_Challenge_2012
BPI_Challenge_2012,lstm,lll,0.2,2,0.852646,0.644169,0.982919,0.000837,0.084765,0.0,0.000177,0.484152,0.330502,0.15535,2.7e-05,0.0,0.0,0.999247,3682,5|6|7,9,37237,0.539301,20.54,287.56,9.85,0.2,160.86,14.58,26.31,NVIDIA A100-SXM4-80GB,89faf2fe4e118b2d,7b1f70985555,1,temporal,train,all,0.7,0.15,0.15,C,noise_curve_c_s14_BPI_Challenge_2012
BPI_Challenge_2012,lstm,gll,0.2,2,0.850453,0.642903,0.982659,0.000779,0.11325,0.0,0.02692,0.484431,0.330799,0.15535,2.7e-05,0.0,0.0,0.999247,3682,5|6|7,9,37237,0.539301,47.98,671.7,9.85,0.2,160.86,14.58,26.31,NVIDIA A100-SXM4-80GB,89faf2fe4e118b2d,7b1f70985555,1,temporal,train,all,0.7,0.15,0.15,C,noise_curve_c_s14_BPI_Challenge_2012
BPI_Challenge_2012,lstm,baseline,0.3,2,0.849414,0.641771,0.980755,0.001443,0.220412,0.000231,0.081128,0.490777,0.31776,0.170559,2.7e-05,2.7e-05,0.0,0.999227,3682,5|6|7,6,55856,0.386572,23.08,253.91,9.85,0.2,160.86,14.58,26.31,NVIDIA A100-SXM4-80GB,89faf2fe4e118b2d,7b1f70985555,1,temporal,train,all,0.7,0.15,0.15,C,noise_curve_c_s14_BPI_Challenge_2012
BPI_Challenge_2012,lstm,checker,0.3,2,0.848145,0.625965,0.983178,0.001039,0.150104,0.000144,0.051002,0.484394,0.330759,0.15535,2.7e-05,2.7e-05,0.0,0.999227,3682,5|6|7,12,55856,0.386572,22.59,384.05,9.85,0.2,160.86,14.58,26.31,NVIDIA A100-SXM4-80GB,89faf2fe4e118b2d,7b1f70985555,1,temporal,train,all,0.7,0.15,0.15,C,noise_curve_c_s14_BPI_Challenge_2012
BPI_Challenge_2012,lstm,checker_net,0.3,2,0.845808,0.618893,0.981909,0.001616,0.1955,8.7e-05,0.054228,0.491255,0.317787,0.172732,2.7e-05,0.0,0.0,0.999247,3682,5|6|7,13,55856,0.386572,19.0,342.05,9.85,0.2,160.86,14.58,26.31,NVIDIA A100-SXM4-80GB,89faf2fe4e118b2d,7b1f70985555,1,temporal,train,all,0.7,0.15,0.15,C,noise_curve_c_s14_BPI_Challenge_2012
BPI_Challenge_2012,lstm,checker_net_state,0.3,2,0.852155,0.644034,0.982486,0.001356,0.192828,5.8e-05,0.061071,0.483934,0.330137,0.15535,2.7e-05,0.0,0.0,0.999247,3682,5|6|7,25,55856,0.386572,21.38,641.39,9.85,0.2,160.86,14.58,26.31,NVIDIA A100-SXM4-80GB,89faf2fe4e118b2d,7b1f70985555,1,temporal,train,all,0.7,0.15,0.15,C,noise_curve_c_s14_BPI_Challenge_2012
BPI_Challenge_2012,lstm,marking,0.3,2,0.852155,0.641794,0.982024,0.0015,0.211164,0.000202,0.079554,0.484255,0.330664,0.15535,2.7e-05,2.7e-05,0.0,0.999227,3682,5|6|7,11,55856,0.386572,22.57,361.07,9.85,0.2,160.86,14.58,26.31,NVIDIA A100-SXM4-80GB,89faf2fe4e118b2d,7b1f70985555,1,temporal,train,all,0.7,0.15,0.15,C,noise_curve_c_s14_BPI_Challenge_2012
BPI_Challenge_2012,lstm,gnn,0.3,2,0.847481,0.62632,0.982544,0.001558,0.209025,0.000289,0.080361,0.484077,0.330407,0.15535,2.7e-05,2.7e-05,0.0,0.999227,3682,5|6|7,9,55856,0.386572,21.43,300.08,9.85,0.2,160.86,14.58,26.31,NVIDIA A100-SXM4-80GB,89faf2fe4e118b2d,7b1f70985555,1,temporal,train,all,0.7,0.15,0.15,C,noise_curve_c_s14_BPI_Challenge_2012
BPI_Challenge_2012,lstm,seq,0.3,2,0.848404,0.636834,0.980322,0.001789,0.204433,0.00026,0.075898,0.491141,0.316556,0.172732,2.7e-05,2.7e-05,0.0,0.999227,3682,5|6|7,8,55856,0.386572,67.82,881.63,9.85,0.2,160.86,14.58,26.31,NVIDIA A100-SXM4-80GB,89faf2fe4e118b2d,7b1f70985555,1,temporal,train,all,0.7,0.15,0.15,C,noise_curve_c_s14_BPI_Challenge_2012
BPI_Challenge_2012,lstm,lll,0.3,2,0.84575,0.617212,0.981505,0.001414,0.139113,0.0,0.000197,0.491263,0.316502,0.172732,2.7e-05,0.0,0.0,0.999247,3682,5|6|7,15,55856,0.386572,21.77,435.43,9.85,0.2,160.86,14.58,26.31,NVIDIA A100-SXM4-80GB,89faf2fe4e118b2d,7b1f70985555,1,temporal,train,all,0.7,0.15,0.15,C,noise_curve_c_s14_BPI_Challenge_2012
BPI_Challenge_2012,lstm,gll,0.3,2,0.84901,0.643036,0.977783,0.002049,0.185306,0.0,0.047198,0.490768,0.317747,0.170559,2.7e-05,0.0,0.0,0.999247,3682,5|6|7,6,55856,0.386572,48.49,533.41,9.85,0.2,160.86,14.58,26.31,NVIDIA A100-SXM4-80GB,89faf2fe4e118b2d,7b1f70985555,1,temporal,train,all,0.7,0.15,0.15,C,noise_curve_c_s14_BPI_Challenge_2012
BPI_Challenge_2012,lstm,baseline,0.4,2,0.842922,0.599474,0.97986,0.001847,0.285963,0.000202,0.10413,0.484265,0.330678,0.15535,2.7e-05,2.7e-05,0.0,0.999227,3682,5|6|7,9,74474,0.276856,22.03,308.44,9.85,0.2,160.86,14.58,26.31,NVIDIA A100-SXM4-80GB,89faf2fe4e118b2d,7b1f70985555,1,temporal,train,all,0.7,0.15,0.15,C,noise_curve_c_s14_BPI_Challenge_2012
BPI_Challenge_2012,lstm,checker,0.4,2,0.84324,0.60606,0.97963,0.001587,0.209692,0.00026,0.075332,0.484152,0.330502,0.15535,2.7e-05,2.7e-05,0.0,0.999227,3682,5|6|7,9,74474,0.276856,21.21,296.97,9.85,0.2,160.86,14.58,26.31,NVIDIA A100-SXM4-80GB,89faf2fe4e118b2d,7b1f70985555,1,temporal,train,all,0.7,0.15,0.15,C,noise_curve_c_s14_BPI_Challenge_2012
BPI_Challenge_2012,lstm,checker_net,0.4,2,0.841826,0.596796,0.978504,0.002337,0.259538,0.000202,0.073301,0.484209,0.330569,0.15535,2.7e-05,2.7e-05,0.0,0.999227,3682,5|6|7,9,74474,0.276856,21.29,298.0,9.85,0.2,160.86,14.58,26.31,NVIDIA A100-SXM4-80GB,89faf2fe4e118b2d,7b1f70985555,1,temporal,train,all,0.7,0.15,0.15,C,noise_curve_c_s14_BPI_Challenge_2012
BPI_Challenge_2012,lstm,checker_net_state,0.4,2,0.841941,0.597911,0.979803,0.002308,0.274068,0.000202,0.0899,0.484265,0.330678,0.15535,2.7e-05,2.7e-05,0.0,0.999227,3682,5|6|7,9,74474,0.276856,19.12,267.64,9.85,0.2,160.86,14.58,26.31,NVIDIA A100-SXM4-80GB,89faf2fe4e118b2d,7b1f70985555,1,temporal,train,all,0.7,0.15,0.15,C,noise_curve_c_s14_BPI_Challenge_2012
BPI_Challenge_2012,lstm,marking,0.4,2,0.836344,0.544923,0.9766,0.003549,0.28139,0.000577,0.100883,0.489479,0.317124,0.170559,2.7e-05,2.7e-05,0.0,0.999227,3682,5|6|7,4,74474,0.276856,24.3,218.73,9.85,0.2,160.86,14.58,26.31,NVIDIA A100-SXM4-80GB,89faf2fe4e118b2d,7b1f70985555,1,temporal,train,all,0.7,0.15,0.15,C,noise_curve_c_s14_BPI_Challenge_2012
BPI_Challenge_2012,lstm,gnn,0.4,2,0.848,0.620674,0.980639,0.001933,0.283185,0.000519,0.108475,0.48446,0.330326,0.156437,2.7e-05,2.7e-05,0.0,0.999227,3682,5|6|7,8,74474,0.276856,21.9,284.65,9.85,0.2,160.86,14.58,26.31,NVIDIA A100-SXM4-80GB,89faf2fe4e118b2d,7b1f70985555,1,temporal,train,all,0.7,0.15,0.15,C,noise_curve_c_s14_BPI_Challenge_2012
BPI_Challenge_2012,lstm,seq,0.4,2,0.846587,0.611985,0.979543,0.002279,0.293689,0.000231,0.109947,0.483389,0.329555,0.155622,2.7e-05,2.7e-05,0.0,0.999294,3682,5|6|7,9,74474,0.276856,68.85,963.91,9.85,0.2,160.86,14.58,26.31,NVIDIA A100-SXM4-80GB,89faf2fe4e118b2d,7b1f70985555,1,temporal,train,all,0.7,0.15,0.15,C,noise_curve_c_s14_BPI_Challenge_2012
BPI_Challenge_2012,lstm,lll,0.4,2,0.840181,0.570971,0.980409,0.003116,0.190691,0.0,0.000184,0.48404,0.330326,0.156437,2.7e-05,0.0,0.0,0.999247,3682,5|6|7,12,74474,0.276856,22.31,379.35,9.85,0.2,160.86,14.58,26.31,NVIDIA A100-SXM4-80GB,89faf2fe4e118b2d,7b1f70985555,1,temporal,train,all,0.7,0.15,0.15,C,noise_curve_c_s14_BPI_Challenge_2012
BPI_Challenge_2012,lstm,gll,0.4,2,0.84171,0.590902,0.978562,0.002193,0.252507,0.000173,0.064881,0.484296,0.329352,0.154807,2.7e-05,2.7e-05,0.0,0.999227,3682,5|6|7,9,74474,0.276856,47.71,667.9,9.85,0.2,160.86,14.58,26.31,NVIDIA A100-SXM4-80GB,89faf2fe4e118b2d,7b1f70985555,1,temporal,train,all,0.7,0.15,0.15,C,noise_curve_c_s14_BPI_Challenge_2012
BPI_Challenge_2012,lstm,baseline,0.5,2,0.829303,0.537411,0.97686,0.002424,0.370441,0.000231,0.139658,0.489255,0.315528,0.172732,2.7e-05,2.7e-05,0.0,0.999227,3682,5|6|7,12,93093,0.21179,20.91,355.48,9.85,0.2,160.86,14.58,26.31,NVIDIA A100-SXM4-80GB,89faf2fe4e118b2d,7b1f70985555,1,temporal,train,all,0.7,0.15,0.15,C,noise_curve_c_s14_BPI_Challenge_2012
BPI_Challenge_2012,lstm,checker,0.5,2,0.838479,0.570022,0.978879,0.001818,0.277293,0.000202,0.104084,0.484201,0.330583,0.15535,2.7e-05,2.7e-05,0.0,0.999227,3682,5|6|7,20,93093,0.21179,21.18,529.58,9.85,0.2,160.86,14.58,26.31,NVIDIA A100-SXM4-80GB,89faf2fe4e118b2d,7b1f70985555,1,temporal,train,all,0.7,0.15,0.15,C,noise_curve_c_s14_BPI_Challenge_2012
BPI_Challenge_2012,lstm,checker_net,0.5,2,0.829592,0.50547,0.970858,0.004039,0.327539,0.0,0.098799,0.48742,0.315095,0.172189,2.7e-05,0.0,0.0,0.999247,3682,5|6|7,6,93093,0.21179,20.2,222.16,9.85,0.2,160.86,14.58,26.31,NVIDIA A100-SXM4-80GB,89faf2fe4e118b2d,7b1f70985555,1,temporal,train,all,0.7,0.15,0.15,C,noise_curve_c_s14_BPI_Challenge_2012
BPI_Challenge_2012,lstm,checker_net_state,0.5,2,0.82965,0.50761,0.969906,0.004674,0.340987,0.000346,0.119283,0.486768,0.316232,0.170016,2.7e-05,0.0,0.0,0.999247,3682,5|6|7,6,93093,0.21179,24.82,272.98,9.85,0.2,160.86,14.58,26.31,NVIDIA A100-SXM4-80GB,89faf2fe4e118b2d,7b1f70985555,1,temporal,train,all,0.7,0.15,0.15,C,noise_curve_c_s14_BPI_Challenge_2012
BPI_Challenge_2012,lstm,marking,0.5,2,0.835334,0.527098,0.97308,0.003203,0.361756,0.000231,0.136328,0.479542,0.328595,0.154807,4.1e-05,2.7e-05,0.0,0.999227,3682,5|6|7,6,93093,0.21179,24.75,272.29,9.85,0.2,160.86,14.58,26.31,NVIDIA A100-SXM4-80GB,89faf2fe4e118b2d,7b1f70985555,1,temporal,train,all,0.7,0.15,0.15,C,noise_curve_c_s14_BPI_Challenge_2012
BPI_Challenge_2012,lstm,gnn,0.5,2,0.830256,0.516735,0.974407,0.004039,0.35117,0.0,0.125178,0.484077,0.330407,0.15535,2.7e-05,0.0,0.0,0.999247,3682,5|6|7,8,93093,0.21179,22.27,289.48,9.85,0.2,160.86,14.58,26.31,NVIDIA A100-SXM4-80GB,89faf2fe4e118b2d,7b1f70985555,1,temporal,train,all,0.7,0.15,0.15,C,noise_curve_c_s14_BPI_Challenge_2012
BPI_Challenge_2012,lstm,seq,0.5,2,0.826591,0.491748,0.971695,0.002972,0.363789,0.000202,0.136609,0.487322,0.315758,0.172189,2.7e-05,2.7e-05,0.0,0.999227,3682,5|6|7,6,93093,0.21179,67.88,746.66,9.85,0.2,160.86,14.58,26.31,NVIDIA A100-SXM4-80GB,89faf2fe4e118b2d,7b1f70985555,1,temporal,train,all,0.7,0.15,0.15,C,noise_curve_c_s14_BPI_Challenge_2012
BPI_Challenge_2012,lstm,lll,0.5,2,0.827745,0.489508,0.970108,0.005165,0.244731,0.0,0.00017,0.486106,0.314798,0.172189,2.7e-05,0.0,0.0,0.999247,3682,5|6|7,13,93093,0.21179,21.25,382.52,9.85,0.2,160.86,14.58,26.31,NVIDIA A100-SXM4-80GB,89faf2fe4e118b2d,7b1f70985555,1,temporal,train,all,0.7,0.15,0.15,C,noise_curve_c_s14_BPI_Challenge_2012
BPI_Challenge_2012,lstm,gll,0.5,2,0.831583,0.538083,0.975302,0.002539,0.325994,0.0,0.091382,0.491107,0.316637,0.172732,6.8e-05,0.0,0.0,0.999247,3682,5|6|7,18,93093,0.21179,47.87,1100.91,9.85,0.2,160.86,14.58,26.31,NVIDIA A100-SXM4-80GB,89faf2fe4e118b2d,7b1f70985555,1,temporal,train,all,0.7,0.15,0.15,C,noise_curve_c_s14_BPI_Challenge_2012
BPI_Challenge_2012,lstm,baseline,0.6,2,0.794535,0.414293,0.95118,0.021496,0.422366,0.018553,0.16355,0.495017,0.327499,0.16893,0.001285,0.001285,0.0,0.997956,3682,5|6|7,2,111712,0.166376,24.57,172.02,9.85,0.2,160.86,14.58,26.31,NVIDIA A100-SXM4-80GB,89faf2fe4e118b2d,7b1f70985555,1,temporal,train,all,0.7,0.15,0.15,C,noise_curve_c_s14_BPI_Challenge_2012
BPI_Challenge_2012,lstm,checker,0.6,2,0.814502,0.448348,0.955912,0.002395,0.324622,0.000115,0.127999,0.486947,0.316191,0.170016,2.7e-05,2.7e-05,0.0,0.999227,3682,5|6|7,2,111712,0.166376,23.57,165.01,9.85,0.2,160.86,14.58,26.31,NVIDIA A100-SXM4-80GB,89faf2fe4e118b2d,7b1f70985555,1,temporal,train,all,0.7,0.15,0.15,C,noise_curve_c_s14_BPI_Challenge_2012
BPI_Challenge_2012,lstm,checker_net,0.6,2,0.812395,0.446786,0.946477,0.003203,0.384598,0.000519,0.122919,0.495991,0.328527,0.172189,2.7e-05,2.7e-05,0.0,0.999227,3682,5|6|7,2,111712,0.166376,21.47,150.32,9.85,0.2,160.86,14.58,26.31,NVIDIA A100-SXM4-80GB,89faf2fe4e118b2d,7b1f70985555,1,temporal,train,all,0.7,0.15,0.15,C,noise_curve_c_s14_BPI_Challenge_2012
BPI_Challenge_2012,lstm,checker_net_state,0.6,2,0.797767,0.415365,0.950863,0.017947,0.407211,0.014975,0.148652,0.495778,0.327797,0.16893,0.001285,0.001285,0.0,0.997956,3682,5|6|7,2,111712,0.166376,19.84,138.88,9.85,0.2,160.86,14.58,26.31,NVIDIA A100-SXM4-80GB,89faf2fe4e118b2d,7b1f70985555,1,temporal,train,all,0.7,0.15,0.15,C,noise_curve_c_s14_BPI_Challenge_2012
BPI_Challenge_2012,lstm,marking,0.6,2,0.817906,0.458327,0.967627,0.007444,0.441887,0.000491,0.165867,0.486463,0.317381,0.170559,2.7e-05,0.0,0.0,0.999247,3682,5|6|7,8,111712,0.166376,21.68,281.83,9.85,0.2,160.86,14.58,26.31,NVIDIA A100-SXM4-80GB,89faf2fe4e118b2d,7b1f70985555,1,temporal,train,all,0.7,0.15,0.15,C,noise_curve_c_s14_BPI_Challenge_2012
BPI_Challenge_2012,lstm,gnn,0.6,2,0.826707,0.535931,0.971175,0.004645,0.443552,0.001443,0.165151,0.48421,0.330597,0.15535,2.7e-05,2.7e-05,0.0,0.999227,3682,5|6|7,14,111712,0.166376,22.59,429.17,9.85,0.2,160.86,14.58,26.31,NVIDIA A100-SXM4-80GB,89faf2fe4e118b2d,7b1f70985555,1,temporal,train,all,0.7,0.15,0.15,C,noise_curve_c_s14_BPI_Challenge_2012
BPI_Challenge_2012,lstm,seq,0.6,2,0.804143,0.432788,0.959865,0.017572,0.426721,0.014542,0.163302,0.479286,0.328351,0.154807,4.1e-05,2.7e-05,0.0,0.999227,3682,5|6|7,3,111712,0.166376,69.13,553.04,9.85,0.2,160.86,14.58,26.31,NVIDIA A100-SXM4-80GB,89faf2fe4e118b2d,7b1f70985555,1,temporal,train,all,0.7,0.15,0.15,C,noise_curve_c_s14_BPI_Challenge_2012
BPI_Challenge_2012,lstm,lll,0.6,2,0.821253,0.48045,0.963385,0.003376,0.291371,0.0,0.0002,0.488294,0.315596,0.172189,2.7e-05,0.0,0.0,0.999247,3682,5|6|7,14,111712,0.166376,20.5,389.59,9.85,0.2,160.86,14.58,26.31,NVIDIA A100-SXM4-80GB,89faf2fe4e118b2d,7b1f70985555,1,temporal,train,all,0.7,0.15,0.15,C,noise_curve_c_s14_BPI_Challenge_2012
BPI_Challenge_2012,lstm,gll,0.6,2,0.803076,0.42833,0.939581,0.002712,0.355846,0.0,0.096581,0.480258,0.315907,0.151005,2.7e-05,0.0,0.0,0.999247,3682,5|6|7,2,111712,0.166376,47.98,335.86,9.85,0.2,160.86,14.58,26.31,NVIDIA A100-SXM4-80GB,89faf2fe4e118b2d,7b1f70985555,1,temporal,train,all,0.7,0.15,0.15,C,noise_curve_c_s14_BPI_Challenge_2012
BPI_Challenge_2012,lstm,baseline,0.7,2,0.803047,0.442029,0.953719,0.010156,0.513369,0.006983,0.190383,0.497007,0.325308,0.172189,2.7e-05,2.7e-05,0.0,0.999227,3682,5|6|7,9,130330,0.143886,22.62,316.63,9.85,0.2,160.86,14.58,26.31,NVIDIA A100-SXM4-80GB,89faf2fe4e118b2d,7b1f70985555,1,temporal,train,all,0.7,0.15,0.15,C,noise_curve_c_s14_BPI_Challenge_2012
BPI_Challenge_2012,lstm,checker,0.7,2,0.813665,0.467201,0.96275,0.004184,0.422789,0.001789,0.165707,0.482474,0.328608,0.156437,5.4e-05,5.4e-05,0.0,0.999226,3682,5|6|7,13,130330,0.143886,18.73,337.08,9.85,0.2,160.86,14.58,26.31,NVIDIA A100-SXM4-80GB,89faf2fe4e118b2d,7b1f70985555,1,temporal,train,all,0.7,0.15,0.15,C,noise_curve_c_s14_BPI_Challenge_2012
BPI_Challenge_2012,lstm,checker_net,0.7,2,0.80146,0.459893,0.949622,0.00303,0.490016,0.000231,0.156792,0.470777,0.338942,0.15535,2.7e-05,0.0,0.0,0.99183,3682,5|6|7,13,130330,0.143886,19.18,345.28,9.85,0.2,160.86,14.58,26.31,NVIDIA A100-SXM4-80GB,89faf2fe4e118b2d,7b1f70985555,1,temporal,train,all,0.7,0.15,0.15,C,noise_curve_c_s14_BPI_Challenge_2012
BPI_Challenge_2012,lstm,checker_net_state,0.7,2,0.803595,0.446349,0.951873,0.014052,0.510395,0.011051,0.185864,0.487508,0.316326,0.172189,2.7e-05,0.0,0.0,0.999247,3682,5|6|7,13,130330,0.143886,23.8,428.47,9.85,0.2,160.86,14.58,26.31,NVIDIA A100-SXM4-80GB,89faf2fe4e118b2d,7b1f70985555,1,temporal,train,all,0.7,0.15,0.15,C,noise_curve_c_s14_BPI_Challenge_2012
BPI_Challenge_2012,lstm,marking,0.7,2,0.766576,0.390715,0.944053,0.027728,0.516783,0.022967,0.19883,0.477836,0.327066,0.151548,0.001434,0.001285,0.0,0.997956,3682,5|6|7,7,130330,0.143886,22.17,265.98,9.85,0.2,160.86,14.58,26.31,NVIDIA A100-SXM4-80GB,89faf2fe4e118b2d,7b1f70985555,1,temporal,train,all,0.7,0.15,0.15,C,noise_curve_c_s14_BPI_Challenge_2012
BPI_Challenge_2012,lstm,gnn,0.7,2,0.788072,0.489628,0.949074,0.017197,0.511641,0.014196,0.191615,0.463461,0.328175,0.156437,2.7e-05,2.7e-05,0.0,0.991768,3682,5|6|7,11,130330,0.143886,21.48,343.68,9.85,0.2,160.86,14.58,26.31,NVIDIA A100-SXM4-80GB,89faf2fe4e118b2d,7b1f70985555,1,temporal,train,all,0.7,0.15,0.15,C,noise_curve_c_s14_BPI_Challenge_2012
BPI_Challenge_2012,lstm,seq,0.7,2,0.801922,0.462841,0.952882,0.01209,0.515364,0.008223,0.19185,0.479874,0.328825,0.154807,2.7e-05,2.7e-05,0.0,0.999227,3682,5|6|7,12,130330,0.143886,68.9,1171.37,9.85,0.2,160.86,14.58,26.31,NVIDIA A100-SXM4-80GB,89faf2fe4e118b2d,7b1f70985555,1,temporal,train,all,0.7,0.15,0.15,C,noise_curve_c_s14_BPI_Challenge_2012
BPI_Challenge_2012,lstm,lll,0.7,2,0.786197,0.425248,0.940995,0.005857,0.360307,0.0,0.00019,0.480428,0.315623,0.151548,0.0,0.0,0.0,0.999247,3682,5|6|7,18,130330,0.143886,20.73,476.78,9.85,0.2,160.86,14.58,26.31,NVIDIA A100-SXM4-80GB,89faf2fe4e118b2d,7b1f70985555,1,temporal,train,all,0.7,0.15,0.15,C,noise_curve_c_s14_BPI_Challenge_2012
BPI_Challenge_2012,lstm,gll,0.7,2,0.780772,0.44389,0.946188,0.009579,0.464822,0.004876,0.130934,0.483497,0.333167,0.144487,2.7e-05,0.0,0.0,0.996563,3682,5|6|7,13,130330,0.143886,47.74,859.34,9.85,0.2,160.86,14.58,26.31,NVIDIA A100-SXM4-80GB,89faf2fe4e118b2d,7b1f70985555,1,temporal,train,all,0.7,0.15,0.15,C,noise_curve_c_s14_BPI_Challenge_2012
BPI_Challenge_2012,lstm,baseline,0.8,2,0.716343,0.339774,0.917306,0.046627,0.578382,0.02014,0.218775,0.459727,0.297159,0.152906,2.7e-05,0.0,0.0,0.995846,3682,5|6|7,14,148949,0.140611,19.64,373.14,9.85,0.2,160.86,14.58,26.31,NVIDIA A100-SXM4-80GB,89faf2fe4e118b2d,7b1f70985555,1,temporal,train,all,0.7,0.15,0.15,C,noise_curve_c_s14_BPI_Challenge_2012
BPI_Challenge_2012,lstm,checker,0.8,2,0.77806,0.398444,0.928992,0.002885,0.46905,0.000981,0.183111,0.457971,0.298607,0.145301,0.0,0.0,0.0,0.995846,3682,5|6|7,11,148949,0.140611,19.4,310.39,9.85,0.2,160.86,14.58,26.31,NVIDIA A100-SXM4-80GB,89faf2fe4e118b2d,7b1f70985555,1,temporal,train,all,0.7,0.15,0.15,C,noise_curve_c_s14_BPI_Challenge_2012
BPI_Challenge_2012,lstm,checker_net,0.8,2,0.757574,0.394699,0.91696,0.019389,0.54324,0.007098,0.175112,0.447992,0.289436,0.140141,0.003977,0.0,0.0,0.995846,3682,5|6|7,11,148949,0.140611,22.54,360.61,9.85,0.2,160.86,14.58,26.31,NVIDIA A100-SXM4-80GB,89faf2fe4e118b2d,7b1f70985555,1,temporal,train,all,0.7,0.15,0.15,C,noise_curve_c_s14_BPI_Challenge_2012
BPI_Challenge_2012,lstm,checker_net_state,0.8,2,0.730163,0.360485,0.916758,0.035663,0.559944,0.022823,0.203971,0.455994,0.296591,0.144758,0.001285,0.001285,0.0,0.994555,3682,5|6|7,14,148949,0.140611,20.62,391.79,9.85,0.2,160.86,14.58,26.31,NVIDIA A100-SXM4-80GB,89faf2fe4e118b2d,7b1f70985555,1,temporal,train,all,0.7,0.15,0.15,C,noise_curve_c_s14_BPI_Challenge_2012
BPI_Challenge_2012,lstm,marking,0.8,2,0.654394,0.2657,0.890299,0.084771,0.592114,0.021063,0.228146,0.406766,0.267199,0.128734,0.002881,0.0,0.0,0.992462,3682,5|6|7,8,148949,0.140611,23.55,306.13,9.85,0.2,160.86,14.58,26.31,NVIDIA A100-SXM4-80GB,89faf2fe4e118b2d,7b1f70985555,1,temporal,train,all,0.7,0.15,0.15,C,noise_curve_c_s14_BPI_Challenge_2012
BPI_Challenge_2012,lstm,gnn,0.8,2,0.662358,0.292823,0.873767,0.075913,0.580249,0.029546,0.217314,0.413277,0.259069,0.127376,0.002881,0.0,0.0,0.992462,3682,5|6|7,3,148949,0.140611,21.49,171.92,9.85,0.2,160.86,14.58,26.31,NVIDIA A100-SXM4-80GB,89faf2fe4e118b2d,7b1f70985555,1,temporal,train,all,0.7,0.15,0.15,C,noise_curve_c_s14_BPI_Challenge_2012
BPI_Challenge_2012,lstm,seq,0.8,2,0.716602,0.332264,0.923048,0.049628,0.572031,0.020082,0.212362,0.458132,0.295672,0.147474,0.00165,0.0,0.0,0.995846,3682,5|6|7,14,148949,0.140611,69.05,1311.86,9.85,0.2,160.86,14.58,26.31,NVIDIA A100-SXM4-80GB,89faf2fe4e118b2d,7b1f70985555,1,temporal,train,all,0.7,0.15,0.15,C,noise_curve_c_s14_BPI_Challenge_2012
BPI_Challenge_2012,lstm,lll,0.8,2,0.687807,0.278361,0.890732,0.059611,0.431894,0.0,0.000199,0.408149,0.25351,0.127376,0.004017,0.0,0.0,0.992462,3682,5|6|7,14,148949,0.140611,22.39,425.43,9.85,0.2,160.86,14.58,26.31,NVIDIA A100-SXM4-80GB,89faf2fe4e118b2d,7b1f70985555,1,temporal,train,all,0.7,0.15,0.15,C,noise_curve_c_s14_BPI_Challenge_2012
BPI_Challenge_2012,lstm,gll,0.8,2,0.747966,0.386238,0.913065,0.021496,0.532501,0.001414,0.148754,0.450331,0.287312,0.146388,2.7e-05,0.0,0.0,0.995846,3682,5|6|7,20,148949,0.140611,48.41,1210.27,9.85,0.2,160.86,14.58,26.31,NVIDIA A100-SXM4-80GB,89faf2fe4e118b2d,7b1f70985555,1,temporal,train,all,0.7,0.15,0.15,C,noise_curve_c_s14_BPI_Challenge_2012
BPI_Challenge_2012,lstm,baseline,0.0,3,0.855041,0.658099,0.98416,0.0,0.000508,0.0,5.4e-05,0.484865,0.32873,0.15535,0.0,0.0,0.0,0.999247,3682,5|6|7,9,0,1.0,18.76,262.63,9.85,0.2,160.86,14.58,26.31,NVIDIA A100-SXM4-80GB,89faf2fe4e118b2d,7b1f70985555,1,temporal,train,all,0.7,0.15,0.15,C,noise_curve_c_s14_BPI_Challenge_2012
BPI_Challenge_2012,lstm,checker,0.0,3,0.850453,0.642649,0.984217,0.0,0.000263,0.0,2.6e-05,0.492456,0.317246,0.176534,0.0,0.0,0.0,0.999247,3682,5|6|7,13,0,1.0,19.63,353.33,9.85,0.2,160.86,14.58,26.31,NVIDIA A100-SXM4-80GB,89faf2fe4e118b2d,7b1f70985555,1,temporal,train,all,0.7,0.15,0.15,C,noise_curve_c_s14_BPI_Challenge_2012
BPI_Challenge_2012,lstm,checker_net,0.0,3,0.851059,0.641488,0.984188,0.0,0.000359,0.0,3.5e-05,0.491982,0.317598,0.175448,0.0,0.0,0.0,0.999247,3682,5|6|7,13,0,1.0,19.37,348.6,9.85,0.2,160.86,14.58,26.31,NVIDIA A100-SXM4-80GB,89faf2fe4e118b2d,7b1f70985555,1,temporal,train,all,0.7,0.15,0.15,C,noise_curve_c_s14_BPI_Challenge_2012
BPI_Challenge_2012,lstm,checker_net_state,0.0,3,0.85103,0.648114,0.984246,0.0,0.00029,0.0,2.2e-05,0.491067,0.317544,0.170288,0.0,0.0,0.0,0.999314,3682,5|6|7,12,0,1.0,20.33,345.55,9.85,0.2,160.86,14.58,26.31,NVIDIA A100-SXM4-80GB,89faf2fe4e118b2d,7b1f70985555,1,temporal,train,all,0.7,0.15,0.15,C,noise_curve_c_s14_BPI_Challenge_2012
BPI_Challenge_2012,lstm,marking,0.0,3,0.856656,0.662689,0.984015,0.0,0.000359,0.0,4.8e-05,0.485214,0.329406,0.157523,0.0,0.0,0.0,0.999247,3682,5|6|7,16,0,1.0,21.57,452.97,9.85,0.2,160.86,14.58,26.31,NVIDIA A100-SXM4-80GB,89faf2fe4e118b2d,7b1f70985555,1,temporal,train,all,0.7,0.15,0.15,C,noise_curve_c_s14_BPI_Challenge_2012
BPI_Challenge_2012,lstm,gnn,0.0,3,0.857666,0.664713,0.98416,0.0,0.000471,0.0,5.3e-05,0.48483,0.330664,0.155894,0.0,0.0,0.0,0.999247,3682,5|6|7,10,0,1.0,23.32,349.82,9.85,0.2,160.86,14.58,26.31,NVIDIA A100-SXM4-80GB,89faf2fe4e118b2d,7b1f70985555,1,temporal,train,all,0.7,0.15,0.15,C,noise_curve_c_s14_BPI_Challenge_2012
BPI_Challenge_2012,lstm,seq,0.0,3,0.856166,0.658996,0.984563,0.0,0.000363,0.0,3.2e-05,0.485357,0.330407,0.158066,0.0,0.0,0.0,0.999247,3682,5|6|7,22,0,1.0,67.97,1835.3,9.85,0.2,160.86,14.58,26.31,NVIDIA A100-SXM4-80GB,89faf2fe4e118b2d,7b1f70985555,1,temporal,train,all,0.7,0.15,0.15,C,noise_curve_c_s14_BPI_Challenge_2012
BPI_Challenge_2012,lstm,lll,0.0,3,0.850799,0.650519,0.98439,0.0,0.000636,0.0,2.8e-05,0.491326,0.317327,0.172461,0.0,0.0,0.0,0.999314,3682,5|6|7,12,0,1.0,19.33,328.56,9.85,0.2,160.86,14.58,26.31,NVIDIA A100-SXM4-80GB,89faf2fe4e118b2d,7b1f70985555,1,temporal,train,all,0.7,0.15,0.15,C,noise_curve_c_s14_BPI_Challenge_2012
BPI_Challenge_2012,lstm,gll,0.0,3,0.85631,0.656194,0.983496,0.0,0.000473,0.0,1.6e-05,0.484647,0.329704,0.158066,0.0,0.0,0.0,0.999247,3682,5|6|7,9,0,1.0,47.82,669.48,9.85,0.2,160.86,14.58,26.31,NVIDIA A100-SXM4-80GB,89faf2fe4e118b2d,7b1f70985555,1,temporal,train,all,0.7,0.15,0.15,C,noise_curve_c_s14_BPI_Challenge_2012
BPI_Challenge_2012,lstm,baseline,0.1,3,0.849761,0.635364,0.983813,0.000115,0.05792,2.9e-05,0.020046,0.491752,0.317111,0.173275,0.0,0.0,0.0,0.999247,3682,5|6|7,5,18619,0.727402,22.57,225.72,9.85,0.2,160.86,14.58,26.31,NVIDIA A100-SXM4-80GB,89faf2fe4e118b2d,7b1f70985555,1,temporal,train,all,0.7,0.15,0.15,C,noise_curve_c_s14_BPI_Challenge_2012
BPI_Challenge_2012,lstm,checker,0.1,3,0.85002,0.636688,0.983813,8.7e-05,0.039004,2.9e-05,0.013287,0.49129,0.316773,0.173275,0.0,0.0,0.0,0.999247,3682,5|6|7,5,18619,0.727402,21.57,215.75,9.85,0.2,160.86,14.58,26.31,NVIDIA A100-SXM4-80GB,89faf2fe4e118b2d,7b1f70985555,1,temporal,train,all,0.7,0.15,0.15,C,noise_curve_c_s14_BPI_Challenge_2012
BPI_Challenge_2012,lstm,checker_net,0.1,3,0.849328,0.632573,0.983611,0.000173,0.050364,2.9e-05,0.013195,0.500428,0.32877,0.174362,0.0,0.0,0.0,0.999247,3682,5|6|7,5,18619,0.727402,22.96,229.6,9.85,0.2,160.86,14.58,26.31,NVIDIA A100-SXM4-80GB,89faf2fe4e118b2d,7b1f70985555,1,temporal,train,all,0.7,0.15,0.15,C,noise_curve_c_s14_BPI_Challenge_2012
BPI_Challenge_2012,lstm,checker_net_state,0.1,3,0.850049,0.637907,0.983784,0.00026,0.051771,2.9e-05,0.015247,0.491768,0.317719,0.173275,0.0,0.0,0.0,0.999247,3682,5|6|7,5,18619,0.727402,20.67,206.67,9.85,0.2,160.86,14.58,26.31,NVIDIA A100-SXM4-80GB,89faf2fe4e118b2d,7b1f70985555,1,temporal,train,all,0.7,0.15,0.15,C,noise_curve_c_s14_BPI_Challenge_2012
BPI_Challenge_2012,lstm,marking,0.1,3,0.856454,0.659053,0.984361,0.000115,0.060728,0.0,0.022578,0.484794,0.330583,0.15698,0.0,0.0,0.0,0.999247,3682,5|6|7,18,18619,0.727402,22.55,518.66,9.85,0.2,160.86,14.58,26.31,NVIDIA A100-SXM4-80GB,89faf2fe4e118b2d,7b1f70985555,1,temporal,train,all,0.7,0.15,0.15,C,noise_curve_c_s14_BPI_Challenge_2012
BPI_Challenge_2012,lstm,gnn,0.1,3,0.849962,0.639784,0.98416,0.000144,0.065915,0.0,0.023352,0.491623,0.317111,0.173275,0.0,0.0,0.0,0.999247,3682,5|6|7,8,18619,0.727402,21.51,279.62,9.85,0.2,160.86,14.58,26.31,NVIDIA A100-SXM4-80GB,89faf2fe4e118b2d,7b1f70985555,1,temporal,train,all,0.7,0.15,0.15,C,noise_curve_c_s14_BPI_Challenge_2012
BPI_Challenge_2012,lstm,seq,0.1,3,0.849357,0.635774,0.983842,0.000606,0.064813,0.0,0.023194,0.491407,0.317801,0.172189,0.0,0.0,0.0,0.999247,3682,5|6|7,6,18619,0.727402,69.73,767.03,9.85,0.2,160.86,14.58,26.31,NVIDIA A100-SXM4-80GB,89faf2fe4e118b2d,7b1f70985555,1,temporal,train,all,0.7,0.15,0.15,C,noise_curve_c_s14_BPI_Challenge_2012
BPI_Challenge_2012,lstm,lll,0.1,3,0.856426,0.658836,0.98416,0.000115,0.038932,0.0,0.000142,0.484765,0.330569,0.155894,0.0,0.0,0.0,0.999247,3682,5|6|7,6,18619,0.727402,23.39,257.33,9.85,0.2,160.86,14.58,26.31,NVIDIA A100-SXM4-80GB,89faf2fe4e118b2d,7b1f70985555,1,temporal,train,all,0.7,0.15,0.15,C,noise_curve_c_s14_BPI_Challenge_2012
BPI_Challenge_2012,lstm,gll,0.1,3,0.848924,0.632711,0.983611,0.000606,0.048196,0.0,0.009595,0.492076,0.319816,0.172732,0.0,0.0,0.0,0.999247,3682,5|6|7,5,18619,0.727402,48.04,480.37,9.85,0.2,160.86,14.58,26.31,NVIDIA A100-SXM4-80GB,89faf2fe4e118b2d,7b1f70985555,1,temporal,train,all,0.7,0.15,0.15,C,noise_curve_c_s14_BPI_Challenge_2012
BPI_Challenge_2012,lstm,baseline,0.2,3,0.848924,0.634886,0.982601,0.000577,0.13294,0.0,0.047417,0.491442,0.317963,0.171103,0.0,0.0,0.0,0.999247,3682,5|6|7,5,37237,0.52893,20.27,202.66,9.85,0.2,160.86,14.58,26.31,NVIDIA A100-SXM4-80GB,89faf2fe4e118b2d,7b1f70985555,1,temporal,train,all,0.7,0.15,0.15,C,noise_curve_c_s14_BPI_Challenge_2012
BPI_Challenge_2012,lstm,checker,0.2,3,0.848635,0.636969,0.983092,0.000692,0.093167,5.8e-05,0.032427,0.491694,0.317814,0.172732,2.7e-05,2.7e-05,0.0,0.999227,3682,5|6|7,5,37237,0.52893,20.45,204.46,9.85,0.2,160.86,14.58,26.31,NVIDIA A100-SXM4-80GB,89faf2fe4e118b2d,7b1f70985555,1,temporal,train,all,0.7,0.15,0.15,C,noise_curve_c_s14_BPI_Challenge_2012
BPI_Challenge_2012,lstm,checker_net,0.2,3,0.846616,0.627079,0.982948,0.001212,0.119598,0.0,0.033275,0.492232,0.317733,0.173275,0.0,0.0,0.0,0.999247,3682,5|6|7,5,37237,0.52893,23.98,239.83,9.85,0.2,160.86,14.58,26.31,NVIDIA A100-SXM4-80GB,89faf2fe4e118b2d,7b1f70985555,1,temporal,train,all,0.7,0.15,0.15,C,noise_curve_c_s14_BPI_Challenge_2012
BPI_Challenge_2012,lstm,checker_net_state,0.2,3,0.848895,0.636772,0.982948,0.000664,0.125106,2.9e-05,0.039802,0.491905,0.317868,0.173275,0.0,0.0,0.0,0.999247,3682,5|6|7,5,37237,0.52893,19.42,194.2,9.85,0.2,160.86,14.58,26.31,NVIDIA A100-SXM4-80GB,89faf2fe4e118b2d,7b1f70985555,1,temporal,train,all,0.7,0.15,0.15,C,noise_curve_c_s14_BPI_Challenge_2012
BPI_Challenge_2012,lstm,marking,0.2,3,0.848087,0.634413,0.98315,0.000692,0.132289,0.000144,0.0509,0.499031,0.32965,0.171103,2.7e-05,2.7e-05,0.0,0.999227,3682,5|6|7,8,37237,0.52893,24.69,320.96,9.85,0.2,160.86,14.58,26.31,NVIDIA A100-SXM4-80GB,89faf2fe4e118b2d,7b1f70985555,1,temporal,train,all,0.7,0.15,0.15,C,noise_curve_c_s14_BPI_Challenge_2012
BPI_Challenge_2012,lstm,gnn,0.2,3,0.848924,0.630819,0.982717,0.00075,0.135262,2.9e-05,0.054551,0.491471,0.316935,0.172732,2.7e-05,0.0,0.0,0.999247,3682,5|6|7,8,37237,0.52893,21.35,277.56,9.85,0.2,160.86,14.58,26.31,NVIDIA A100-SXM4-80GB,89faf2fe4e118b2d,7b1f70985555,1,temporal,train,all,0.7,0.15,0.15,C,noise_curve_c_s14_BPI_Challenge_2012
BPI_Challenge_2012,lstm,seq,0.2,3,0.848347,0.638236,0.982371,0.000808,0.129711,0.000173,0.048103,0.484234,0.330515,0.15535,2.7e-05,2.7e-05,0.0,0.999227,3682,5|6|7,6,37237,0.52893,70.04,770.39,9.85,0.2,160.86,14.58,26.31,NVIDIA A100-SXM4-80GB,89faf2fe4e118b2d,7b1f70985555,1,temporal,train,all,0.7,0.15,0.15,C,noise_curve_c_s14_BPI_Challenge_2012
BPI_Challenge_2012,lstm,lll,0.2,3,0.846414,0.625425,0.981678,0.000952,0.080828,0.0,0.000374,0.491457,0.317057,0.171103,0.0,0.0,0.0,0.999247,3682,5|6|7,3,37237,0.52893,18.85,150.84,9.85,0.2,160.86,14.58,26.31,NVIDIA A100-SXM4-80GB,89faf2fe4e118b2d,7b1f70985555,1,temporal,train,all,0.7,0.15,0.15,C,noise_curve_c_s14_BPI_Challenge_2012
BPI_Challenge_2012,lstm,gll,0.2,3,0.853021,0.650641,0.982832,0.00127,0.107452,5.8e-05,0.024926,0.500651,0.329826,0.172732,2.7e-05,2.7e-05,0.0,0.999227,3682,5|6|7,4,37237,0.52893,48.12,433.12,9.85,0.2,160.86,14.58,26.31,NVIDIA A100-SXM4-80GB,89faf2fe4e118b2d,7b1f70985555,1,temporal,train,all,0.7,0.15,0.15,C,noise_curve_c_s14_BPI_Challenge_2012
BPI_Challenge_2012,lstm,baseline,0.3,3,0.850944,0.640412,0.980813,0.001875,0.212988,0.000202,0.077319,0.490712,0.317665,0.170559,2.7e-05,2.7e-05,0.0,0.999227,3682,5|6|7,4,55856,0.385699,21.01,189.07,9.85,0.2,160.86,14.58,26.31,NVIDIA A100-SXM4-80GB,89faf2fe4e118b2d,7b1f70985555,1,temporal,train,all,0.7,0.15,0.15,C,noise_curve_c_s14_BPI_Challenge_2012
BPI_Challenge_2012,lstm,checker,0.3,3,0.852588,0.642847,0.981765,0.000923,0.155222,0.000202,0.055867,0.484105,0.330529,0.15535,2.7e-05,2.7e-05,0.0,0.999227,3682,5|6|7,4,55856,0.385699,18.03,162.23,9.85,0.2,160.86,14.58,26.31,NVIDIA A100-SXM4-80GB,89faf2fe4e118b2d,7b1f70985555,1,temporal,train,all,0.7,0.15,0.15,C,noise_curve_c_s14_BPI_Challenge_2012
BPI_Challenge_2012,lstm,checker_net,0.3,3,0.85028,0.632953,0.980293,0.00202,0.192066,2.9e-05,0.054812,0.484077,0.330407,0.15535,2.7e-05,0.0,0.0,0.999247,3682,5|6|7,4,55856,0.385699,18.03,162.31,9.85,0.2,160.86,14.58,26.31,NVIDIA A100-SXM4-80GB,89faf2fe4e118b2d,7b1f70985555,1,temporal,train,all,0.7,0.15,0.15,C,noise_curve_c_s14_BPI_Challenge_2012
BPI_Challenge_2012,lstm,checker_net_state,0.3,3,0.846442,0.634314,0.982399,0.000894,0.201326,2.9e-05,0.067599,0.48405,0.330312,0.15535,2.7e-05,0.0,0.0,0.999247,3682,5|6|7,14,55856,0.385699,22.35,424.72,9.85,0.2,160.86,14.58,26.31,NVIDIA A100-SXM4-80GB,89faf2fe4e118b2d,7b1f70985555,1,temporal,train,all,0.7,0.15,0.15,C,noise_curve_c_s14_BPI_Challenge_2012
BPI_Challenge_2012,lstm,marking,0.3,3,0.85204,0.642141,0.982082,0.001385,0.213505,0.00026,0.084123,0.483581,0.329893,0.154536,2.7e-05,2.7e-05,0.0,0.999294,3682,5|6|7,7,55856,0.385699,21.6,259.19,9.85,0.2,160.86,14.58,26.31,NVIDIA A100-SXM4-80GB,89faf2fe4e118b2d,7b1f70985555,1,temporal,train,all,0.7,0.15,0.15,C,noise_curve_c_s14_BPI_Challenge_2012
BPI_Challenge_2012,lstm,gnn,0.3,3,0.850251,0.635145,0.982024,0.001472,0.206797,0.000144,0.075832,0.484124,0.330475,0.15535,2.7e-05,2.7e-05,0.0,0.999227,3682,5|6|7,10,55856,0.385699,22.6,339.03,9.85,0.2,160.86,14.58,26.31,NVIDIA A100-SXM4-80GB,89faf2fe4e118b2d,7b1f70985555,1,temporal,train,all,0.7,0.15,0.15,C,noise_curve_c_s14_BPI_Challenge_2012
BPI_Challenge_2012,lstm,seq,0.3,3,0.846414,0.627003,0.982226,0.001327,0.203661,0.000144,0.076503,0.490777,0.31776,0.170559,2.7e-05,0.0,0.0,0.999247,3682,5|6|7,13,55856,0.385699,68.83,1238.86,9.85,0.2,160.86,14.58,26.31,NVIDIA A100-SXM4-80GB,89faf2fe4e118b2d,7b1f70985555,1,temporal,train,all,0.7,0.15,0.15,C,noise_curve_c_s14_BPI_Challenge_2012
BPI_Challenge_2012,lstm,lll,0.3,3,0.844971,0.623676,0.980351,0.001212,0.137347,0.0,0.000217,0.490909,0.317949,0.170559,2.7e-05,0.0,0.0,0.999247,3682,5|6|7,10,55856,0.385699,23.77,356.61,9.85,0.2,160.86,14.58,26.31,NVIDIA A100-SXM4-80GB,89faf2fe4e118b2d,7b1f70985555,1,temporal,train,all,0.7,0.15,0.15,C,noise_curve_c_s14_BPI_Challenge_2012
BPI_Challenge_2012,lstm,gll,0.3,3,0.83995,0.568771,0.978966,0.001818,0.177335,2.9e-05,0.045782,0.488918,0.317057,0.170016,2.7e-05,0.0,0.0,0.999247,3682,5|6|7,3,55856,0.385699,47.96,383.7,9.85,0.2,160.86,14.58,26.31,NVIDIA A100-SXM4-80GB,89faf2fe4e118b2d,7b1f70985555,1,temporal,train,all,0.7,0.15,0.15,C,noise_curve_c_s14_BPI_Challenge_2012
BPI_Challenge_2012,lstm,baseline,0.4,3,0.844855,0.613454,0.980322,0.001789,0.282139,0.00026,0.107748,0.484265,0.330678,0.15535,2.7e-05,2.7e-05,0.0,0.999227,3682,5|6|7,11,74474,0.274345,22.39,358.28,9.85,0.2,160.86,14.58,26.31,NVIDIA A100-SXM4-80GB,89faf2fe4e118b2d,7b1f70985555,1,temporal,train,all,0.7,0.15,0.15,C,noise_curve_c_s14_BPI_Challenge_2012
BPI_Challenge_2012,lstm,checker,0.4,3,0.846038,0.619889,0.978879,0.001443,0.206043,2.9e-05,0.077672,0.48496,0.32965,0.15698,2.7e-05,0.0,0.0,0.999247,3682,5|6|7,11,74474,0.274345,18.94,303.11,9.85,0.2,160.86,14.58,26.31,NVIDIA A100-SXM4-80GB,89faf2fe4e118b2d,7b1f70985555,1,temporal,train,all,0.7,0.15,0.15,C,noise_curve_c_s14_BPI_Challenge_2012
BPI_Challenge_2012,lstm,checker_net,0.4,3,0.846183,0.620548,0.980235,0.001587,0.256083,5.8e-05,0.076166,0.485746,0.330624,0.15698,2.7e-05,0.0,0.0,0.999247,3682,5|6|7,11,74474,0.274345,19.5,311.98,9.85,0.2,160.86,14.58,26.31,NVIDIA A100-SXM4-80GB,89faf2fe4e118b2d,7b1f70985555,1,temporal,train,all,0.7,0.15,0.15,C,noise_curve_c_s14_BPI_Challenge_2012
BPI_Challenge_2012,lstm,checker_net_state,0.4,3,0.845894,0.618482,0.980409,0.001847,0.267294,0.000231,0.092771,0.484265,0.330678,0.15535,2.7e-05,2.7e-05,0.0,0.999227,3682,5|6|7,11,74474,0.274345,24.41,390.53,9.85,0.2,160.86,14.58,26.31,NVIDIA A100-SXM4-80GB,89faf2fe4e118b2d,7b1f70985555,1,temporal,train,all,0.7,0.15,0.15,C,noise_curve_c_s14_BPI_Challenge_2012
BPI_Challenge_2012,lstm,marking,0.4,3,0.840729,0.590498,0.979658,0.002453,0.281453,0.000231,0.102469,0.482135,0.329541,0.154807,2.7e-05,2.7e-05,0.0,0.999227,3682,5|6|7,7,74474,0.274345,21.71,260.48,9.85,0.2,160.86,14.58,26.31,NVIDIA A100-SXM4-80GB,89faf2fe4e118b2d,7b1f70985555,1,temporal,train,all,0.7,0.15,0.15,C,noise_curve_c_s14_BPI_Challenge_2012
BPI_Challenge_2012,lstm,gnn,0.4,3,0.848751,0.625011,0.980178,0.002366,0.282563,0.0,0.103613,0.48556,0.330326,0.15698,2.7e-05,0.0,0.0,0.999247,3682,5|6|7,9,74474,0.274345,21.33,298.67,9.85,0.2,160.86,14.58,26.31,NVIDIA A100-SXM4-80GB,89faf2fe4e118b2d,7b1f70985555,1,temporal,train,all,0.7,0.15,0.15,C,noise_curve_c_s14_BPI_Challenge_2012
BPI_Challenge_2012,lstm,seq,0.4,3,0.839229,0.588445,0.979485,0.002337,0.286929,0.000202,0.106083,0.498893,0.329569,0.171103,2.7e-05,2.7e-05,0.0,0.999227,3682,5|6|7,8,74474,0.274345,68.76,893.87,9.85,0.2,160.86,14.58,26.31,NVIDIA A100-SXM4-80GB,89faf2fe4e118b2d,7b1f70985555,1,temporal,train,all,0.7,0.15,0.15,C,noise_curve_c_s14_BPI_Challenge_2012
BPI_Challenge_2012,lstm,lll,0.4,3,0.842287,0.602671,0.977898,0.003087,0.187383,0.0,0.00019,0.484439,0.329555,0.154807,2.7e-05,0.0,0.0,0.999247,3682,5|6|7,11,74474,0.274345,21.18,338.96,9.85,0.2,160.86,14.58,26.31,NVIDIA A100-SXM4-80GB,89faf2fe4e118b2d,7b1f70985555,1,temporal,train,all,0.7,0.15,0.15,C,noise_curve_c_s14_BPI_Challenge_2012
BPI_Challenge_2012,lstm,gll,0.4,3,0.847597,0.61361,0.978966,0.002308,0.251107,0.0,0.068768,0.484077,0.330353,0.15535,2.7e-05,0.0,0.0,0.999247,3682,5|6|7,11,74474,0.274345,48.73,779.63,9.85,0.2,160.86,14.58,26.31,NVIDIA A100-SXM4-80GB,89faf2fe4e118b2d,7b1f70985555,1,temporal,train,all,0.7,0.15,0.15,C,noise_curve_c_s14_BPI_Challenge_2012
BPI_Challenge_2012,lstm,baseline,0.5,3,0.831785,0.534503,0.977321,0.002655,0.352961,0.000404,0.128032,0.489461,0.316069,0.172732,2.7e-05,2.7e-05,0.0,0.999227,3682,5|6|7,11,93093,0.206769,22.72,363.56,9.85,0.2,160.86,14.58,26.31,NVIDIA A100-SXM4-80GB,89faf2fe4e118b2d,7b1f70985555,1,temporal,train,all,0.7,0.15,0.15,C,noise_curve_c_s14_BPI_Challenge_2012
BPI_Challenge_2012,lstm,checker,0.5,3,0.838912,0.565579,0.979658,0.002366,0.270404,0.000433,0.106852,0.496891,0.324347,0.172732,2.7e-05,2.7e-05,0.0,0.999227,3682,5|6|7,13,93093,0.206769,20.73,373.11,9.85,0.2,160.86,14.58,26.31,NVIDIA A100-SXM4-80GB,89faf2fe4e118b2d,7b1f70985555,1,temporal,train,all,0.7,0.15,0.15,C,noise_curve_c_s14_BPI_Challenge_2012
BPI_Challenge_2012,lstm,checker_net,0.5,3,0.839431,0.572656,0.977725,0.002251,0.334554,0.0,0.10316,0.498687,0.329244,0.171103,2.7e-05,0.0,0.0,0.999247,3682,5|6|7,18,93093,0.206769,20.84,479.37,9.85,0.2,160.86,14.58,26.31,NVIDIA A100-SXM4-80GB,89faf2fe4e118b2d,7b1f70985555,1,temporal,train,all,0.7,0.15,0.15,C,noise_curve_c_s14_BPI_Challenge_2012
BPI_Challenge_2012,lstm,checker_net_state,0.5,3,0.832622,0.539825,0.977264,0.002395,0.338298,2.9e-05,0.113509,0.491312,0.316664,0.172732,2.7e-05,0.0,0.0,0.999247,3682,5|6|7,11,93093,0.206769,20.55,328.84,9.85,0.2,160.86,14.58,26.31,NVIDIA A100-SXM4-80GB,89faf2fe4e118b2d,7b1f70985555,1,temporal,train,all,0.7,0.15,0.15,C,noise_curve_c_s14_BPI_Challenge_2012
BPI_Challenge_2012,lstm,marking,0.5,3,0.83946,0.572874,0.978447,0.002337,0.369195,0.000173,0.137021,0.484159,0.330772,0.15535,2.7e-05,2.7e-05,0.0,0.999227,3682,5|6|7,23,93093,0.206769,21.72,608.18,9.85,0.2,160.86,14.58,26.31,NVIDIA A100-SXM4-80GB,89faf2fe4e118b2d,7b1f70985555,1,temporal,train,all,0.7,0.15,0.15,C,noise_curve_c_s14_BPI_Challenge_2012
BPI_Challenge_2012,lstm,gnn,0.5,3,0.827399,0.472496,0.970194,0.006694,0.363305,0.001212,0.137903,0.480084,0.329122,0.154807,2.7e-05,2.7e-05,0.0,0.999227,3682,5|6|7,6,93093,0.206769,21.5,236.51,9.85,0.2,160.86,14.58,26.31,NVIDIA A100-SXM4-80GB,89faf2fe4e118b2d,7b1f70985555,1,temporal,train,all,0.7,0.15,0.15,C,noise_curve_c_s14_BPI_Challenge_2012
BPI_Challenge_2012,lstm,seq,0.5,3,0.833603,0.537886,0.976485,0.003001,0.358379,0.000577,0.133241,0.484163,0.330434,0.15535,2.7e-05,2.7e-05,0.0,0.999227,3682,5|6|7,11,93093,0.206769,68.73,1099.74,9.85,0.2,160.86,14.58,26.31,NVIDIA A100-SXM4-80GB,89faf2fe4e118b2d,7b1f70985555,1,temporal,train,all,0.7,0.15,0.15,C,noise_curve_c_s14_BPI_Challenge_2012
BPI_Challenge_2012,lstm,lll,0.5,3,0.831583,0.510429,0.972676,0.004241,0.233034,0.0,0.000195,0.484143,0.330502,0.15535,2.7e-05,0.0,0.0,0.999247,3682,5|6|7,13,93093,0.206769,21.07,379.2,9.85,0.2,160.86,14.58,26.31,NVIDIA A100-SXM4-80GB,89faf2fe4e118b2d,7b1f70985555,1,temporal,train,all,0.7,0.15,0.15,C,noise_curve_c_s14_BPI_Challenge_2012
BPI_Challenge_2012,lstm,gll,0.5,3,0.83265,0.532724,0.975561,0.002366,0.324824,0.000173,0.095341,0.491514,0.317584,0.172732,2.7e-05,2.7e-05,0.0,0.999227,3682,5|6|7,13,93093,0.206769,48.19,867.41,9.85,0.2,160.86,14.58,26.31,NVIDIA A100-SXM4-80GB,89faf2fe4e118b2d,7b1f70985555,1,temporal,train,all,0.7,0.15,0.15,C,noise_curve_c_s14_BPI_Challenge_2012
BPI_Challenge_2012,lstm,baseline,0.6,3,0.812886,0.470572,0.958278,0.00453,0.433848,0.001443,0.162331,0.480943,0.328148,0.154807,2.7e-05,2.7e-05,0.0,0.999227,3682,5|6|7,5,111712,0.166812,22.58,225.81,9.85,0.2,160.86,14.58,26.31,NVIDIA A100-SXM4-80GB,89faf2fe4e118b2d,7b1f70985555,1,temporal,train,all,0.7,0.15,0.15,C,noise_curve_c_s14_BPI_Challenge_2012
BPI_Challenge_2012,lstm,checker,0.6,3,0.828524,0.516094,0.972185,0.002683,0.341409,0.000231,0.131146,0.481753,0.329176,0.153992,2.7e-05,2.7e-05,0.0,0.999294,3682,5|6|7,13,111712,0.166812,18.8,338.35,9.85,0.2,160.86,14.58,26.31,NVIDIA A100-SXM4-80GB,89faf2fe4e118b2d,7b1f70985555,1,temporal,train,all,0.7,0.15,0.15,C,noise_curve_c_s14_BPI_Challenge_2012
BPI_Challenge_2012,lstm,checker_net,0.6,3,0.808818,0.463971,0.957989,0.004068,0.40105,0.000808,0.123531,0.488186,0.314433,0.172189,2.7e-05,0.0,0.0,0.999247,3682,5|6|7,5,111712,0.166812,22.73,227.34,9.85,0.2,160.86,14.58,26.31,NVIDIA A100-SXM4-80GB,89faf2fe4e118b2d,7b1f70985555,1,temporal,train,all,0.7,0.15,0.15,C,noise_curve_c_s14_BPI_Challenge_2012
BPI_Challenge_2012,lstm,checker_net_state,0.6,3,0.812742,0.469164,0.959778,0.004761,0.418401,0.000837,0.147766,0.480385,0.328351,0.154807,2.7e-05,0.0,0.0,0.999247,3682,5|6|7,5,111712,0.166812,20.31,203.08,9.85,0.2,160.86,14.58,26.31,NVIDIA A100-SXM4-80GB,89faf2fe4e118b2d,7b1f70985555,1,temporal,train,all,0.7,0.15,0.15,C,noise_curve_c_s14_BPI_Challenge_2012
BPI_Challenge_2012,lstm,marking,0.6,3,0.824168,0.478251,0.966357,0.005511,0.436362,0.000721,0.162083,0.486272,0.317205,0.170559,2.7e-05,2.7e-05,0.0,0.999227,3682,5|6|7,12,111712,0.166812,21.33,362.67,9.85,0.2,160.86,14.58,26.31,NVIDIA A100-SXM4-80GB,89faf2fe4e118b2d,7b1f70985555,1,temporal,train,all,0.7,0.15,0.15,C,noise_curve_c_s14_BPI_Challenge_2012
BPI_Challenge_2012,lstm,gnn,0.6,3,0.814848,0.462598,0.969415,0.004934,0.428907,0.000923,0.162283,0.481271,0.315988,0.151005,2.7e-05,2.7e-05,0.0,0.999227,3682,5|6|7,7,111712,0.166812,21.32,255.88,9.85,0.2,160.86,14.58,26.31,NVIDIA A100-SXM4-80GB,89faf2fe4e118b2d,7b1f70985555,1,temporal,train,all,0.7,0.15,0.15,C,noise_curve_c_s14_BPI_Challenge_2012
BPI_Challenge_2012,lstm,seq,0.6,3,0.808904,0.453864,0.95848,0.005165,0.427037,0.001414,0.164535,0.487029,0.314216,0.170016,2.7e-05,2.7e-05,0.0,0.999227,3682,5|6|7,5,111712,0.166812,68.17,681.66,9.85,0.2,160.86,14.58,26.31,NVIDIA A100-SXM4-80GB,89faf2fe4e118b2d,7b1f70985555,1,temporal,train,all,0.7,0.15,0.15,C,noise_curve_c_s14_BPI_Challenge_2012
BPI_Challenge_2012,lstm,lll,0.6,3,0.817214,0.456109,0.960067,0.005655,0.296938,0.0,0.000241,0.478233,0.326931,0.15182,2.7e-05,0.0,0.0,0.999314,3682,5|6|7,13,111712,0.166812,21.74,391.37,9.85,0.2,160.86,14.58,26.31,NVIDIA A100-SXM4-80GB,89faf2fe4e118b2d,7b1f70985555,1,temporal,train,all,0.7,0.15,0.15,C,noise_curve_c_s14_BPI_Challenge_2012
BPI_Challenge_2012,lstm,gll,0.6,3,0.820561,0.475359,0.962519,0.003491,0.377404,5.8e-05,0.106406,0.487413,0.326444,0.150462,2.7e-05,0.0,0.0,0.999247,3682,5|6|7,13,111712,0.166812,48.41,871.35,9.85,0.2,160.86,14.58,26.31,NVIDIA A100-SXM4-80GB,89faf2fe4e118b2d,7b1f70985555,1,temporal,train,all,0.7,0.15,0.15,C,noise_curve_c_s14_BPI_Challenge_2012
BPI_Challenge_2012,lstm,baseline,0.7,3,0.785677,0.412109,0.944111,0.017803,0.512963,0.014571,0.193734,0.479188,0.328243,0.154807,4.1e-05,0.0,0.0,0.999247,3682,5|6|7,7,130330,0.149236,20.5,246.05,9.85,0.2,160.86,14.58,26.31,NVIDIA A100-SXM4-80GB,89faf2fe4e118b2d,7b1f70985555,1,temporal,train,all,0.7,0.15,0.15,C,noise_curve_c_s14_BPI_Challenge_2012
BPI_Challenge_2012,lstm,checker,0.7,3,0.795372,0.41698,0.953777,0.003174,0.403593,0.000779,0.154929,0.479962,0.328324,0.15535,0.0,0.0,0.0,0.999247,3682,5|6|7,7,130330,0.149236,19.03,228.41,9.85,0.2,160.86,14.58,26.31,NVIDIA A100-SXM4-80GB,89faf2fe4e118b2d,7b1f70985555,1,temporal,train,all,0.7,0.15,0.15,C,noise_curve_c_s14_BPI_Challenge_2012
BPI_Challenge_2012,lstm,checker_net,0.7,3,0.797651,0.41933,0.943534,0.004011,0.481737,0.000692,0.149187,0.479817,0.328229,0.154807,2.7e-05,0.0,0.0,0.999247,3682,5|6|7,7,130330,0.149236,19.18,230.19,9.85,0.2,160.86,14.58,26.31,NVIDIA A100-SXM4-80GB,89faf2fe4e118b2d,7b1f70985555,1,temporal,train,all,0.7,0.15,0.15,C,noise_curve_c_s14_BPI_Challenge_2012
BPI_Challenge_2012,lstm,checker_net_state,0.7,3,0.784263,0.411455,0.9444,0.017658,0.502239,0.014369,0.179626,0.47919,0.328243,0.154807,4.1e-05,0.0,0.0,0.999247,3682,5|6|7,7,130330,0.149236,23.22,278.65,9.85,0.2,160.86,14.58,26.31,NVIDIA A100-SXM4-80GB,89faf2fe4e118b2d,7b1f70985555,1,temporal,train,all,0.7,0.15,0.15,C,noise_curve_c_s14_BPI_Challenge_2012
BPI_Challenge_2012,lstm,marking,0.7,3,0.797132,0.414757,0.954614,0.00502,0.520437,0.001356,0.200482,0.450791,0.299608,0.149647,2.7e-05,2.7e-05,0.0,0.995826,3682,5|6|7,13,130330,0.149236,21.54,387.67,9.85,0.2,160.86,14.58,26.31,NVIDIA A100-SXM4-80GB,89faf2fe4e118b2d,7b1f70985555,1,temporal,train,all,0.7,0.15,0.15,C,noise_curve_c_s14_BPI_Challenge_2012
BPI_Challenge_2012,lstm,gnn,0.7,3,0.776935,0.388301,0.927318,0.017716,0.503121,0.014571,0.186988,0.447973,0.298282,0.146931,0.001299,0.001285,0.0,0.994555,3682,5|6|7,7,130330,0.149236,22.6,271.25,9.85,0.2,160.86,14.58,26.31,NVIDIA A100-SXM4-80GB,89faf2fe4e118b2d,7b1f70985555,1,temporal,train,all,0.7,0.15,0.15,C,noise_curve_c_s14_BPI_Challenge_2012
BPI_Challenge_2012,lstm,seq,0.7,3,0.77604,0.407418,0.943707,0.017543,0.518375,0.014484,0.189191,0.479286,0.328351,0.154807,2.7e-05,2.7e-05,0.0,0.999227,3682,5|6|7,9,130330,0.149236,68.94,965.17,9.85,0.2,160.86,14.58,26.31,NVIDIA A100-SXM4-80GB,89faf2fe4e118b2d,7b1f70985555,1,temporal,train,all,0.7,0.15,0.15,C,noise_curve_c_s14_BPI_Challenge_2012
BPI_Challenge_2012,lstm,lll,0.7,3,0.765451,0.397627,0.926857,0.003174,0.363508,0.0,0.000213,0.449307,0.286095,0.146388,2.7e-05,0.0,0.0,0.995846,3682,5|6|7,12,130330,0.149236,22.13,376.26,9.85,0.2,160.86,14.58,26.31,NVIDIA A100-SXM4-80GB,89faf2fe4e118b2d,7b1f70985555,1,temporal,train,all,0.7,0.15,0.15,C,noise_curve_c_s14_BPI_Challenge_2012
BPI_Challenge_2012,lstm,gll,0.7,3,0.795516,0.413931,0.940447,0.003203,0.448167,8.7e-05,0.12601,0.480342,0.316029,0.151005,2.7e-05,0.0,0.0,0.999247,3682,5|6|7,7,130330,0.149236,48.63,583.51,9.85,0.2,160.86,14.58,26.31,NVIDIA A100-SXM4-80GB,89faf2fe4e118b2d,7b1f70985555,1,temporal,train,all,0.7,0.15,0.15,C,noise_curve_c_s14_BPI_Challenge_2012
BPI_Challenge_2012,lstm,baseline,0.8,3,0.701858,0.335468,0.915402,0.064834,0.592727,0.024583,0.225106,0.428578,0.275314,0.138512,0.012782,0.001285,0.0,0.994555,3682,5|6|7,12,148949,0.137336,22.44,381.5,9.85,0.2,160.86,14.58,26.31,NVIDIA A100-SXM4-80GB,89faf2fe4e118b2d,7b1f70985555,1,temporal,train,all,0.7,0.15,0.15,C,noise_curve_c_s14_BPI_Challenge_2012
BPI_Challenge_2012,lstm,checker,0.8,3,0.744936,0.39183,0.925991,0.009031,0.485088,0.003434,0.189554,0.479949,0.315149,0.151548,1.4e-05,0.0,0.0,0.999247,3682,5|6|7,17,148949,0.137336,20.92,460.28,9.85,0.2,160.86,14.58,26.31,NVIDIA A100-SXM4-80GB,89faf2fe4e118b2d,7b1f70985555,1,temporal,train,all,0.7,0.15,0.15,C,noise_curve_c_s14_BPI_Challenge_2012
BPI_Challenge_2012,lstm,checker_net,0.8,3,0.71666,0.327616,0.891742,0.04403,0.555028,0.007964,0.172163,0.483897,0.324902,0.141771,0.004626,2.7e-05,0.0,0.999232,3682,5|6|7,21,148949,0.137336,20.72,538.59,9.85,0.2,160.86,14.58,26.31,NVIDIA A100-SXM4-80GB,89faf2fe4e118b2d,7b1f70985555,1,temporal,train,all,0.7,0.15,0.15,C,noise_curve_c_s14_BPI_Challenge_2012
BPI_Challenge_2012,lstm,checker_net_state,0.8,3,0.702089,0.32303,0.902418,0.055831,0.584666,0.023631,0.213929,0.455875,0.29601,0.143672,0.001258,0.001258,0.0,0.994575,3682,5|6|7,10,148949,0.137336,20.23,303.48,9.85,0.2,160.86,14.58,26.31,NVIDIA A100-SXM4-80GB,89faf2fe4e118b2d,7b1f70985555,1,temporal,train,all,0.7,0.15,0.15,C,noise_curve_c_s14_BPI_Challenge_2012
BPI_Challenge_2012,lstm,marking,0.8,3,0.711611,0.343223,0.909314,0.053148,0.590016,0.025651,0.217895,0.457006,0.295996,0.143129,0.001285,0.001285,0.0,0.994555,3682,5|6|7,17,148949,0.137336,23.23,511.06,9.85,0.2,160.86,14.58,26.31,NVIDIA A100-SXM4-80GB,89faf2fe4e118b2d,7b1f70985555,1,temporal,train,all,0.7,0.15,0.15,C,noise_curve_c_s14_BPI_Challenge_2012
BPI_Challenge_2012,lstm,gnn,0.8,3,0.712678,0.34392,0.906717,0.051734,0.594318,0.025506,0.222789,0.447753,0.298066,0.146931,0.001285,0.001285,0.0,0.994555,3682,5|6|7,10,148949,0.137336,23.65,354.79,9.85,0.2,160.86,14.58,26.31,NVIDIA A100-SXM4-80GB,89faf2fe4e118b2d,7b1f70985555,1,temporal,train,all,0.7,0.15,0.15,C,noise_curve_c_s14_BPI_Challenge_2012
BPI_Challenge_2012,lstm,seq,0.8,3,0.71539,0.360838,0.901841,0.043309,0.590755,0.024641,0.216797,0.464366,0.296104,0.164856,0.001637,0.001258,0.0,0.994575,3682,5|6|7,18,148949,0.137336,68.26,1570.02,9.85,0.2,160.86,14.58,26.31,NVIDIA A100-SXM4-80GB,89faf2fe4e118b2d,7b1f70985555,1,temporal,train,all,0.7,0.15,0.15,C,noise_curve_c_s14_BPI_Challenge_2012
BPI_Challenge_2012,lstm,lll,0.8,3,0.653702,0.280801,0.851925,0.068065,0.442766,0.0,0.000361,0.405195,0.248762,0.127376,0.002935,0.0,0.0,0.992462,3682,5|6|7,4,148949,0.137336,24.69,222.18,9.85,0.2,160.86,14.58,26.31,NVIDIA A100-SXM4-80GB,89faf2fe4e118b2d,7b1f70985555,1,temporal,train,all,0.7,0.15,0.15,C,noise_curve_c_s14_BPI_Challenge_2012
BPI_Challenge_2012,lstm,gll,0.8,3,0.730134,0.35357,0.899273,0.035778,0.505634,0.000375,0.138212,0.456446,0.296524,0.145301,0.002516,0.0,0.0,0.995846,3682,5|6|7,17,148949,0.137336,48.06,1057.31,9.85,0.2,160.86,14.58,26.31,NVIDIA A100-SXM4-80GB,89faf2fe4e118b2d,7b1f70985555,1,temporal,train,all,0.7,0.15,0.15,C,noise_curve_c_s14_BPI_Challenge_2012
BPI_Challenge_2012,lstm,baseline,0.0,4,0.856397,0.676315,0.984188,0.0,0.000388,0.0,6.3e-05,0.484902,0.32942,0.15535,0.0,0.0,0.0,0.999247,3682,5|6|7,11,0,1.0,25.7,411.25,9.85,0.2,160.86,14.58,26.31,NVIDIA A100-SXM4-80GB,89faf2fe4e118b2d,7b1f70985555,1,temporal,train,all,0.7,0.15,0.15,C,noise_curve_c_s14_BPI_Challenge_2012
BPI_Challenge_2012,lstm,checker,0.0,4,0.85204,0.652703,0.984275,0.0,0.000251,0.0,3.1e-05,0.485021,0.329569,0.15535,0.0,0.0,0.0,0.999247,3682,5|6|7,11,0,1.0,24.69,395.03,9.85,0.2,160.86,14.58,26.31,NVIDIA A100-SXM4-80GB,89faf2fe4e118b2d,7b1f70985555,1,temporal,train,all,0.7,0.15,0.15,C,noise_curve_c_s14_BPI_Challenge_2012
BPI_Challenge_2012,lstm,checker_net,0.0,4,0.855704,0.675421,0.984217,0.0,0.00037,0.0,3e-05,0.49112,0.318707,0.172732,0.0,0.0,0.0,0.999247,3682,5|6|7,11,0,1.0,23.91,382.56,9.85,0.2,160.86,14.58,26.31,NVIDIA A100-SXM4-80GB,89faf2fe4e118b2d,7b1f70985555,1,temporal,train,all,0.7,0.15,0.15,C,noise_curve_c_s14_BPI_Challenge_2012
BPI_Challenge_2012,lstm,checker_net_state,0.0,4,0.855675,0.675196,0.984188,0.0,0.000371,0.0,2.5e-05,0.491472,0.317909,0.171103,0.0,0.0,0.0,0.999247,3682,5|6|7,11,0,1.0,21.81,349.02,9.85,0.2,160.86,14.58,26.31,NVIDIA A100-SXM4-80GB,89faf2fe4e118b2d,7b1f70985555,1,temporal,train,all,0.7,0.15,0.15,C,noise_curve_c_s14_BPI_Challenge_2012
BPI_Challenge_2012,lstm,marking,0.0,4,0.851521,0.648882,0.98439,0.0,0.00026,0.0,3.8e-05,0.491762,0.317327,0.175448,0.0,0.0,0.0,0.999247,3682,5|6|7,27,0,1.0,22.78,728.97,9.85,0.2,160.86,14.58,26.31,NVIDIA A100-SXM4-80GB,89faf2fe4e118b2d,7b1f70985555,1,temporal,train,all,0.7,0.15,0.15,C,noise_curve_c_s14_BPI_Challenge_2012
BPI_Challenge_2012,lstm,gnn,0.0,4,0.852011,0.650103,0.983871,0.0,0.000564,0.0,5.5e-05,0.48536,0.329541,0.157523,0.0,0.0,0.0,0.999247,3682,5|6|7,8,0,1.0,24.25,315.3,9.85,0.2,160.86,14.58,26.31,NVIDIA A100-SXM4-80GB,89faf2fe4e118b2d,7b1f70985555,1,temporal,train,all,0.7,0.15,0.15,C,noise_curve_c_s14_BPI_Challenge_2012
BPI_Challenge_2012,lstm,seq,0.0,4,0.856281,0.660252,0.984304,0.0,0.000487,0.0,3.9e-05,0.485532,0.331029,0.158066,0.0,0.0,0.0,0.999247,3682,5|6|7,9,0,1.0,67.88,950.33,9.85,0.2,160.86,14.58,26.31,NVIDIA A100-SXM4-80GB,89faf2fe4e118b2d,7b1f70985555,1,temporal,train,all,0.7,0.15,0.15,C,noise_curve_c_s14_BPI_Challenge_2012
BPI_Challenge_2012,lstm,lll,0.0,4,0.853396,0.653503,0.983871,0.0,0.000654,0.0,3.5e-05,0.485055,0.330164,0.158066,0.0,0.0,0.0,0.999247,3682,5|6|7,20,0,1.0,20.89,522.35,9.85,0.2,160.86,14.58,26.31,NVIDIA A100-SXM4-80GB,89faf2fe4e118b2d,7b1f70985555,1,temporal,train,all,0.7,0.15,0.15,C,noise_curve_c_s14_BPI_Challenge_2012
BPI_Challenge_2012,lstm,gll,0.0,4,0.852155,0.653174,0.983929,0.0,0.000465,0.0,2e-05,0.491981,0.318004,0.173275,0.0,0.0,0.0,0.999247,3682,5|6|7,11,0,1.0,48.09,769.4,9.85,0.2,160.86,14.58,26.31,NVIDIA A100-SXM4-80GB,89faf2fe4e118b2d,7b1f70985555,1,temporal,train,all,0.7,0.15,0.15,C,noise_curve_c_s14_BPI_Challenge_2012
BPI_Challenge_2012,lstm,baseline,0.1,4,0.855762,0.660253,0.983986,5.8e-05,0.064368,0.0,0.022621,0.499815,0.329866,0.172732,0.0,0.0,0.0,0.999247,3682,5|6|7,13,18619,0.730677,20.18,363.18,9.85,0.2,160.86,14.58,26.31,NVIDIA A100-SXM4-80GB,89faf2fe4e118b2d,7b1f70985555,1,temporal,train,all,0.7,0.15,0.15,C,noise_curve_c_s14_BPI_Challenge_2012
BPI_Challenge_2012,lstm,checker,0.1,4,0.855272,0.656448,0.9839,5.8e-05,0.044325,0.0,0.01532,0.485086,0.330583,0.158066,0.0,0.0,0.0,0.999247,3682,5|6|7,13,18619,0.730677,22.07,397.34,9.85,0.2,160.86,14.58,26.31,NVIDIA A100-SXM4-80GB,89faf2fe4e118b2d,7b1f70985555,1,temporal,train,all,0.7,0.15,0.15,C,noise_curve_c_s14_BPI_Challenge_2012
BPI_Challenge_2012,lstm,checker_net,0.1,4,0.855647,0.659917,0.983438,0.000231,0.057335,0.0,0.015217,0.491598,0.317544,0.171103,0.0,0.0,0.0,0.999247,3682,5|6|7,13,18619,0.730677,22.62,407.25,9.85,0.2,160.86,14.58,26.31,NVIDIA A100-SXM4-80GB,89faf2fe4e118b2d,7b1f70985555,1,temporal,train,all,0.7,0.15,0.15,C,noise_curve_c_s14_BPI_Challenge_2012
BPI_Challenge_2012,lstm,checker_net_state,0.1,4,0.855675,0.659702,0.983813,2.9e-05,0.058119,0.0,0.017464,0.49989,0.329677,0.173819,0.0,0.0,0.0,0.999247,3682,5|6|7,13,18619,0.730677,21.95,395.17,9.85,0.2,160.86,14.58,26.31,NVIDIA A100-SXM4-80GB,89faf2fe4e118b2d,7b1f70985555,1,temporal,train,all,0.7,0.15,0.15,C,noise_curve_c_s14_BPI_Challenge_2012
BPI_Challenge_2012,lstm,marking,0.1,4,0.849559,0.637775,0.983698,0.000115,0.063691,0.0,0.02399,0.499597,0.327918,0.171646,0.0,0.0,0.0,0.999247,3682,5|6|7,8,18619,0.730677,21.86,284.14,9.85,0.2,160.86,14.58,26.31,NVIDIA A100-SXM4-80GB,89faf2fe4e118b2d,7b1f70985555,1,temporal,train,all,0.7,0.15,0.15,C,noise_curve_c_s14_BPI_Challenge_2012
BPI_Challenge_2012,lstm,gnn,0.1,4,0.848924,0.6375,0.983929,5.8e-05,0.066543,0.0,0.027423,0.499957,0.329176,0.173819,0.0,0.0,0.0,0.999247,3682,5|6|7,10,18619,0.730677,21.44,321.63,9.85,0.2,160.86,14.58,26.31,NVIDIA A100-SXM4-80GB,89faf2fe4e118b2d,7b1f70985555,1,temporal,train,all,0.7,0.15,0.15,C,noise_curve_c_s14_BPI_Challenge_2012
BPI_Challenge_2012,lstm,seq,0.1,4,0.856512,0.659616,0.984073,5.8e-05,0.062084,0.0,0.023221,0.484946,0.330786,0.155894,0.0,0.0,0.0,0.999247,3682,5|6|7,9,18619,0.730677,68.91,964.77,9.85,0.2,160.86,14.58,26.31,NVIDIA A100-SXM4-80GB,89faf2fe4e118b2d,7b1f70985555,1,temporal,train,all,0.7,0.15,0.15,C,noise_curve_c_s14_BPI_Challenge_2012
BPI_Challenge_2012,lstm,lll,0.1,4,0.850568,0.644886,0.983842,2.9e-05,0.04029,0.0,0.000169,0.491461,0.31799,0.171103,0.0,0.0,0.0,0.999247,3682,5|6|7,11,18619,0.730677,21.96,351.41,9.85,0.2,160.86,14.58,26.31,NVIDIA A100-SXM4-80GB,89faf2fe4e118b2d,7b1f70985555,1,temporal,train,all,0.7,0.15,0.15,C,noise_curve_c_s14_BPI_Challenge_2012
BPI_Challenge_2012,lstm,gll,0.1,4,0.851174,0.647579,0.983871,5.8e-05,0.05443,0.0,0.012757,0.491416,0.317084,0.171103,0.0,0.0,0.0,0.999247,3682,5|6|7,11,18619,0.730677,48.27,772.37,9.85,0.2,160.86,14.58,26.31,NVIDIA A100-SXM4-80GB,89faf2fe4e118b2d,7b1f70985555,1,temporal,train,all,0.7,0.15,0.15,C,noise_curve_c_s14_BPI_Challenge_2012
BPI_Challenge_2012,lstm,baseline,0.2,4,0.84878,0.637703,0.983467,0.000721,0.139151,0.000115,0.049361,0.491205,0.317895,0.172732,2.7e-05,2.7e-05,0.0,0.999227,3682,5|6|7,11,37237,0.536463,23.66,378.63,9.85,0.2,160.86,14.58,26.31,NVIDIA A100-SXM4-80GB,89faf2fe4e118b2d,7b1f70985555,1,temporal,train,all,0.7,0.15,0.15,C,noise_curve_c_s14_BPI_Challenge_2012
BPI_Challenge_2012,lstm,checker,0.2,4,0.849703,0.641319,0.983698,0.000231,0.096378,2.9e-05,0.034503,0.499691,0.327688,0.173819,0.0,0.0,0.0,0.999247,3682,5|6|7,11,37237,0.536463,21.7,347.19,9.85,0.2,160.86,14.58,26.31,NVIDIA A100-SXM4-80GB,89faf2fe4e118b2d,7b1f70985555,1,temporal,train,all,0.7,0.15,0.15,C,noise_curve_c_s14_BPI_Challenge_2012
BPI_Challenge_2012,lstm,checker_net,0.2,4,0.849126,0.640207,0.983438,0.000635,0.123281,2.9e-05,0.034289,0.491748,0.317922,0.173275,0.0,0.0,0.0,0.999247,3682,5|6|7,11,37237,0.536463,20.06,320.93,9.85,0.2,160.86,14.58,26.31,NVIDIA A100-SXM4-80GB,89faf2fe4e118b2d,7b1f70985555,1,temporal,train,all,0.7,0.15,0.15,C,noise_curve_c_s14_BPI_Challenge_2012
BPI_Challenge_2012,lstm,checker_net_state,0.2,4,0.848635,0.63685,0.983265,0.000779,0.128684,0.000173,0.040352,0.491726,0.317733,0.172732,0.001082,2.7e-05,0.0,0.999227,3682,5|6|7,11,37237,0.536463,19.67,314.8,9.85,0.2,160.86,14.58,26.31,NVIDIA A100-SXM4-80GB,89faf2fe4e118b2d,7b1f70985555,1,temporal,train,all,0.7,0.15,0.15,C,noise_curve_c_s14_BPI_Challenge_2012
BPI_Challenge_2012,lstm,marking,0.2,4,0.853858,0.649358,0.982544,0.00075,0.142249,0.000144,0.053996,0.484265,0.330678,0.15535,2.7e-05,2.7e-05,0.0,0.999227,3682,5|6|7,7,37237,0.536463,21.32,255.82,9.85,0.2,160.86,14.58,26.31,NVIDIA A100-SXM4-80GB,89faf2fe4e118b2d,7b1f70985555,1,temporal,train,all,0.7,0.15,0.15,C,noise_curve_c_s14_BPI_Challenge_2012
BPI_Challenge_2012,lstm,gnn,0.2,4,0.847221,0.633877,0.983121,0.000491,0.133966,2.9e-05,0.051804,0.485623,0.330705,0.158066,0.0,0.0,0.0,0.999247,3682,5|6|7,13,37237,0.536463,21.48,386.64,9.85,0.2,160.86,14.58,26.31,NVIDIA A100-SXM4-80GB,89faf2fe4e118b2d,7b1f70985555,1,temporal,train,all,0.7,0.15,0.15,C,noise_curve_c_s14_BPI_Challenge_2012
BPI_Challenge_2012,lstm,seq,0.2,4,0.85354,0.650296,0.982544,0.000692,0.135751,5.8e-05,0.050479,0.484808,0.330705,0.155894,0.0,0.0,0.0,0.999247,3682,5|6|7,7,37237,0.536463,68.59,823.03,9.85,0.2,160.86,14.58,26.31,NVIDIA A100-SXM4-80GB,89faf2fe4e118b2d,7b1f70985555,1,temporal,train,all,0.7,0.15,0.15,C,noise_curve_c_s14_BPI_Challenge_2012
BPI_Challenge_2012,lstm,lll,0.2,4,0.850049,0.639355,0.982803,0.000606,0.084698,0.0,0.000262,0.484724,0.330583,0.155894,0.0,0.0,0.0,0.999247,3682,5|6|7,9,37237,0.536463,20.6,288.37,9.85,0.2,160.86,14.58,26.31,NVIDIA A100-SXM4-80GB,89faf2fe4e118b2d,7b1f70985555,1,temporal,train,all,0.7,0.15,0.15,C,noise_curve_c_s14_BPI_Challenge_2012
BPI_Challenge_2012,lstm,gll,0.2,4,0.852934,0.648234,0.982977,0.001241,0.116779,0.0,0.028908,0.484808,0.330705,0.155894,0.0,0.0,0.0,0.999247,3682,5|6|7,9,37237,0.536463,47.91,670.8,9.85,0.2,160.86,14.58,26.31,NVIDIA A100-SXM4-80GB,89faf2fe4e118b2d,7b1f70985555,1,temporal,train,all,0.7,0.15,0.15,C,noise_curve_c_s14_BPI_Challenge_2012
BPI_Challenge_2012,lstm,baseline,0.3,4,0.852155,0.638881,0.982082,0.000923,0.212388,0.000202,0.082908,0.484279,0.330218,0.157523,2.7e-05,2.7e-05,0.0,0.999227,3682,5|6|7,9,55856,0.384716,18.71,261.95,9.85,0.2,160.86,14.58,26.31,NVIDIA A100-SXM4-80GB,89faf2fe4e118b2d,7b1f70985555,1,temporal,train,all,0.7,0.15,0.15,C,noise_curve_c_s14_BPI_Challenge_2012
BPI_Challenge_2012,lstm,checker,0.3,4,0.848029,0.630668,0.983063,0.000289,0.148126,2.9e-05,0.054396,0.492771,0.318152,0.176534,0.0,0.0,0.0,0.999247,3682,5|6|7,14,55856,0.384716,19.73,374.8,9.85,0.2,160.86,14.58,26.31,NVIDIA A100-SXM4-80GB,89faf2fe4e118b2d,7b1f70985555,1,temporal,train,all,0.7,0.15,0.15,C,noise_curve_c_s14_BPI_Challenge_2012
BPI_Challenge_2012,lstm,checker_net,0.3,4,0.851549,0.639744,0.982601,0.001731,0.191408,0.000173,0.06045,0.484274,0.330678,0.15535,2.7e-05,2.7e-05,0.0,0.999227,3682,5|6|7,9,55856,0.384716,19.23,269.2,9.85,0.2,160.86,14.58,26.31,NVIDIA A100-SXM4-80GB,89faf2fe4e118b2d,7b1f70985555,1,temporal,train,all,0.7,0.15,0.15,C,noise_curve_c_s14_BPI_Challenge_2012
BPI_Challenge_2012,lstm,checker_net_state,0.3,4,0.851607,0.636641,0.982399,0.000952,0.200531,0.000173,0.071089,0.484432,0.330772,0.15535,2.7e-05,2.7e-05,0.0,0.999227,3682,5|6|7,9,55856,0.384716,23.29,326.02,9.85,0.2,160.86,14.58,26.31,NVIDIA A100-SXM4-80GB,89faf2fe4e118b2d,7b1f70985555,1,temporal,train,all,0.7,0.15,0.15,C,noise_curve_c_s14_BPI_Challenge_2012
BPI_Challenge_2012,lstm,marking,0.3,4,0.83366,0.59775,0.979543,0.001991,0.204426,0.000173,0.07172,0.494064,0.335087,0.164041,2.7e-05,2.7e-05,0.0,0.996543,3682,5|6|7,3,55856,0.384716,21.14,169.1,9.85,0.2,160.86,14.58,26.31,NVIDIA A100-SXM4-80GB,89faf2fe4e118b2d,7b1f70985555,1,temporal,train,all,0.7,0.15,0.15,C,noise_curve_c_s14_BPI_Challenge_2012
BPI_Challenge_2012,lstm,gnn,0.3,4,0.846183,0.621054,0.98214,0.001414,0.211801,0.000202,0.081415,0.491338,0.317909,0.172732,2.7e-05,2.7e-05,0.0,0.999227,3682,5|6|7,9,55856,0.384716,23.15,324.1,9.85,0.2,160.86,14.58,26.31,NVIDIA A100-SXM4-80GB,89faf2fe4e118b2d,7b1f70985555,1,temporal,train,all,0.7,0.15,0.15,C,noise_curve_c_s14_BPI_Challenge_2012
BPI_Challenge_2012,lstm,seq,0.3,4,0.847625,0.628329,0.981765,0.001356,0.209643,0.000231,0.080184,0.490909,0.317949,0.170559,2.7e-05,2.7e-05,0.0,0.999227,3682,5|6|7,5,55856,0.384716,69.01,690.11,9.85,0.2,160.86,14.58,26.31,NVIDIA A100-SXM4-80GB,89faf2fe4e118b2d,7b1f70985555,1,temporal,train,all,0.7,0.15,0.15,C,noise_curve_c_s14_BPI_Challenge_2012
BPI_Challenge_2012,lstm,lll,0.3,4,0.845029,0.622769,0.981938,0.001789,0.136119,0.0,0.000153,0.491386,0.317976,0.172732,2.7e-05,0.0,0.0,0.999247,3682,5|6|7,14,55856,0.384716,21.56,409.69,9.85,0.2,160.86,14.58,26.31,NVIDIA A100-SXM4-80GB,89faf2fe4e118b2d,7b1f70985555,1,temporal,train,all,0.7,0.15,0.15,C,noise_curve_c_s14_BPI_Challenge_2012
BPI_Challenge_2012,lstm,gll,0.3,4,0.849703,0.626107,0.980524,0.00202,0.186811,0.0,0.052381,0.484096,0.330394,0.15535,2.7e-05,0.0,0.0,0.999247,3682,5|6|7,9,55856,0.384716,48.26,675.61,9.85,0.2,160.86,14.58,26.31,NVIDIA A100-SXM4-80GB,89faf2fe4e118b2d,7b1f70985555,1,temporal,train,all,0.7,0.15,0.15,C,noise_curve_c_s14_BPI_Challenge_2012
BPI_Challenge_2012,lstm,baseline,0.4,4,0.849385,0.629868,0.980207,0.002135,0.285429,0.00026,0.109151,0.484206,0.330597,0.15535,2.7e-05,2.7e-05,0.0,0.999227,3682,5|6|7,13,74474,0.286463,17.82,320.79,9.85,0.2,160.86,14.58,26.31,NVIDIA A100-SXM4-80GB,89faf2fe4e118b2d,7b1f70985555,1,temporal,train,all,0.7,0.15,0.15,C,noise_curve_c_s14_BPI_Challenge_2012
BPI_Challenge_2012,lstm,checker,0.4,4,0.851203,0.638261,0.980957,0.000952,0.206682,0.000202,0.080143,0.484197,0.330583,0.15535,2.7e-05,2.7e-05,0.0,0.999227,3682,5|6|7,13,74474,0.286463,19.18,345.27,9.85,0.2,160.86,14.58,26.31,NVIDIA A100-SXM4-80GB,89faf2fe4e118b2d,7b1f70985555,1,temporal,train,all,0.7,0.15,0.15,C,noise_curve_c_s14_BPI_Challenge_2012
BPI_Challenge_2012,lstm,checker_net,0.4,4,0.849732,0.633096,0.980293,0.002135,0.260276,0.000231,0.080974,0.484049,0.33034,0.15535,2.7e-05,2.7e-05,0.0,0.999227,3682,5|6|7,13,74474,0.286463,20.09,361.65,9.85,0.2,160.86,14.58,26.31,NVIDIA A100-SXM4-80GB,89faf2fe4e118b2d,7b1f70985555,1,temporal,train,all,0.7,0.15,0.15,C,noise_curve_c_s14_BPI_Challenge_2012
BPI_Challenge_2012,lstm,checker_net_state,0.4,4,0.849645,0.632292,0.980639,0.001933,0.269641,0.000231,0.091199,0.484192,0.330569,0.15535,2.7e-05,2.7e-05,0.0,0.999227,3682,5|6|7,12,74474,0.286463,18.87,320.76,9.85,0.2,160.86,14.58,26.31,NVIDIA A100-SXM4-80GB,89faf2fe4e118b2d,7b1f70985555,1,temporal,train,all,0.7,0.15,0.15,C,noise_curve_c_s14_BPI_Challenge_2012
BPI_Challenge_2012,lstm,marking,0.4,4,0.843672,0.607826,0.981245,0.002077,0.287116,0.000115,0.10689,0.484425,0.329541,0.154807,2.7e-05,0.0,0.0,0.999247,3682,5|6|7,12,74474,0.286463,22.54,383.12,9.85,0.2,160.86,14.58,26.31,NVIDIA A100-SXM4-80GB,89faf2fe4e118b2d,7b1f70985555,1,temporal,train,all,0.7,0.15,0.15,C,noise_curve_c_s14_BPI_Challenge_2012
BPI_Challenge_2012,lstm,gnn,0.4,4,0.843615,0.59623,0.976975,0.002914,0.280772,0.000548,0.100567,0.491222,0.316462,0.172732,2.7e-05,2.7e-05,0.0,0.999227,3682,5|6|7,5,74474,0.286463,21.6,216.01,9.85,0.2,160.86,14.58,26.31,NVIDIA A100-SXM4-80GB,89faf2fe4e118b2d,7b1f70985555,1,temporal,train,all,0.7,0.15,0.15,C,noise_curve_c_s14_BPI_Challenge_2012
BPI_Challenge_2012,lstm,seq,0.4,4,0.844019,0.582063,0.980264,0.002106,0.272046,0.000173,0.101678,0.484171,0.330542,0.15535,2.7e-05,2.7e-05,0.0,0.999227,3682,5|6|7,7,74474,0.286463,67.31,807.67,9.85,0.2,160.86,14.58,26.31,NVIDIA A100-SXM4-80GB,89faf2fe4e118b2d,7b1f70985555,1,temporal,train,all,0.7,0.15,0.15,C,noise_curve_c_s14_BPI_Challenge_2012
BPI_Challenge_2012,lstm,lll,0.4,4,0.845981,0.610619,0.97862,0.002597,0.182437,0.0,0.000228,0.484142,0.330502,0.15535,2.7e-05,0.0,0.0,0.999247,3682,5|6|7,13,74474,0.286463,21.46,386.25,9.85,0.2,160.86,14.58,26.31,NVIDIA A100-SXM4-80GB,89faf2fe4e118b2d,7b1f70985555,1,temporal,train,all,0.7,0.15,0.15,C,noise_curve_c_s14_BPI_Challenge_2012
BPI_Challenge_2012,lstm,gll,0.4,4,0.849155,0.632,0.979428,0.002164,0.25532,0.000115,0.070317,0.484142,0.330502,0.15535,2.7e-05,2.7e-05,0.0,0.999227,3682,5|6|7,13,74474,0.286463,48.0,864.06,9.85,0.2,160.86,14.58,26.31,NVIDIA A100-SXM4-80GB,89faf2fe4e118b2d,7b1f70985555,1,temporal,train,all,0.7,0.15,0.15,C,noise_curve_c_s14_BPI_Challenge_2012
BPI_Challenge_2012,lstm,baseline,0.5,4,0.83366,0.540324,0.971608,0.002799,0.362206,0.000231,0.133802,0.500168,0.329122,0.172732,2.7e-05,2.7e-05,0.0,0.999227,3682,5|6|7,9,93093,0.208079,24.82,347.44,9.85,0.2,160.86,14.58,26.31,NVIDIA A100-SXM4-80GB,89faf2fe4e118b2d,7b1f70985555,1,temporal,train,all,0.7,0.15,0.15,C,noise_curve_c_s14_BPI_Challenge_2012
BPI_Challenge_2012,lstm,checker,0.5,4,0.836805,0.554477,0.978562,0.002077,0.270848,0.000173,0.100061,0.500302,0.329393,0.172732,2.7e-05,2.7e-05,0.0,0.999227,3682,5|6|7,15,93093,0.208079,21.86,437.11,9.85,0.2,160.86,14.58,26.31,NVIDIA A100-SXM4-80GB,89faf2fe4e118b2d,7b1f70985555,1,temporal,train,all,0.7,0.15,0.15,C,noise_curve_c_s14_BPI_Challenge_2012
BPI_Challenge_2012,lstm,checker_net,0.5,4,0.832477,0.532647,0.973397,0.002568,0.328765,0.000173,0.098207,0.490882,0.316664,0.172732,2.7e-05,2.7e-05,0.0,0.999227,3682,5|6|7,9,93093,0.208079,22.37,313.15,9.85,0.2,160.86,14.58,26.31,NVIDIA A100-SXM4-80GB,89faf2fe4e118b2d,7b1f70985555,1,temporal,train,all,0.7,0.15,0.15,C,noise_curve_c_s14_BPI_Challenge_2012
BPI_Challenge_2012,lstm,checker_net_state,0.5,4,0.83291,0.526038,0.972791,0.004068,0.341613,0.000202,0.116497,0.500245,0.329298,0.172732,2.7e-05,2.7e-05,0.0,0.999227,3682,5|6|7,9,93093,0.208079,23.12,323.67,9.85,0.2,160.86,14.58,26.31,NVIDIA A100-SXM4-80GB,89faf2fe4e118b2d,7b1f70985555,1,temporal,train,all,0.7,0.15,0.15,C,noise_curve_c_s14_BPI_Challenge_2012
BPI_Challenge_2012,lstm,marking,0.5,4,0.83242,0.510908,0.970945,0.005338,0.355315,0.000808,0.132985,0.484152,0.330448,0.15535,2.7e-05,2.7e-05,0.0,0.999227,3682,5|6|7,9,93093,0.208079,21.54,301.61,9.85,0.2,160.86,14.58,26.31,NVIDIA A100-SXM4-80GB,89faf2fe4e118b2d,7b1f70985555,1,temporal,train,all,0.7,0.15,0.15,C,noise_curve_c_s14_BPI_Challenge_2012
BPI_Challenge_2012,lstm,gnn,0.5,4,0.837498,0.557969,0.975965,0.003058,0.363681,0.000231,0.132968,0.490693,0.317625,0.170559,2.7e-05,2.7e-05,0.0,0.999227,3682,5|6|7,14,93093,0.208079,22.01,418.25,9.85,0.2,160.86,14.58,26.31,NVIDIA A100-SXM4-80GB,89faf2fe4e118b2d,7b1f70985555,1,temporal,train,all,0.7,0.15,0.15,C,noise_curve_c_s14_BPI_Challenge_2012
BPI_Challenge_2012,lstm,seq,0.5,4,0.835997,0.530933,0.971147,0.004415,0.361801,0.000202,0.134354,0.4844,0.317408,0.151548,2.7e-05,0.0,0.0,0.999247,3682,5|6|7,10,93093,0.208079,68.4,1026.01,9.85,0.2,160.86,14.58,26.31,NVIDIA A100-SXM4-80GB,89faf2fe4e118b2d,7b1f70985555,1,temporal,train,all,0.7,0.15,0.15,C,noise_curve_c_s14_BPI_Challenge_2012
BPI_Challenge_2012,lstm,lll,0.5,4,0.828063,0.478317,0.969271,0.004039,0.23676,0.0,0.00022,0.495256,0.326958,0.172189,4.1e-05,0.0,0.0,0.999247,3682,5|6|7,9,93093,0.208079,19.46,272.44,9.85,0.2,160.86,14.58,26.31,NVIDIA A100-SXM4-80GB,89faf2fe4e118b2d,7b1f70985555,1,temporal,train,all,0.7,0.15,0.15,C,noise_curve_c_s14_BPI_Challenge_2012
BPI_Challenge_2012,lstm,gll,0.5,4,0.832535,0.542139,0.973022,0.002943,0.318591,0.000231,0.082764,0.498296,0.327729,0.171917,2.7e-05,2.7e-05,0.0,0.999294,3682,5|6|7,9,93093,0.208079,48.4,677.63,9.85,0.2,160.86,14.58,26.31,NVIDIA A100-SXM4-80GB,89faf2fe4e118b2d,7b1f70985555,1,temporal,train,all,0.7,0.15,0.15,C,noise_curve_c_s14_BPI_Challenge_2012
BPI_Challenge_2012,lstm,baseline,0.6,4,0.819955,0.474119,0.966155,0.003722,0.428739,0.000952,0.156624,0.487188,0.316394,0.172189,2.7e-05,2.7e-05,0.0,0.999227,3682,5|6|7,6,111712,0.167467,23.39,257.31,9.85,0.2,160.86,14.58,26.31,NVIDIA A100-SXM4-80GB,89faf2fe4e118b2d,7b1f70985555,1,temporal,train,all,0.7,0.15,0.15,C,noise_curve_c_s14_BPI_Challenge_2012
BPI_Challenge_2012,lstm,checker,0.6,4,0.814617,0.435727,0.969704,0.002626,0.334416,0.000289,0.121726,0.480323,0.316002,0.151005,2.7e-05,2.7e-05,0.0,0.999227,3682,5|6|7,6,111712,0.167467,22.44,246.84,9.85,0.2,160.86,14.58,26.31,NVIDIA A100-SXM4-80GB,89faf2fe4e118b2d,7b1f70985555,1,temporal,train,all,0.7,0.15,0.15,C,noise_curve_c_s14_BPI_Challenge_2012
BPI_Challenge_2012,lstm,checker_net,0.6,4,0.817012,0.441245,0.965809,0.002741,0.399394,5.8e-05,0.115045,0.487329,0.31638,0.172189,2.7e-05,0.0,0.0,0.999247,3682,5|6|7,6,111712,0.167467,20.25,222.74,9.85,0.2,160.86,14.58,26.31,NVIDIA A100-SXM4-80GB,89faf2fe4e118b2d,7b1f70985555,1,temporal,train,all,0.7,0.15,0.15,C,noise_curve_c_s14_BPI_Challenge_2012
BPI_Challenge_2012,lstm,checker_net_state,0.6,4,0.815973,0.448065,0.964366,0.003722,0.411508,0.000894,0.142062,0.480676,0.316002,0.151005,2.7e-05,0.0,0.0,0.999247,3682,5|6|7,6,111712,0.167467,18.22,200.39,9.85,0.2,160.86,14.58,26.31,NVIDIA A100-SXM4-80GB,89faf2fe4e118b2d,7b1f70985555,1,temporal,train,all,0.7,0.15,0.15,C,noise_curve_c_s14_BPI_Challenge_2012
BPI_Challenge_2012,lstm,marking,0.6,4,0.817878,0.482452,0.968608,0.005453,0.433327,0.001154,0.164342,0.480342,0.316029,0.151005,2.7e-05,2.7e-05,0.0,0.999227,3682,5|6|7,9,111712,0.167467,21.28,297.93,9.85,0.2,160.86,14.58,26.31,NVIDIA A100-SXM4-80GB,89faf2fe4e118b2d,7b1f70985555,1,temporal,train,all,0.7,0.15,0.15,C,noise_curve_c_s14_BPI_Challenge_2012
BPI_Challenge_2012,lstm,gnn,0.6,4,0.818945,0.476474,0.962606,0.006203,0.428364,0.000692,0.164001,0.49181,0.320939,0.172189,2.7e-05,2.7e-05,0.0,0.999227,3682,5|6|7,4,111712,0.167467,21.32,191.92,9.85,0.2,160.86,14.58,26.31,NVIDIA A100-SXM4-80GB,89faf2fe4e118b2d,7b1f70985555,1,temporal,train,all,0.7,0.15,0.15,C,noise_curve_c_s14_BPI_Challenge_2012
BPI_Challenge_2012,lstm,seq,0.6,4,0.815367,0.465284,0.969069,0.005424,0.440906,0.001443,0.171722,0.486851,0.316353,0.170016,2.7e-05,2.7e-05,0.0,0.999227,3682,5|6|7,9,111712,0.167467,69.85,977.89,9.85,0.2,160.86,14.58,26.31,NVIDIA A100-SXM4-80GB,89faf2fe4e118b2d,7b1f70985555,1,temporal,train,all,0.7,0.15,0.15,C,noise_curve_c_s14_BPI_Challenge_2012
BPI_Challenge_2012,lstm,lll,0.6,4,0.818368,0.456092,0.960673,0.003318,0.301875,0.0,0.000182,0.487459,0.314554,0.172189,2.7e-05,0.0,0.0,0.999247,3682,5|6|7,15,111712,0.167467,21.27,425.37,9.85,0.2,160.86,14.58,26.31,NVIDIA A100-SXM4-80GB,89faf2fe4e118b2d,7b1f70985555,1,temporal,train,all,0.7,0.15,0.15,C,noise_curve_c_s14_BPI_Challenge_2012
BPI_Challenge_2012,lstm,gll,0.6,4,0.812338,0.424884,0.964193,0.00326,0.387483,2.9e-05,0.104423,0.479712,0.315325,0.15019,2.7e-05,0.0,0.0,0.999314,3682,5|6|7,6,111712,0.167467,48.22,530.39,9.85,0.2,160.86,14.58,26.31,NVIDIA A100-SXM4-80GB,89faf2fe4e118b2d,7b1f70985555,1,temporal,train,all,0.7,0.15,0.15,C,noise_curve_c_s14_BPI_Challenge_2012
BPI_Challenge_2012,lstm,baseline,0.7,4,0.790813,0.437174,0.955162,0.018582,0.508885,0.014398,0.192761,0.478668,0.327404,0.152634,2.7e-05,2.7e-05,0.0,0.999227,3682,5|6|7,10,130330,0.138865,24.07,361.04,9.85,0.2,160.86,14.58,26.31,NVIDIA A100-SXM4-80GB,89faf2fe4e118b2d,7b1f70985555,1,temporal,train,all,0.7,0.15,0.15,C,noise_curve_c_s14_BPI_Challenge_2012
BPI_Challenge_2012,lstm,checker,0.7,4,0.794679,0.441883,0.953056,0.003751,0.406755,0.001183,0.156923,0.480062,0.314067,0.15535,2.7e-05,2.7e-05,0.0,0.999227,3682,5|6|7,11,130330,0.138865,19.62,313.87,9.85,0.2,160.86,14.58,26.31,NVIDIA A100-SXM4-80GB,89faf2fe4e118b2d,7b1f70985555,1,temporal,train,all,0.7,0.15,0.15,C,noise_curve_c_s14_BPI_Challenge_2012
BPI_Challenge_2012,lstm,checker_net,0.7,4,0.797853,0.437355,0.953027,0.010128,0.479839,0.006377,0.149258,0.496932,0.325943,0.172732,0.0,0.0,0.0,0.999247,3682,5|6|7,11,130330,0.138865,20.37,325.89,9.85,0.2,160.86,14.58,26.31,NVIDIA A100-SXM4-80GB,89faf2fe4e118b2d,7b1f70985555,1,temporal,train,all,0.7,0.15,0.15,C,noise_curve_c_s14_BPI_Challenge_2012
BPI_Challenge_2012,lstm,checker_net_state,0.7,4,0.804259,0.479372,0.952767,0.004761,0.496016,0.001529,0.174418,0.487741,0.323576,0.154536,0.000162,0.0,0.0,0.999314,3682,5|6|7,16,130330,0.138865,21.81,458.04,9.85,0.2,160.86,14.58,26.31,NVIDIA A100-SXM4-80GB,89faf2fe4e118b2d,7b1f70985555,1,temporal,train,all,0.7,0.15,0.15,C,noise_curve_c_s14_BPI_Challenge_2012
BPI_Challenge_2012,lstm,marking,0.7,4,0.755323,0.36766,0.948785,0.027266,0.508981,0.022073,0.193541,0.447925,0.284891,0.143129,0.001299,0.001285,0.0,0.994555,3682,5|6|7,6,130330,0.138865,21.08,231.83,9.85,0.2,160.86,14.58,26.31,NVIDIA A100-SXM4-80GB,89faf2fe4e118b2d,7b1f70985555,1,temporal,train,all,0.7,0.15,0.15,C,noise_curve_c_s14_BPI_Challenge_2012
BPI_Challenge_2012,lstm,gnn,0.7,4,0.7675,0.418807,0.943563,0.017716,0.50547,0.01434,0.192096,0.479704,0.315406,0.151005,2.7e-05,2.7e-05,0.0,0.999227,3682,5|6|7,8,130330,0.138865,22.56,293.24,9.85,0.2,160.86,14.58,26.31,NVIDIA A100-SXM4-80GB,89faf2fe4e118b2d,7b1f70985555,1,temporal,train,all,0.7,0.15,0.15,C,noise_curve_c_s14_BPI_Challenge_2012
BPI_Challenge_2012,lstm,seq,0.7,4,0.797045,0.446594,0.953344,0.010705,0.504272,0.007069,0.190732,0.48452,0.319938,0.15535,2.7e-05,2.7e-05,0.0,0.999227,3682,5|6|7,12,130330,0.138865,68.17,1158.86,9.85,0.2,160.86,14.58,26.31,NVIDIA A100-SXM4-80GB,89faf2fe4e118b2d,7b1f70985555,1,temporal,train,all,0.7,0.15,0.15,C,noise_curve_c_s14_BPI_Challenge_2012
BPI_Challenge_2012,lstm,lll,0.7,4,0.778608,0.423263,0.928646,0.003953,0.359993,0.0,0.000234,0.48731,0.313675,0.170016,2.7e-05,0.0,0.0,0.999247,3682,5|6|7,11,130330,0.138865,21.74,347.92,9.85,0.2,160.86,14.58,26.31,NVIDIA A100-SXM4-80GB,89faf2fe4e118b2d,7b1f70985555,1,temporal,train,all,0.7,0.15,0.15,C,noise_curve_c_s14_BPI_Challenge_2012
BPI_Challenge_2012,lstm,gll,0.7,4,0.787639,0.423712,0.947573,0.007156,0.462848,0.0,0.132969,0.479555,0.313594,0.15535,0.000176,0.0,0.0,0.999247,3682,5|6|7,12,130330,0.138865,47.88,814.04,9.85,0.2,160.86,14.58,26.31,NVIDIA A100-SXM4-80GB,89faf2fe4e118b2d,7b1f70985555,1,temporal,train,all,0.7,0.15,0.15,C,noise_curve_c_s14_BPI_Challenge_2012
BPI_Challenge_2012,lstm,baseline,0.8,4,0.643632,0.270775,0.876969,0.095072,0.593699,0.043251,0.225997,0.369808,0.215691,0.127376,0.007345,0.0,0.0,0.992462,3682,5|6|7,3,148949,0.128821,25.09,200.75,9.85,0.2,160.86,14.58,26.31,NVIDIA A100-SXM4-80GB,89faf2fe4e118b2d,7b1f70985555,1,temporal,train,all,0.7,0.15,0.15,C,noise_curve_c_s14_BPI_Challenge_2012
BPI_Challenge_2012,lstm,checker,0.8,4,0.738877,0.372037,0.932425,0.030152,0.488536,0.00655,0.185146,0.449539,0.299161,0.150733,0.0,0.0,0.0,0.995846,3682,5|6|7,9,148949,0.128821,22.16,310.18,9.85,0.2,160.86,14.58,26.31,NVIDIA A100-SXM4-80GB,89faf2fe4e118b2d,7b1f70985555,1,temporal,train,all,0.7,0.15,0.15,C,noise_curve_c_s14_BPI_Challenge_2012
BPI_Challenge_2012,lstm,checker_net,0.8,4,0.665532,0.302751,0.904322,0.075423,0.56803,0.020082,0.182687,0.369808,0.215691,0.127376,0.007345,0.0,0.0,0.992462,3682,5|6|7,3,148949,0.128821,25.39,203.16,9.85,0.2,160.86,14.58,26.31,NVIDIA A100-SXM4-80GB,89faf2fe4e118b2d,7b1f70985555,1,temporal,train,all,0.7,0.15,0.15,C,noise_curve_c_s14_BPI_Challenge_2012
BPI_Challenge_2012,lstm,checker_net_state,0.8,4,0.648912,0.273918,0.866871,0.090138,0.582581,0.038317,0.214352,0.369808,0.215691,0.127376,0.007345,0.0,0.0,0.992462,3682,5|6|7,3,148949,0.128821,18.41,147.32,9.85,0.2,160.86,14.58,26.31,NVIDIA A100-SXM4-80GB,89faf2fe4e118b2d,7b1f70985555,1,temporal,train,all,0.7,0.15,0.15,C,noise_curve_c_s14_BPI_Challenge_2012
BPI_Challenge_2012,lstm,marking,0.8,4,0.684142,0.320818,0.890675,0.064285,0.595359,0.024583,0.224453,0.375234,0.218369,0.131993,0.012268,0.0,0.0,0.992462,3682,5|6|7,7,148949,0.128821,22.1,265.23,9.85,0.2,160.86,14.58,26.31,NVIDIA A100-SXM4-80GB,89faf2fe4e118b2d,7b1f70985555,1,temporal,train,all,0.7,0.15,0.15,C,noise_curve_c_s14_BPI_Challenge_2012
BPI_Challenge_2012,lstm,gnn,0.8,4,0.715708,0.350762,0.902072,0.047868,0.593985,0.020082,0.222696,0.445641,0.286393,0.144215,0.004477,0.0,0.0,0.994353,3682,5|6|7,17,148949,0.128821,21.45,471.85,9.85,0.2,160.86,14.58,26.31,NVIDIA A100-SXM4-80GB,89faf2fe4e118b2d,7b1f70985555,1,temporal,train,all,0.7,0.15,0.15,C,noise_curve_c_s14_BPI_Challenge_2012
BPI_Challenge_2012,lstm,seq,0.8,4,0.706994,0.313236,0.889838,0.064574,0.584152,0.026689,0.217864,0.41953,0.257514,0.13824,0.002881,0.0,0.0,0.992462,3682,5|6|7,9,148949,0.128821,68.95,965.25,9.85,0.2,160.86,14.58,26.31,NVIDIA A100-SXM4-80GB,89faf2fe4e118b2d,7b1f70985555,1,temporal,train,all,0.7,0.15,0.15,C,noise_curve_c_s14_BPI_Challenge_2012
BPI_Challenge_2012,lstm,lll,0.8,4,0.66657,0.286904,0.899821,0.062785,0.439813,0.0,0.000211,0.41257,0.258366,0.127376,0.002881,0.0,0.0,0.992462,3682,5|6|7,9,148949,0.128821,20.17,282.39,9.85,0.2,160.86,14.58,26.31,NVIDIA A100-SXM4-80GB,89faf2fe4e118b2d,7b1f70985555,1,temporal,train,all,0.7,0.15,0.15,C,noise_curve_c_s14_BPI_Challenge_2012
BPI_Challenge_2012,lstm,gll,0.8,4,0.652403,0.278532,0.909025,0.073663,0.537141,0.001731,0.148032,0.40562,0.249222,0.127376,0.002881,0.0,0.0,0.992462,3682,5|6|7,3,148949,0.128821,48.57,388.59,9.85,0.2,160.86,14.58,26.31,NVIDIA A100-SXM4-80GB,89faf2fe4e118b2d,7b1f70985555,1,temporal,train,all,0.7,0.15,0.15,C,noise_curve_c_s14_BPI_Challenge_2012
BPI_Challenge_2012,lstm,baseline,0.0,5,0.856656,0.664941,0.983669,0.0,0.000511,0.0,5.7e-05,0.484296,0.330515,0.155079,0.0,0.0,0.0,0.999314,3682,5|6|7,9,0,1.0,25.51,357.16,9.85,0.19,160.86,14.61,26.55,NVIDIA A100-SXM4-80GB,89faf2fe4e118b2d,7b1f70985555,1,temporal,train,all,0.7,0.15,0.15,C,noise_curve_c_s59_BPI_Challenge_2012
BPI_Challenge_2012,lstm,checker,0.0,5,0.856454,0.661599,0.984304,0.0,0.000161,0.0,2.2e-05,0.484868,0.330745,0.155894,0.0,0.0,0.0,0.999247,3682,5|6|7,19,0,1.0,21.72,521.4,9.85,0.19,160.86,14.61,26.55,NVIDIA A100-SXM4-80GB,89faf2fe4e118b2d,7b1f70985555,1,temporal,train,all,0.7,0.15,0.15,C,noise_curve_c_s59_BPI_Challenge_2012
BPI_Challenge_2012,lstm,checker_net,0.0,5,0.857118,0.667526,0.9839,0.0,0.000472,0.0,3.8e-05,0.48472,0.330218,0.157251,0.0,0.0,0.0,0.999314,3682,5|6|7,9,0,1.0,20.28,283.98,9.85,0.19,160.86,14.61,26.55,NVIDIA A100-SXM4-80GB,89faf2fe4e118b2d,7b1f70985555,1,temporal,train,all,0.7,0.15,0.15,C,noise_curve_c_s59_BPI_Challenge_2012
BPI_Challenge_2012,lstm,checker_net_state,0.0,5,0.855243,0.672616,0.984188,0.0,0.000506,0.0,3.9e-05,0.484975,0.329298,0.156708,0.0,0.0,0.0,0.999314,3682,5|6|7,7,0,1.0,22.17,266.03,9.85,0.19,160.86,14.61,26.55,NVIDIA A100-SXM4-80GB,89faf2fe4e118b2d,7b1f70985555,1,temporal,train,all,0.7,0.15,0.15,C,noise_curve_c_s59_BPI_Challenge_2012
BPI_Challenge_2012,lstm,marking,0.0,5,0.856022,0.675698,0.984506,0.0,0.000248,0.0,3.5e-05,0.484993,0.329528,0.15535,0.0,0.0,0.0,0.999247,3682,5|6|7,17,0,1.0,21.71,477.52,9.85,0.19,160.86,14.61,26.55,NVIDIA A100-SXM4-80GB,89faf2fe4e118b2d,7b1f70985555,1,temporal,train,all,0.7,0.15,0.15,C,noise_curve_c_s59_BPI_Challenge_2012
BPI_Challenge_2012,lstm,gnn,0.0,5,0.853598,0.655471,0.983986,0.0,0.00029,0.0,4.6e-05,0.485147,0.330678,0.158066,0.0,0.0,0.0,0.999247,3682,5|6|7,26,0,1.0,23.34,723.43,9.85,0.19,160.86,14.61,26.55,NVIDIA A100-SXM4-80GB,89faf2fe4e118b2d,7b1f70985555,1,temporal,train,all,0.7,0.15,0.15,C,noise_curve_c_s59_BPI_Challenge_2012
BPI_Challenge_2012,lstm,seq,0.0,5,0.852271,0.650098,0.984217,0.0,0.000417,0.0,5.1e-05,0.484991,0.329041,0.157523,0.0,0.0,0.0,0.999247,3682,5|6|7,13,0,1.0,65.57,1180.21,9.85,0.19,160.86,14.61,26.55,NVIDIA A100-SXM4-80GB,89faf2fe4e118b2d,7b1f70985555,1,temporal,train,all,0.7,0.15,0.15,C,noise_curve_c_s59_BPI_Challenge_2012
BPI_Challenge_2012,lstm,lll,0.0,5,0.857176,0.665407,0.983842,0.0,0.000935,0.0,4e-05,0.485502,0.330096,0.15535,0.0,0.0,0.0,0.999247,3682,5|6|7,9,0,1.0,23.49,328.8,9.85,0.19,160.86,14.61,26.55,NVIDIA A100-SXM4-80GB,89faf2fe4e118b2d,7b1f70985555,1,temporal,train,all,0.7,0.15,0.15,C,noise_curve_c_s59_BPI_Challenge_2012
BPI_Challenge_2012,lstm,gll,0.0,5,0.851809,0.651809,0.984188,0.0,0.000331,0.0,1.8e-05,0.491722,0.317841,0.173275,0.0,0.0,0.0,0.999247,3682,5|6|7,18,0,1.0,47.25,1086.8,9.85,0.19,160.86,14.61,26.55,NVIDIA A100-SXM4-80GB,89faf2fe4e118b2d,7b1f70985555,1,temporal,train,all,0.7,0.15,0.15,C,noise_curve_c_s59_BPI_Challenge_2012
BPI_Challenge_2012,lstm,baseline,0.1,5,0.851463,0.642594,0.983727,5.8e-05,0.060454,0.0,0.020935,0.484925,0.317408,0.152091,0.0,0.0,0.0,0.999247,3682,5|6|7,4,18619,0.731659,17.76,159.84,9.85,0.19,160.86,14.61,26.55,NVIDIA A100-SXM4-80GB,89faf2fe4e118b2d,7b1f70985555,1,temporal,train,all,0.7,0.15,0.15,C,noise_curve_c_s59_BPI_Challenge_2012
BPI_Challenge_2012,lstm,checker,0.1,5,0.846529,0.677973,0.983958,2.9e-05,0.041965,0.0,0.014911,0.488017,0.347897,0.149375,0.0,0.0,0.0,0.996563,3682,5|6|7,8,18619,0.731659,17.82,231.71,9.85,0.19,160.86,14.61,26.55,NVIDIA A100-SXM4-80GB,89faf2fe4e118b2d,7b1f70985555,1,temporal,train,all,0.7,0.15,0.15,C,noise_curve_c_s59_BPI_Challenge_2012
BPI_Challenge_2012,lstm,checker_net,0.1,5,0.852271,0.64597,0.983698,8.7e-05,0.054019,0.0,0.014562,0.491385,0.317855,0.171103,0.0,0.0,0.0,0.999247,3682,5|6|7,4,18619,0.731659,20.42,183.81,9.85,0.19,160.86,14.61,26.55,NVIDIA A100-SXM4-80GB,89faf2fe4e118b2d,7b1f70985555,1,temporal,train,all,0.7,0.15,0.15,C,noise_curve_c_s59_BPI_Challenge_2012
BPI_Challenge_2012,lstm,checker_net_state,0.1,5,0.852415,0.648586,0.983871,8.7e-05,0.054912,0.0,0.01617,0.492068,0.318085,0.173275,0.0,0.0,0.0,0.999247,3682,5|6|7,4,18619,0.731659,24.87,223.86,9.85,0.19,160.86,14.61,26.55,NVIDIA A100-SXM4-80GB,89faf2fe4e118b2d,7b1f70985555,1,temporal,train,all,0.7,0.15,0.15,C,noise_curve_c_s59_BPI_Challenge_2012
BPI_Challenge_2012,lstm,marking,0.1,5,0.850453,0.640414,0.983496,8.7e-05,0.062597,0.0,0.024466,0.49204,0.316976,0.173275,0.0,0.0,0.0,0.999247,3682,5|6|7,3,18619,0.731659,22.95,183.56,9.85,0.19,160.86,14.61,26.55,NVIDIA A100-SXM4-80GB,89faf2fe4e118b2d,7b1f70985555,1,temporal,train,all,0.7,0.15,0.15,C,noise_curve_c_s59_BPI_Challenge_2012
BPI_Challenge_2012,lstm,gnn,0.1,5,0.850136,0.644226,0.9839,0.000202,0.064858,0.000144,0.022467,0.48467,0.317679,0.151548,2.7e-05,2.7e-05,0.0,0.999227,3682,5|6|7,9,18619,0.731659,21.93,306.98,9.85,0.19,160.86,14.61,26.55,NVIDIA A100-SXM4-80GB,89faf2fe4e118b2d,7b1f70985555,1,temporal,train,all,0.7,0.15,0.15,C,noise_curve_c_s59_BPI_Challenge_2012
BPI_Challenge_2012,lstm,seq,0.1,5,0.855791,0.651798,0.984073,5.8e-05,0.058614,0.0,0.022208,0.484946,0.330786,0.155894,0.0,0.0,0.0,0.999247,3682,5|6|7,17,18619,0.731659,67.81,1491.81,9.85,0.19,160.86,14.61,26.55,NVIDIA A100-SXM4-80GB,89faf2fe4e118b2d,7b1f70985555,1,temporal,train,all,0.7,0.15,0.15,C,noise_curve_c_s59_BPI_Challenge_2012
BPI_Challenge_2012,lstm,lll,0.1,5,0.8523,0.648698,0.983756,0.000173,0.042866,0.0,0.000153,0.484895,0.330732,0.155894,0.0,0.0,0.0,0.999247,3682,5|6|7,14,18619,0.731659,21.33,405.31,9.85,0.19,160.86,14.61,26.55,NVIDIA A100-SXM4-80GB,89faf2fe4e118b2d,7b1f70985555,1,temporal,train,all,0.7,0.15,0.15,C,noise_curve_c_s59_BPI_Challenge_2012
BPI_Challenge_2012,lstm,gll,0.1,5,0.846471,0.681951,0.983813,5.8e-05,0.051242,0.0,0.011156,0.495809,0.337143,0.1673,0.0,0.0,0.0,0.996563,3682,5|6|7,8,18619,0.731659,47.13,612.73,9.85,0.19,160.86,14.61,26.55,NVIDIA A100-SXM4-80GB,89faf2fe4e118b2d,7b1f70985555,1,temporal,train,all,0.7,0.15,0.15,C,noise_curve_c_s59_BPI_Challenge_2012
BPI_Challenge_2012,lstm,baseline,0.2,5,0.853742,0.653933,0.982861,0.000923,0.127736,0.00026,0.047408,0.484785,0.317408,0.153721,2.7e-05,2.7e-05,0.0,0.999227,3682,5|6|7,10,37237,0.522598,20.79,311.92,9.85,0.19,160.86,14.61,26.55,NVIDIA A100-SXM4-80GB,89faf2fe4e118b2d,7b1f70985555,1,temporal,train,all,0.7,0.15,0.15,C,noise_curve_c_s59_BPI_Challenge_2012
BPI_Challenge_2012,lstm,checker,0.2,5,0.849847,0.641512,0.983525,0.000866,0.088132,0.000202,0.032749,0.485196,0.317435,0.154807,2.7e-05,2.7e-05,0.0,0.999227,3682,5|6|7,10,37237,0.522598,17.96,269.38,9.85,0.19,160.86,14.61,26.55,NVIDIA A100-SXM4-80GB,89faf2fe4e118b2d,7b1f70985555,1,temporal,train,all,0.7,0.15,0.15,C,noise_curve_c_s59_BPI_Challenge_2012
BPI_Challenge_2012,lstm,checker_net,0.2,5,0.849299,0.633732,0.983438,0.000866,0.113877,0.000202,0.032941,0.484814,0.317341,0.153721,2.7e-05,2.7e-05,0.0,0.999227,3682,5|6|7,10,37237,0.522598,20.3,304.53,9.85,0.19,160.86,14.61,26.55,NVIDIA A100-SXM4-80GB,89faf2fe4e118b2d,7b1f70985555,1,temporal,train,all,0.7,0.15,0.15,C,noise_curve_c_s59_BPI_Challenge_2012
BPI_Challenge_2012,lstm,checker_net_state,0.2,5,0.853973,0.651959,0.983409,0.000837,0.118394,0.000173,0.038531,0.48467,0.317679,0.151548,2.7e-05,2.7e-05,0.0,0.999227,3682,5|6|7,10,37237,0.522598,18.85,282.78,9.85,0.19,160.86,14.61,26.55,NVIDIA A100-SXM4-80GB,89faf2fe4e118b2d,7b1f70985555,1,temporal,train,all,0.7,0.15,0.15,C,noise_curve_c_s59_BPI_Challenge_2012
BPI_Challenge_2012,lstm,marking,0.2,5,0.850568,0.65084,0.983207,0.001154,0.131466,0.00026,0.048647,0.490909,0.317949,0.170559,2.7e-05,2.7e-05,0.0,0.999227,3682,5|6|7,5,37237,0.522598,20.93,209.33,9.85,0.19,160.86,14.61,26.55,NVIDIA A100-SXM4-80GB,89faf2fe4e118b2d,7b1f70985555,1,temporal,train,all,0.7,0.15,0.15,C,noise_curve_c_s59_BPI_Challenge_2012
BPI_Challenge_2012,lstm,gnn,0.2,5,0.850366,0.653373,0.982717,0.00075,0.137028,0.000202,0.050088,0.484604,0.32877,0.154807,2.7e-05,2.7e-05,0.0,0.999227,3682,5|6|7,4,37237,0.522598,21.24,191.19,9.85,0.19,160.86,14.61,26.55,NVIDIA A100-SXM4-80GB,89faf2fe4e118b2d,7b1f70985555,1,temporal,train,all,0.7,0.15,0.15,C,noise_curve_c_s59_BPI_Challenge_2012
BPI_Challenge_2012,lstm,seq,0.2,5,0.853108,0.655456,0.983842,0.000923,0.129627,0.000202,0.050815,0.499091,0.329339,0.173275,2.7e-05,2.7e-05,0.0,0.999227,3682,5|6|7,15,37237,0.522598,68.24,1364.85,9.85,0.19,160.86,14.61,26.55,NVIDIA A100-SXM4-80GB,89faf2fe4e118b2d,7b1f70985555,1,temporal,train,all,0.7,0.15,0.15,C,noise_curve_c_s59_BPI_Challenge_2012
BPI_Challenge_2012,lstm,lll,0.2,5,0.853281,0.647393,0.982313,0.000721,0.076516,0.0,0.000225,0.484425,0.329541,0.154807,2.7e-05,0.0,0.0,0.999247,3682,5|6|7,10,37237,0.522598,21.32,319.73,9.85,0.19,160.86,14.61,26.55,NVIDIA A100-SXM4-80GB,89faf2fe4e118b2d,7b1f70985555,1,temporal,train,all,0.7,0.15,0.15,C,noise_curve_c_s59_BPI_Challenge_2012
BPI_Challenge_2012,lstm,gll,0.2,5,0.84777,0.630341,0.982717,0.001068,0.112084,0.0,0.026585,0.48474,0.33061,0.155894,0.0,0.0,0.0,0.999247,3682,5|6|7,4,37237,0.522598,47.28,425.49,9.85,0.19,160.86,14.61,26.55,NVIDIA A100-SXM4-80GB,89faf2fe4e118b2d,7b1f70985555,1,temporal,train,all,0.7,0.15,0.15,C,noise_curve_c_s59_BPI_Challenge_2012
BPI_Challenge_2012,lstm,baseline,0.3,5,0.847914,0.617229,0.981303,0.00202,0.204526,0.000173,0.074708,0.491263,0.316529,0.172732,2.7e-05,2.7e-05,0.0,0.999227,3682,5|6|7,5,55856,0.379913,22.64,226.39,9.85,0.19,160.86,14.61,26.55,NVIDIA A100-SXM4-80GB,89faf2fe4e118b2d,7b1f70985555,1,temporal,train,all,0.7,0.15,0.15,C,noise_curve_c_s59_BPI_Challenge_2012
BPI_Challenge_2012,lstm,checker,0.3,5,0.849991,0.642715,0.982601,0.001068,0.146527,0.000115,0.052948,0.491558,0.317476,0.172732,2.7e-05,2.7e-05,0.0,0.999227,3682,5|6|7,5,55856,0.379913,19.08,190.76,9.85,0.19,160.86,14.61,26.55,NVIDIA A100-SXM4-80GB,89faf2fe4e118b2d,7b1f70985555,1,temporal,train,all,0.7,0.15,0.15,C,noise_curve_c_s59_BPI_Challenge_2012
BPI_Challenge_2012,lstm,checker_net,0.3,5,0.847106,0.611186,0.982053,0.002077,0.18456,0.000202,0.052676,0.491229,0.316746,0.172732,2.7e-05,2.7e-05,0.0,0.999227,3682,5|6|7,5,55856,0.379913,18.26,182.58,9.85,0.19,160.86,14.61,26.55,NVIDIA A100-SXM4-80GB,89faf2fe4e118b2d,7b1f70985555,1,temporal,train,all,0.7,0.15,0.15,C,noise_curve_c_s59_BPI_Challenge_2012
BPI_Challenge_2012,lstm,checker_net_state,0.3,5,0.848058,0.616909,0.981909,0.001472,0.192159,0.000115,0.063008,0.491103,0.316583,0.172732,2.7e-05,2.7e-05,0.0,0.999227,3682,5|6|7,5,55856,0.379913,19.47,194.71,9.85,0.19,160.86,14.61,26.55,NVIDIA A100-SXM4-80GB,89faf2fe4e118b2d,7b1f70985555,1,temporal,train,all,0.7,0.15,0.15,C,noise_curve_c_s59_BPI_Challenge_2012
BPI_Challenge_2012,lstm,marking,0.3,5,0.847106,0.628903,0.982457,0.001472,0.215164,0.000173,0.080537,0.49244,0.31872,0.172732,2.7e-05,2.7e-05,0.0,0.999227,3682,5|6|7,6,55856,0.379913,20.3,223.28,9.85,0.19,160.86,14.61,26.55,NVIDIA A100-SXM4-80GB,89faf2fe4e118b2d,7b1f70985555,1,temporal,train,all,0.7,0.15,0.15,C,noise_curve_c_s59_BPI_Challenge_2012
BPI_Challenge_2012,lstm,gnn,0.3,5,0.846038,0.626386,0.981534,0.001356,0.210069,0.00026,0.081236,0.4915,0.316732,0.174905,2.7e-05,2.7e-05,0.0,0.999227,3682,5|6|7,10,55856,0.379913,21.24,318.64,9.85,0.19,160.86,14.61,26.55,NVIDIA A100-SXM4-80GB,89faf2fe4e118b2d,7b1f70985555,1,temporal,train,all,0.7,0.15,0.15,C,noise_curve_c_s59_BPI_Challenge_2012
BPI_Challenge_2012,lstm,seq,0.3,5,0.847481,0.617796,0.981476,0.001327,0.209584,0.000144,0.079793,0.484115,0.330461,0.15535,2.7e-05,2.7e-05,0.0,0.999227,3682,5|6|7,6,55856,0.379913,67.51,742.61,9.85,0.19,160.86,14.61,26.55,NVIDIA A100-SXM4-80GB,89faf2fe4e118b2d,7b1f70985555,1,temporal,train,all,0.7,0.15,0.15,C,noise_curve_c_s59_BPI_Challenge_2012
BPI_Challenge_2012,lstm,lll,0.3,5,0.847798,0.625196,0.981649,0.001298,0.130294,0.0,0.000204,0.48504,0.330718,0.157523,2.7e-05,0.0,0.0,0.999247,3682,5|6|7,12,55856,0.379913,20.77,353.01,9.85,0.19,160.86,14.61,26.55,NVIDIA A100-SXM4-80GB,89faf2fe4e118b2d,7b1f70985555,1,temporal,train,all,0.7,0.15,0.15,C,noise_curve_c_s59_BPI_Challenge_2012
BPI_Challenge_2012,lstm,gll,0.3,5,0.845317,0.627083,0.98162,0.00202,0.181836,8.7e-05,0.045819,0.500695,0.32988,0.172732,2.7e-05,0.0,0.0,0.999247,3682,5|6|7,7,55856,0.379913,47.5,569.98,9.85,0.19,160.86,14.61,26.55,NVIDIA A100-SXM4-80GB,89faf2fe4e118b2d,7b1f70985555,1,temporal,train,all,0.7,0.15,0.15,C,noise_curve_c_s59_BPI_Challenge_2012
BPI_Challenge_2012,lstm,baseline,0.4,5,0.833603,0.555322,0.977639,0.003001,0.266639,0.000231,0.095149,0.491338,0.316664,0.172732,2.7e-05,2.7e-05,0.0,0.999227,3682,5|6|7,5,74474,0.284716,21.7,217.02,9.85,0.19,160.86,14.61,26.55,NVIDIA A100-SXM4-80GB,89faf2fe4e118b2d,7b1f70985555,1,temporal,train,all,0.7,0.15,0.15,C,noise_curve_c_s59_BPI_Challenge_2012
BPI_Challenge_2012,lstm,checker,0.4,5,0.834122,0.562634,0.979716,0.001933,0.192868,0.000202,0.069054,0.491263,0.316516,0.172732,2.7e-05,2.7e-05,0.0,0.999227,3682,5|6|7,5,74474,0.284716,21.62,216.17,9.85,0.19,160.86,14.61,26.55,NVIDIA A100-SXM4-80GB,89faf2fe4e118b2d,7b1f70985555,1,temporal,train,all,0.7,0.15,0.15,C,noise_curve_c_s59_BPI_Challenge_2012
BPI_Challenge_2012,lstm,checker_net,0.4,5,0.834064,0.559855,0.97686,0.003203,0.240906,0.00026,0.06692,0.491263,0.316502,0.172732,2.7e-05,2.7e-05,0.0,0.999227,3682,5|6|7,5,74474,0.284716,19.27,192.7,9.85,0.19,160.86,14.61,26.55,NVIDIA A100-SXM4-80GB,89faf2fe4e118b2d,7b1f70985555,1,temporal,train,all,0.7,0.15,0.15,C,noise_curve_c_s59_BPI_Challenge_2012
BPI_Challenge_2012,lstm,checker_net_state,0.4,5,0.832073,0.554009,0.977408,0.002279,0.255785,0.000173,0.083335,0.491641,0.317517,0.172732,2.7e-05,2.7e-05,0.0,0.999227,3682,5|6|7,5,74474,0.284716,18.47,184.71,9.85,0.19,160.86,14.61,26.55,NVIDIA A100-SXM4-80GB,89faf2fe4e118b2d,7b1f70985555,1,temporal,train,all,0.7,0.15,0.15,C,noise_curve_c_s59_BPI_Challenge_2012
BPI_Challenge_2012,lstm,marking,0.4,5,0.840095,0.60125,0.980639,0.002943,0.287061,0.000202,0.109034,0.492401,0.318612,0.172732,2.7e-05,2.7e-05,0.0,0.999227,3682,5|6|7,10,74474,0.284716,20.01,300.14,9.85,0.19,160.86,14.61,26.55,NVIDIA A100-SXM4-80GB,89faf2fe4e118b2d,7b1f70985555,1,temporal,train,all,0.7,0.15,0.15,C,noise_curve_c_s59_BPI_Challenge_2012
BPI_Challenge_2012,lstm,gnn,0.4,5,0.84298,0.616516,0.980813,0.00202,0.276595,0.000289,0.098803,0.484096,0.330407,0.15535,2.7e-05,2.7e-05,0.0,0.999227,3682,5|6|7,13,74474,0.284716,21.4,385.13,9.85,0.19,160.86,14.61,26.55,NVIDIA A100-SXM4-80GB,89faf2fe4e118b2d,7b1f70985555,1,temporal,train,all,0.7,0.15,0.15,C,noise_curve_c_s59_BPI_Challenge_2012
BPI_Challenge_2012,lstm,seq,0.4,5,0.848751,0.629825,0.980899,0.002049,0.28756,0.00026,0.106659,0.484265,0.330678,0.15535,2.7e-05,2.7e-05,0.0,0.999227,3682,5|6|7,15,74474,0.284716,68.5,1370.07,9.85,0.19,160.86,14.61,26.55,NVIDIA A100-SXM4-80GB,89faf2fe4e118b2d,7b1f70985555,1,temporal,train,all,0.7,0.15,0.15,C,noise_curve_c_s59_BPI_Challenge_2012
BPI_Challenge_2012,lstm,lll,0.4,5,0.830746,0.538733,0.97533,0.003636,0.177313,0.0,0.000288,0.489674,0.315542,0.172189,2.7e-05,0.0,0.0,0.999247,3682,5|6|7,5,74474,0.284716,20.96,209.57,9.85,0.19,160.86,14.61,26.55,NVIDIA A100-SXM4-80GB,89faf2fe4e118b2d,7b1f70985555,1,temporal,train,all,0.7,0.15,0.15,C,noise_curve_c_s59_BPI_Challenge_2012
BPI_Challenge_2012,lstm,gll,0.4,5,0.838594,0.572705,0.97709,0.002799,0.235366,0.000231,0.061413,0.490795,0.316624,0.172189,2.7e-05,2.7e-05,0.0,0.999227,3682,5|6|7,5,74474,0.284716,47.58,475.84,9.85,0.19,160.86,14.61,26.55,NVIDIA A100-SXM4-80GB,89faf2fe4e118b2d,7b1f70985555,1,temporal,train,all,0.7,0.15,0.15,C,noise_curve_c_s59_BPI_Challenge_2012
BPI_Challenge_2012,lstm,baseline,0.5,5,0.834901,0.55578,0.977437,0.002597,0.357642,0.000173,0.135485,0.484493,0.329636,0.154807,2.7e-05,2.7e-05,0.0,0.999227,3682,5|6|7,13,93093,0.2131,19.35,348.3,9.85,0.19,160.86,14.61,26.55,NVIDIA A100-SXM4-80GB,89faf2fe4e118b2d,7b1f70985555,1,temporal,train,all,0.7,0.15,0.15,C,noise_curve_c_s59_BPI_Challenge_2012
BPI_Challenge_2012,lstm,checker,0.5,5,0.832016,0.528395,0.976888,0.002251,0.277597,0.0,0.102246,0.482483,0.32965,0.15535,2.7e-05,0.0,0.0,0.999247,3682,5|6|7,7,93093,0.2131,19.39,232.66,9.85,0.19,160.86,14.61,26.55,NVIDIA A100-SXM4-80GB,89faf2fe4e118b2d,7b1f70985555,1,temporal,train,all,0.7,0.15,0.15,C,noise_curve_c_s59_BPI_Challenge_2012
BPI_Challenge_2012,lstm,checker_net,0.5,5,0.832593,0.545074,0.975821,0.002424,0.326907,0.000115,0.098972,0.491059,0.316543,0.172732,2.7e-05,0.0,0.0,0.999247,3682,5|6|7,13,93093,0.2131,22.08,397.5,9.85,0.19,160.86,14.61,26.55,NVIDIA A100-SXM4-80GB,89faf2fe4e118b2d,7b1f70985555,1,temporal,train,all,0.7,0.15,0.15,C,noise_curve_c_s59_BPI_Challenge_2012
BPI_Challenge_2012,lstm,checker_net_state,0.5,5,0.834555,0.549706,0.977667,0.002683,0.341712,0.000231,0.119801,0.484106,0.330421,0.15535,2.7e-05,2.7e-05,0.0,0.999227,3682,5|6|7,13,93093,0.2131,20.23,364.09,9.85,0.19,160.86,14.61,26.55,NVIDIA A100-SXM4-80GB,89faf2fe4e118b2d,7b1f70985555,1,temporal,train,all,0.7,0.15,0.15,C,noise_curve_c_s59_BPI_Challenge_2012
BPI_Challenge_2012,lstm,marking,0.5,5,0.826447,0.500747,0.974696,0.004905,0.357647,0.000606,0.135021,0.487188,0.316394,0.172189,2.7e-05,2.7e-05,0.0,0.999227,3682,5|6|7,6,93093,0.2131,20.39,224.33,9.85,0.19,160.86,14.61,26.55,NVIDIA A100-SXM4-80GB,89faf2fe4e118b2d,7b1f70985555,1,temporal,train,all,0.7,0.15,0.15,C,noise_curve_c_s59_BPI_Challenge_2012
BPI_Challenge_2012,lstm,gnn,0.5,5,0.832045,0.534581,0.974782,0.002626,0.364572,0.000346,0.138563,0.491299,0.316732,0.172732,2.7e-05,2.7e-05,0.0,0.999227,3682,5|6|7,10,93093,0.2131,21.38,320.67,9.85,0.19,160.86,14.61,26.55,NVIDIA A100-SXM4-80GB,89faf2fe4e118b2d,7b1f70985555,1,temporal,train,all,0.7,0.15,0.15,C,noise_curve_c_s59_BPI_Challenge_2012
BPI_Challenge_2012,lstm,seq,0.5,5,0.832737,0.553767,0.975071,0.00277,0.35889,5.8e-05,0.13012,0.48421,0.330597,0.15535,2.7e-05,0.0,0.0,0.999247,3682,5|6|7,15,93093,0.2131,68.65,1372.98,9.85,0.19,160.86,14.61,26.55,NVIDIA A100-SXM4-80GB,89faf2fe4e118b2d,7b1f70985555,1,temporal,train,all,0.7,0.15,0.15,C,noise_curve_c_s59_BPI_Challenge_2012
BPI_Challenge_2012,lstm,lll,0.5,5,0.826245,0.50043,0.97256,0.004963,0.23312,0.0,0.000131,0.488768,0.317057,0.170016,2.7e-05,0.0,0.0,0.999247,3682,5|6|7,14,93093,0.2131,19.91,378.25,9.85,0.19,160.86,14.61,26.55,NVIDIA A100-SXM4-80GB,89faf2fe4e118b2d,7b1f70985555,1,temporal,train,all,0.7,0.15,0.15,C,noise_curve_c_s59_BPI_Challenge_2012
BPI_Challenge_2012,lstm,gll,0.5,5,0.826418,0.476539,0.972387,0.004155,0.315906,0.0,0.078279,0.479511,0.328568,0.154807,4.1e-05,0.0,0.0,0.999247,3682,5|6|7,7,93093,0.2131,47.49,569.86,9.85,0.19,160.86,14.61,26.55,NVIDIA A100-SXM4-80GB,89faf2fe4e118b2d,7b1f70985555,1,temporal,train,all,0.7,0.15,0.15,C,noise_curve_c_s59_BPI_Challenge_2012
BPI_Challenge_2012,lstm,baseline,0.6,5,0.826822,0.487891,0.965376,0.003982,0.432365,0.000375,0.158072,0.480312,0.328081,0.154264,2.7e-05,2.7e-05,0.0,0.999227,3682,5|6|7,7,111712,0.1631,19.12,229.44,9.85,0.19,160.86,14.61,26.55,NVIDIA A100-SXM4-80GB,89faf2fe4e118b2d,7b1f70985555,1,temporal,train,all,0.7,0.15,0.15,C,noise_curve_c_s59_BPI_Challenge_2012
BPI_Challenge_2012,lstm,checker,0.6,5,0.826591,0.487667,0.968117,0.002337,0.336093,0.000231,0.122295,0.480312,0.328081,0.154264,2.7e-05,2.7e-05,0.0,0.999227,3682,5|6|7,7,111712,0.1631,19.11,229.27,9.85,0.19,160.86,14.61,26.55,NVIDIA A100-SXM4-80GB,89faf2fe4e118b2d,7b1f70985555,1,temporal,train,all,0.7,0.15,0.15,C,noise_curve_c_s59_BPI_Challenge_2012
BPI_Challenge_2012,lstm,checker_net,0.6,5,0.825697,0.483534,0.964683,0.003405,0.397881,0.0,0.116183,0.479613,0.328703,0.154807,2.7e-05,0.0,0.0,0.999247,3682,5|6|7,7,111712,0.1631,18.14,217.65,9.85,0.19,160.86,14.61,26.55,NVIDIA A100-SXM4-80GB,89faf2fe4e118b2d,7b1f70985555,1,temporal,train,all,0.7,0.15,0.15,C,noise_curve_c_s59_BPI_Challenge_2012
BPI_Challenge_2012,lstm,checker_net_state,0.6,5,0.826014,0.484148,0.9635,0.004357,0.416683,0.00075,0.142861,0.480084,0.329122,0.154807,2.7e-05,2.7e-05,0.0,0.999227,3682,5|6|7,7,111712,0.1631,22.15,265.79,9.85,0.19,160.86,14.61,26.55,NVIDIA A100-SXM4-80GB,89faf2fe4e118b2d,7b1f70985555,1,temporal,train,all,0.7,0.15,0.15,C,noise_curve_c_s59_BPI_Challenge_2012
BPI_Challenge_2012,lstm,marking,0.6,5,0.822004,0.489691,0.970166,0.004472,0.440319,0.00075,0.165654,0.480444,0.328054,0.154264,2.7e-05,2.7e-05,0.0,0.999227,3682,5|6|7,11,111712,0.1631,20.39,326.17,9.85,0.19,160.86,14.61,26.55,NVIDIA A100-SXM4-80GB,89faf2fe4e118b2d,7b1f70985555,1,temporal,train,all,0.7,0.15,0.15,C,noise_curve_c_s59_BPI_Challenge_2012
BPI_Challenge_2012,lstm,gnn,0.6,5,0.827255,0.476491,0.967367,0.005367,0.440223,0.001068,0.16612,0.479932,0.327715,0.154264,2.7e-05,2.7e-05,0.0,0.999227,3682,5|6|7,11,111712,0.1631,21.37,342.0,9.85,0.19,160.86,14.61,26.55,NVIDIA A100-SXM4-80GB,89faf2fe4e118b2d,7b1f70985555,1,temporal,train,all,0.7,0.15,0.15,C,noise_curve_c_s59_BPI_Challenge_2012
BPI_Challenge_2012,lstm,seq,0.6,5,0.821975,0.49748,0.968463,0.006002,0.439767,0.001241,0.16558,0.482876,0.328838,0.156437,2.7e-05,2.7e-05,0.0,0.999227,3682,5|6|7,8,111712,0.1631,65.78,855.16,9.85,0.19,160.86,14.61,26.55,NVIDIA A100-SXM4-80GB,89faf2fe4e118b2d,7b1f70985555,1,temporal,train,all,0.7,0.15,0.15,C,noise_curve_c_s59_BPI_Challenge_2012
BPI_Challenge_2012,lstm,lll,0.6,5,0.802816,0.431509,0.960644,0.00303,0.292432,0.0,0.000269,0.47919,0.328243,0.154807,4.1e-05,0.0,0.0,0.999247,3682,5|6|7,6,111712,0.1631,18.73,206.08,9.85,0.19,160.86,14.61,26.55,NVIDIA A100-SXM4-80GB,89faf2fe4e118b2d,7b1f70985555,1,temporal,train,all,0.7,0.15,0.15,C,noise_curve_c_s59_BPI_Challenge_2012
BPI_Challenge_2012,lstm,gll,0.6,5,0.821311,0.462631,0.964712,0.002885,0.387937,5.8e-05,0.107802,0.480303,0.328067,0.154264,2.7e-05,2.7e-05,0.0,0.999227,3682,5|6|7,7,111712,0.1631,47.42,569.03,9.85,0.19,160.86,14.61,26.55,NVIDIA A100-SXM4-80GB,89faf2fe4e118b2d,7b1f70985555,1,temporal,train,all,0.7,0.15,0.15,C,noise_curve_c_s59_BPI_Challenge_2012
BPI_Challenge_2012,lstm,baseline,0.7,5,0.795458,0.429976,0.950545,0.018928,0.514434,0.014629,0.191102,0.486198,0.314473,0.172189,4.1e-05,2.7e-05,0.0,0.999227,3682,5|6|7,10,130330,0.141157,21.97,329.56,9.85,0.19,160.86,14.61,26.55,NVIDIA A100-SXM4-80GB,89faf2fe4e118b2d,7b1f70985555,1,temporal,train,all,0.7,0.15,0.15,C,noise_curve_c_s59_BPI_Challenge_2012
BPI_Challenge_2012,lstm,checker,0.7,5,0.800104,0.438741,0.955624,0.002424,0.40156,5.8e-05,0.147104,0.479619,0.328284,0.154807,2.7e-05,2.7e-05,0.0,0.999227,3682,5|6|7,6,130330,0.141157,18.11,199.21,9.85,0.19,160.86,14.61,26.55,NVIDIA A100-SXM4-80GB,89faf2fe4e118b2d,7b1f70985555,1,temporal,train,all,0.7,0.15,0.15,C,noise_curve_c_s59_BPI_Challenge_2012
BPI_Challenge_2012,lstm,checker_net,0.7,5,0.814588,0.466023,0.947977,0.00427,0.481674,0.000375,0.146934,0.486267,0.314365,0.172189,2.7e-05,2.7e-05,0.0,0.999227,3682,5|6|7,11,130330,0.141157,18.83,301.26,9.85,0.19,160.86,14.61,26.55,NVIDIA A100-SXM4-80GB,89faf2fe4e118b2d,7b1f70985555,1,temporal,train,all,0.7,0.15,0.15,C,noise_curve_c_s59_BPI_Challenge_2012
BPI_Challenge_2012,lstm,checker_net_state,0.7,5,0.785908,0.41117,0.948901,0.018178,0.503979,0.014311,0.177494,0.479165,0.328175,0.154807,2.7e-05,2.7e-05,0.0,0.999227,3682,5|6|7,10,130330,0.141157,18.28,274.18,9.85,0.19,160.86,14.61,26.55,NVIDIA A100-SXM4-80GB,89faf2fe4e118b2d,7b1f70985555,1,temporal,train,all,0.7,0.15,0.15,C,noise_curve_c_s59_BPI_Challenge_2012
BPI_Challenge_2012,lstm,marking,0.7,5,0.788274,0.43002,0.952219,0.017485,0.504607,0.014282,0.186796,0.479501,0.328365,0.154807,2.7e-05,2.7e-05,0.0,0.999227,3682,5|6|7,12,130330,0.141157,23.2,394.46,9.85,0.19,160.86,14.61,26.55,NVIDIA A100-SXM4-80GB,89faf2fe4e118b2d,7b1f70985555,1,temporal,train,all,0.7,0.15,0.15,C,noise_curve_c_s59_BPI_Challenge_2012
BPI_Challenge_2012,lstm,gnn,0.7,5,0.791736,0.438618,0.958076,0.015119,0.505415,0.012176,0.184664,0.48722,0.315772,0.172189,2.7e-05,2.7e-05,0.0,0.999227,3682,5|6|7,11,130330,0.141157,23.9,382.35,9.85,0.19,160.86,14.61,26.55,NVIDIA A100-SXM4-80GB,89faf2fe4e118b2d,7b1f70985555,1,temporal,train,all,0.7,0.15,0.15,C,noise_curve_c_s59_BPI_Challenge_2012
BPI_Challenge_2012,lstm,seq,0.7,5,0.785187,0.411638,0.947227,0.017023,0.512579,0.014427,0.18628,0.479791,0.328811,0.154807,4.1e-05,2.7e-05,0.0,0.999227,3682,5|6|7,8,130330,0.141157,67.97,883.57,9.85,0.19,160.86,14.61,26.55,NVIDIA A100-SXM4-80GB,89faf2fe4e118b2d,7b1f70985555,1,temporal,train,all,0.7,0.15,0.15,C,noise_curve_c_s59_BPI_Challenge_2012
BPI_Challenge_2012,lstm,lll,0.7,5,0.803249,0.428998,0.940187,0.003203,0.353777,0.0,0.000205,0.479736,0.32827,0.15535,0.0,0.0,0.0,0.999247,3682,5|6|7,19,130330,0.141157,22.6,542.35,9.85,0.19,160.86,14.61,26.55,NVIDIA A100-SXM4-80GB,89faf2fe4e118b2d,7b1f70985555,1,temporal,train,all,0.7,0.15,0.15,C,noise_curve_c_s59_BPI_Challenge_2012
BPI_Challenge_2012,lstm,gll,0.7,5,0.791967,0.414328,0.933637,0.003491,0.453029,0.0,0.128121,0.479773,0.32877,0.154807,4.1e-05,0.0,0.0,0.999247,3682,5|6|7,7,130330,0.141157,47.43,569.14,9.85,0.19,160.86,14.61,26.55,NVIDIA A100-SXM4-80GB,89faf2fe4e118b2d,7b1f70985555,1,temporal,train,all,0.7,0.15,0.15,C,noise_curve_c_s59_BPI_Challenge_2012
BPI_Challenge_2012,lstm,baseline,0.8,5,0.712447,0.330896,0.909141,0.056553,0.584045,0.023717,0.225408,0.448461,0.284905,0.143672,0.001258,0.001258,0.0,0.994575,3682,5|6|7,14,148949,0.135044,21.55,409.48,9.85,0.19,160.86,14.61,26.55,NVIDIA A100-SXM4-80GB,89faf2fe4e118b2d,7b1f70985555,1,temporal,train,all,0.7,0.15,0.15,C,noise_curve_c_s59_BPI_Challenge_2012
BPI_Challenge_2012,lstm,checker,0.8,5,0.736424,0.385941,0.939841,0.017543,0.492138,0.014023,0.192906,0.429736,0.281334,0.130092,2.7e-05,2.7e-05,0.0,0.995826,3682,5|6|7,10,148949,0.135044,18.88,283.24,9.85,0.19,160.86,14.61,26.55,NVIDIA A100-SXM4-80GB,89faf2fe4e118b2d,7b1f70985555,1,temporal,train,all,0.7,0.15,0.15,C,noise_curve_c_s59_BPI_Challenge_2012
BPI_Challenge_2012,lstm,checker_net,0.8,5,0.689018,0.345488,0.891915,0.058832,0.564007,0.016908,0.17998,0.385876,0.283741,0.081749,0.0,0.0,0.0,0.995846,3682,5|6|7,14,148949,0.135044,18.69,355.18,9.85,0.19,160.86,14.61,26.55,NVIDIA A100-SXM4-80GB,89faf2fe4e118b2d,7b1f70985555,1,temporal,train,all,0.7,0.15,0.15,C,noise_curve_c_s59_BPI_Challenge_2012
BPI_Challenge_2012,lstm,checker_net_state,0.8,5,0.71591,0.337863,0.917075,0.054187,0.570848,0.02617,0.213011,0.447764,0.296226,0.133623,0.001285,0.001285,0.0,0.994555,3682,5|6|7,14,148949,0.135044,26.61,505.65,9.85,0.19,160.86,14.61,26.55,NVIDIA A100-SXM4-80GB,89faf2fe4e118b2d,7b1f70985555,1,temporal,train,all,0.7,0.15,0.15,C,noise_curve_c_s59_BPI_Challenge_2012
BPI_Challenge_2012,lstm,marking,0.8,5,0.691384,0.315474,0.881095,0.062785,0.586295,0.020111,0.222253,0.417766,0.260909,0.130636,0.001623,0.0,0.0,0.993955,3682,5|6|7,13,148949,0.135044,23.24,418.23,9.85,0.19,160.86,14.61,26.55,NVIDIA A100-SXM4-80GB,89faf2fe4e118b2d,7b1f70985555,1,temporal,train,all,0.7,0.15,0.15,C,noise_curve_c_s59_BPI_Challenge_2012
BPI_Challenge_2012,lstm,gnn,0.8,5,0.709418,0.349475,0.895926,0.058486,0.585688,0.026603,0.22308,0.456338,0.295239,0.144758,0.002949,0.002922,0.0,0.995446,3682,5|6|7,22,148949,0.135044,22.04,595.1,9.85,0.19,160.86,14.61,26.55,NVIDIA A100-SXM4-80GB,89faf2fe4e118b2d,7b1f70985555,1,temporal,train,all,0.7,0.15,0.15,C,noise_curve_c_s59_BPI_Challenge_2012
BPI_Challenge_2012,lstm,seq,0.8,5,0.714409,0.343936,0.90966,0.049685,0.57411,0.025708,0.217158,0.447779,0.298093,0.146931,0.001285,0.001285,0.0,0.994555,3682,5|6|7,14,148949,0.135044,68.64,1304.23,9.85,0.19,160.86,14.61,26.55,NVIDIA A100-SXM4-80GB,89faf2fe4e118b2d,7b1f70985555,1,temporal,train,all,0.7,0.15,0.15,C,noise_curve_c_s59_BPI_Challenge_2012
BPI_Challenge_2012,lstm,lll,0.8,5,0.617664,0.237111,0.886462,0.085233,0.438373,0.0,0.000412,0.325965,0.254863,0.052689,0.002881,0.0,0.0,0.992462,3682,5|6|7,4,148949,0.135044,27.23,245.06,9.85,0.19,160.86,14.61,26.55,NVIDIA A100-SXM4-80GB,89faf2fe4e118b2d,7b1f70985555,1,temporal,train,all,0.7,0.15,0.15,C,noise_curve_c_s59_BPI_Challenge_2012
BPI_Challenge_2012,lstm,gll,0.8,5,0.663079,0.267969,0.894368,0.067777,0.51377,0.003116,0.143562,0.331174,0.246382,0.052689,0.002881,0.0,0.0,0.992462,3682,5|6|7,4,148949,0.135044,47.87,430.84,9.85,0.19,160.86,14.61,26.55,NVIDIA A100-SXM4-80GB,89faf2fe4e118b2d,7b1f70985555,1,temporal,train,all,0.7,0.15,0.15,C,noise_curve_c_s59_BPI_Challenge_2012
BPI_Challenge_2012,lstm,baseline,0.0,6,0.854608,0.660909,0.984073,0.0,0.000419,0.0,5.4e-05,0.485122,0.330326,0.155894,0.0,0.0,0.0,0.999247,3682,5|6|7,11,0,1.0,21.71,347.33,9.85,0.19,160.86,14.61,26.55,NVIDIA A100-SXM4-80GB,89faf2fe4e118b2d,7b1f70985555,1,temporal,train,all,0.7,0.15,0.15,C,noise_curve_c_s59_BPI_Challenge_2012
BPI_Challenge_2012,lstm,checker,0.0,6,0.853338,0.656377,0.984361,0.0,0.000174,0.0,2.7e-05,0.484704,0.330394,0.15698,0.0,0.0,0.0,0.999247,3682,5|6|7,23,0,1.0,18.06,505.72,9.85,0.19,160.86,14.61,26.55,NVIDIA A100-SXM4-80GB,89faf2fe4e118b2d,7b1f70985555,1,temporal,train,all,0.7,0.15,0.15,C,noise_curve_c_s59_BPI_Challenge_2012
BPI_Challenge_2012,lstm,checker_net,0.0,6,0.85305,0.653261,0.984015,0.0,0.000267,0.0,2.7e-05,0.484295,0.32965,0.157251,0.0,0.0,0.0,0.999314,3682,5|6|7,23,0,1.0,24.61,688.97,9.85,0.19,160.86,14.61,26.55,NVIDIA A100-SXM4-80GB,89faf2fe4e118b2d,7b1f70985555,1,temporal,train,all,0.7,0.15,0.15,C,noise_curve_c_s59_BPI_Challenge_2012
BPI_Challenge_2012,lstm,checker_net_state,0.0,6,0.854723,0.661271,0.984217,0.0,0.00043,0.0,5e-05,0.484885,0.329988,0.155894,0.0,0.0,0.0,0.999247,3682,5|6|7,11,0,1.0,29.64,474.23,9.85,0.19,160.86,14.61,26.55,NVIDIA A100-SXM4-80GB,89faf2fe4e118b2d,7b1f70985555,1,temporal,train,all,0.7,0.15,0.15,C,noise_curve_c_s59_BPI_Challenge_2012
BPI_Challenge_2012,lstm,marking,0.0,6,0.852906,0.651266,0.984131,0.0,0.000389,0.0,7.4e-05,0.485555,0.331056,0.158066,0.0,0.0,0.0,0.999247,3682,5|6|7,14,0,1.0,21.11,401.03,9.85,0.19,160.86,14.61,26.55,NVIDIA A100-SXM4-80GB,89faf2fe4e118b2d,7b1f70985555,1,temporal,train,all,0.7,0.15,0.15,C,noise_curve_c_s59_BPI_Challenge_2012
BPI_Challenge_2012,lstm,gnn,0.0,6,0.852213,0.653148,0.984333,0.0,0.00073,0.0,5.3e-05,0.484216,0.330069,0.155079,0.0,0.0,0.0,0.999314,3682,5|6|7,5,0,1.0,21.12,211.2,9.85,0.19,160.86,14.61,26.55,NVIDIA A100-SXM4-80GB,89faf2fe4e118b2d,7b1f70985555,1,temporal,train,all,0.7,0.15,0.15,C,noise_curve_c_s59_BPI_Challenge_2012
BPI_Challenge_2012,lstm,seq,0.0,6,0.850944,0.649087,0.984015,0.0,0.000423,0.0,4.6e-05,0.49272,0.318004,0.176534,0.0,0.0,0.0,0.999247,3682,5|6|7,11,0,1.0,68.06,1088.93,9.85,0.19,160.86,14.61,26.55,NVIDIA A100-SXM4-80GB,89faf2fe4e118b2d,7b1f70985555,1,temporal,train,all,0.7,0.15,0.15,C,noise_curve_c_s59_BPI_Challenge_2012
BPI_Challenge_2012,lstm,lll,0.0,6,0.854089,0.657601,0.983582,0.0,0.000882,0.0,4.2e-05,0.484063,0.329555,0.154807,0.0,0.0,0.0,0.999247,3682,5|6|7,11,0,1.0,21.49,343.87,9.85,0.19,160.86,14.61,26.55,NVIDIA A100-SXM4-80GB,89faf2fe4e118b2d,7b1f70985555,1,temporal,train,all,0.7,0.15,0.15,C,noise_curve_c_s59_BPI_Challenge_2012
BPI_Challenge_2012,lstm,gll,0.0,6,0.851751,0.649603,0.984333,0.0,0.000401,0.0,2.2e-05,0.491576,0.317476,0.172461,0.0,0.0,0.0,0.999314,3682,5|6|7,14,0,1.0,47.46,901.7,9.85,0.19,160.86,14.61,26.55,NVIDIA A100-SXM4-80GB,89faf2fe4e118b2d,7b1f70985555,1,temporal,train,all,0.7,0.15,0.15,C,noise_curve_c_s59_BPI_Challenge_2012
BPI_Challenge_2012,lstm,baseline,0.1,6,0.85657,0.667219,0.983698,5.8e-05,0.059696,0.0,0.022584,0.484825,0.330664,0.155894,0.0,0.0,0.0,0.999247,3682,5|6|7,13,18619,0.730022,19.64,353.58,9.85,0.19,160.86,14.61,26.55,NVIDIA A100-SXM4-80GB,89faf2fe4e118b2d,7b1f70985555,1,temporal,train,all,0.7,0.15,0.15,C,noise_curve_c_s59_BPI_Challenge_2012
BPI_Challenge_2012,lstm,checker,0.1,6,0.855647,0.663469,0.983178,0.000144,0.041325,0.0,0.015314,0.485111,0.330583,0.158066,0.0,0.0,0.0,0.999247,3682,5|6|7,13,18619,0.730022,23.45,422.18,9.85,0.19,160.86,14.61,26.55,NVIDIA A100-SXM4-80GB,89faf2fe4e118b2d,7b1f70985555,1,temporal,train,all,0.7,0.15,0.15,C,noise_curve_c_s59_BPI_Challenge_2012
BPI_Challenge_2012,lstm,checker_net,0.1,6,0.855704,0.661172,0.983554,0.000173,0.052225,0.0,0.015311,0.484822,0.33061,0.15698,0.0,0.0,0.0,0.999247,3682,5|6|7,13,18619,0.730022,24.27,436.79,9.85,0.19,160.86,14.61,26.55,NVIDIA A100-SXM4-80GB,89faf2fe4e118b2d,7b1f70985555,1,temporal,train,all,0.7,0.15,0.15,C,noise_curve_c_s59_BPI_Challenge_2012
BPI_Challenge_2012,lstm,checker_net_state,0.1,6,0.855358,0.663555,0.983871,5.8e-05,0.054268,0.0,0.017384,0.485181,0.330664,0.158066,0.0,0.0,0.0,0.999247,3682,5|6|7,13,18619,0.730022,21.03,378.51,9.85,0.19,160.86,14.61,26.55,NVIDIA A100-SXM4-80GB,89faf2fe4e118b2d,7b1f70985555,1,temporal,train,all,0.7,0.15,0.15,C,noise_curve_c_s59_BPI_Challenge_2012
BPI_Challenge_2012,lstm,marking,0.1,6,0.850078,0.645225,0.984073,0.000346,0.06457,0.000231,0.022682,0.491047,0.318031,0.170559,2.7e-05,2.7e-05,0.0,0.999227,3682,5|6|7,13,18619,0.730022,22.41,403.37,9.85,0.19,160.86,14.61,26.55,NVIDIA A100-SXM4-80GB,89faf2fe4e118b2d,7b1f70985555,1,temporal,train,all,0.7,0.15,0.15,C,noise_curve_c_s59_BPI_Challenge_2012
BPI_Challenge_2012,lstm,gnn,0.1,6,0.854521,0.657939,0.983323,0.000404,0.066416,0.000115,0.026482,0.48442,0.331354,0.15535,2.7e-05,2.7e-05,0.0,0.99922,3682,5|6|7,6,18619,0.730022,23.24,255.59,9.85,0.19,160.86,14.61,26.55,NVIDIA A100-SXM4-80GB,89faf2fe4e118b2d,7b1f70985555,1,temporal,train,all,0.7,0.15,0.15,C,noise_curve_c_s59_BPI_Challenge_2012
BPI_Challenge_2012,lstm,seq,0.1,6,0.85406,0.662462,0.983669,8.7e-05,0.061138,2.9e-05,0.0231,0.492188,0.31707,0.173275,0.0,0.0,0.0,0.999247,3682,5|6|7,8,18619,0.730022,68.79,894.27,9.85,0.19,160.86,14.61,26.55,NVIDIA A100-SXM4-80GB,89faf2fe4e118b2d,7b1f70985555,1,temporal,train,all,0.7,0.15,0.15,C,noise_curve_c_s59_BPI_Challenge_2012
BPI_Challenge_2012,lstm,lll,0.1,6,0.856656,0.663075,0.98338,5.8e-05,0.035743,0.0,0.000137,0.484878,0.330759,0.155894,0.0,0.0,0.0,0.999247,3682,5|6|7,14,18619,0.730022,22.42,425.99,9.85,0.19,160.86,14.61,26.55,NVIDIA A100-SXM4-80GB,89faf2fe4e118b2d,7b1f70985555,1,temporal,train,all,0.7,0.15,0.15,C,noise_curve_c_s59_BPI_Challenge_2012
BPI_Challenge_2012,lstm,gll,0.1,6,0.854579,0.661524,0.983727,5.8e-05,0.050227,0.0,0.011429,0.485039,0.329596,0.15535,0.0,0.0,0.0,0.999247,3682,5|6|7,13,18619,0.730022,47.44,853.97,9.85,0.19,160.86,14.61,26.55,NVIDIA A100-SXM4-80GB,89faf2fe4e118b2d,7b1f70985555,1,temporal,train,all,0.7,0.15,0.15,C,noise_curve_c_s59_BPI_Challenge_2012
BPI_Challenge_2012,lstm,baseline,0.2,6,0.848116,0.628693,0.983034,0.000721,0.124935,2.9e-05,0.047215,0.491128,0.316637,0.172732,2.7e-05,0.0,0.0,0.999247,3682,5|6|7,7,37237,0.530677,18.06,216.71,9.85,0.19,160.86,14.61,26.55,NVIDIA A100-SXM4-80GB,89faf2fe4e118b2d,7b1f70985555,1,temporal,train,all,0.7,0.15,0.15,C,noise_curve_c_s59_BPI_Challenge_2012
BPI_Challenge_2012,lstm,checker,0.2,6,0.848376,0.630172,0.983178,0.000548,0.087592,0.0,0.032844,0.49205,0.316989,0.173275,0.0,0.0,0.0,0.999247,3682,5|6|7,7,37237,0.530677,18.02,216.3,9.85,0.19,160.86,14.61,26.55,NVIDIA A100-SXM4-80GB,89faf2fe4e118b2d,7b1f70985555,1,temporal,train,all,0.7,0.15,0.15,C,noise_curve_c_s59_BPI_Challenge_2012
BPI_Challenge_2012,lstm,checker_net,0.2,6,0.852126,0.65314,0.983438,0.000664,0.109923,0.0,0.032329,0.491957,0.316759,0.173275,0.0,0.0,0.0,0.999247,3682,5|6|7,7,37237,0.530677,18.55,222.6,9.85,0.19,160.86,14.61,26.55,NVIDIA A100-SXM4-80GB,89faf2fe4e118b2d,7b1f70985555,1,temporal,train,all,0.7,0.15,0.15,C,noise_curve_c_s59_BPI_Challenge_2012
BPI_Challenge_2012,lstm,checker_net_state,0.2,6,0.848318,0.628877,0.983178,0.000577,0.116313,2.9e-05,0.039294,0.491815,0.317828,0.174362,0.0,0.0,0.0,0.999247,3682,5|6|7,7,37237,0.530677,27.35,328.2,9.85,0.19,160.86,14.61,26.55,NVIDIA A100-SXM4-80GB,89faf2fe4e118b2d,7b1f70985555,1,temporal,train,all,0.7,0.15,0.15,C,noise_curve_c_s59_BPI_Challenge_2012
BPI_Challenge_2012,lstm,marking,0.2,6,0.847972,0.629403,0.982515,0.001327,0.139039,2.9e-05,0.051196,0.484808,0.330705,0.155894,0.0,0.0,0.0,0.999247,3682,5|6|7,3,37237,0.530677,22.1,176.77,9.85,0.19,160.86,14.61,26.55,NVIDIA A100-SXM4-80GB,89faf2fe4e118b2d,7b1f70985555,1,temporal,train,all,0.7,0.15,0.15,C,noise_curve_c_s59_BPI_Challenge_2012
BPI_Challenge_2012,lstm,gnn,0.2,6,0.852328,0.656522,0.98263,0.000635,0.132153,2.9e-05,0.053642,0.492319,0.316746,0.175448,0.0,0.0,0.0,0.999247,3682,5|6|7,9,37237,0.530677,24.12,337.63,9.85,0.19,160.86,14.61,26.55,NVIDIA A100-SXM4-80GB,89faf2fe4e118b2d,7b1f70985555,1,temporal,train,all,0.7,0.15,0.15,C,noise_curve_c_s59_BPI_Challenge_2012
BPI_Challenge_2012,lstm,seq,0.2,6,0.847539,0.622858,0.982342,0.001443,0.128212,0.000231,0.042572,0.484265,0.330678,0.15535,2.7e-05,2.7e-05,0.0,0.999227,3682,5|6|7,3,37237,0.530677,68.74,549.89,9.85,0.19,160.86,14.61,26.55,NVIDIA A100-SXM4-80GB,89faf2fe4e118b2d,7b1f70985555,1,temporal,train,all,0.7,0.15,0.15,C,noise_curve_c_s59_BPI_Challenge_2012
BPI_Challenge_2012,lstm,lll,0.2,6,0.850078,0.638395,0.983409,0.001068,0.081597,0.0,0.000167,0.484798,0.330691,0.155894,0.0,0.0,0.0,0.999247,3682,5|6|7,22,37237,0.530677,22.7,612.93,9.85,0.19,160.86,14.61,26.55,NVIDIA A100-SXM4-80GB,89faf2fe4e118b2d,7b1f70985555,1,temporal,train,all,0.7,0.15,0.15,C,noise_curve_c_s59_BPI_Challenge_2012
BPI_Challenge_2012,lstm,gll,0.2,6,0.847827,0.628247,0.983236,0.000952,0.10733,0.000144,0.02451,0.497365,0.325037,0.170559,2.7e-05,2.7e-05,0.0,0.999227,3682,5|6|7,7,37237,0.530677,47.6,571.19,9.85,0.19,160.86,14.61,26.55,NVIDIA A100-SXM4-80GB,89faf2fe4e118b2d,7b1f70985555,1,temporal,train,all,0.7,0.15,0.15,C,noise_curve_c_s59_BPI_Challenge_2012
BPI_Challenge_2012,lstm,baseline,0.3,6,0.849934,0.641312,0.982544,0.001385,0.210823,0.000231,0.077514,0.484225,0.330624,0.15535,2.7e-05,2.7e-05,0.0,0.999227,3682,5|6|7,9,55856,0.386681,21.12,295.7,9.85,0.19,160.86,14.61,26.55,NVIDIA A100-SXM4-80GB,89faf2fe4e118b2d,7b1f70985555,1,temporal,train,all,0.7,0.15,0.15,C,noise_curve_c_s59_BPI_Challenge_2012
BPI_Challenge_2012,lstm,checker,0.3,6,0.852011,0.64598,0.983092,0.001068,0.147665,2.9e-05,0.054214,0.484808,0.330705,0.155894,0.0,0.0,0.0,0.999247,3682,5|6|7,9,55856,0.386681,19.73,276.18,9.85,0.19,160.86,14.61,26.55,NVIDIA A100-SXM4-80GB,89faf2fe4e118b2d,7b1f70985555,1,temporal,train,all,0.7,0.15,0.15,C,noise_curve_c_s59_BPI_Challenge_2012
BPI_Challenge_2012,lstm,checker_net,0.3,6,0.849847,0.641823,0.981909,0.001356,0.190297,0.0,0.053652,0.484216,0.33061,0.15535,2.7e-05,0.0,0.0,0.999247,3682,5|6|7,9,55856,0.386681,19.16,268.18,9.85,0.19,160.86,14.61,26.55,NVIDIA A100-SXM4-80GB,89faf2fe4e118b2d,7b1f70985555,1,temporal,train,all,0.7,0.15,0.15,C,noise_curve_c_s59_BPI_Challenge_2012
BPI_Challenge_2012,lstm,checker_net_state,0.3,6,0.850799,0.640419,0.982197,0.001356,0.196172,2.9e-05,0.064666,0.484265,0.330678,0.15535,2.7e-05,0.0,0.0,0.999247,3682,5|6|7,9,55856,0.386681,18.94,265.22,9.85,0.19,160.86,14.61,26.55,NVIDIA A100-SXM4-80GB,89faf2fe4e118b2d,7b1f70985555,1,temporal,train,all,0.7,0.15,0.15,C,noise_curve_c_s59_BPI_Challenge_2012
BPI_Challenge_2012,lstm,marking,0.3,6,0.848289,0.630162,0.981418,0.001962,0.215623,0.000173,0.079811,0.498692,0.326457,0.170559,2.7e-05,2.7e-05,0.0,0.999227,3682,5|6|7,4,55856,0.386681,20.04,180.38,9.85,0.19,160.86,14.61,26.55,NVIDIA A100-SXM4-80GB,89faf2fe4e118b2d,7b1f70985555,1,temporal,train,all,0.7,0.15,0.15,C,noise_curve_c_s59_BPI_Challenge_2012
BPI_Challenge_2012,lstm,gnn,0.3,6,0.848231,0.643143,0.982197,0.00127,0.205155,0.000231,0.078071,0.484265,0.330678,0.15535,2.7e-05,2.7e-05,0.0,0.999227,3682,5|6|7,10,55856,0.386681,21.16,317.36,9.85,0.19,160.86,14.61,26.55,NVIDIA A100-SXM4-80GB,89faf2fe4e118b2d,7b1f70985555,1,temporal,train,all,0.7,0.15,0.15,C,noise_curve_c_s59_BPI_Challenge_2012
BPI_Challenge_2012,lstm,seq,0.3,6,0.84826,0.628752,0.981794,0.001443,0.204541,0.000289,0.071084,0.484493,0.329636,0.154807,2.7e-05,2.7e-05,0.0,0.999227,3682,5|6|7,10,55856,0.386681,68.11,1021.65,9.85,0.19,160.86,14.61,26.55,NVIDIA A100-SXM4-80GB,89faf2fe4e118b2d,7b1f70985555,1,temporal,train,all,0.7,0.15,0.15,C,noise_curve_c_s59_BPI_Challenge_2012
BPI_Challenge_2012,lstm,lll,0.3,6,0.843009,0.611589,0.981563,0.001385,0.12715,0.0,0.000168,0.488295,0.316326,0.170016,2.7e-05,0.0,0.0,0.999247,3682,5|6|7,26,55856,0.386681,20.41,632.73,9.85,0.19,160.86,14.61,26.55,NVIDIA A100-SXM4-80GB,89faf2fe4e118b2d,7b1f70985555,1,temporal,train,all,0.7,0.15,0.15,C,noise_curve_c_s59_BPI_Challenge_2012
BPI_Challenge_2012,lstm,gll,0.3,6,0.847625,0.643778,0.982515,0.0015,0.190592,0.000231,0.054405,0.497908,0.324848,0.170559,2.7e-05,2.7e-05,0.0,0.999227,3682,5|6|7,11,55856,0.386681,47.56,761.01,9.85,0.19,160.86,14.61,26.55,NVIDIA A100-SXM4-80GB,89faf2fe4e118b2d,7b1f70985555,1,temporal,train,all,0.7,0.15,0.15,C,noise_curve_c_s59_BPI_Challenge_2012
BPI_Challenge_2012,lstm,baseline,0.4,6,0.842807,0.606686,0.980322,0.002164,0.286604,0.000231,0.106538,0.484265,0.330678,0.15535,2.7e-05,2.7e-05,0.0,0.999227,3682,5|6|7,10,74474,0.285262,20.56,308.39,9.85,0.19,160.86,14.61,26.55,NVIDIA A100-SXM4-80GB,89faf2fe4e118b2d,7b1f70985555,1,temporal,train,all,0.7,0.15,0.15,C,noise_curve_c_s59_BPI_Challenge_2012
BPI_Challenge_2012,lstm,checker,0.4,6,0.845288,0.597603,0.980409,0.001443,0.209655,0.000173,0.079739,0.499694,0.328351,0.172732,2.7e-05,2.7e-05,0.0,0.999227,3682,5|6|7,8,74474,0.285262,18.07,234.95,9.85,0.19,160.86,14.61,26.55,NVIDIA A100-SXM4-80GB,89faf2fe4e118b2d,7b1f70985555,1,temporal,train,all,0.7,0.15,0.15,C,noise_curve_c_s59_BPI_Challenge_2012
BPI_Challenge_2012,lstm,checker_net,0.4,6,0.843124,0.606586,0.980495,0.002222,0.261981,0.000202,0.078494,0.484493,0.329636,0.154807,2.7e-05,2.7e-05,0.0,0.999227,3682,5|6|7,10,74474,0.285262,18.84,282.6,9.85,0.19,160.86,14.61,26.55,NVIDIA A100-SXM4-80GB,89faf2fe4e118b2d,7b1f70985555,1,temporal,train,all,0.7,0.15,0.15,C,noise_curve_c_s59_BPI_Challenge_2012
BPI_Challenge_2012,lstm,checker_net_state,0.4,6,0.839518,0.575929,0.980005,0.002222,0.273282,0.000202,0.092096,0.484201,0.330583,0.15535,2.7e-05,2.7e-05,0.0,0.999227,3682,5|6|7,10,74474,0.285262,18.23,273.43,9.85,0.19,160.86,14.61,26.55,NVIDIA A100-SXM4-80GB,89faf2fe4e118b2d,7b1f70985555,1,temporal,train,all,0.7,0.15,0.15,C,noise_curve_c_s59_BPI_Challenge_2012
BPI_Challenge_2012,lstm,marking,0.4,6,0.843817,0.62006,0.980207,0.001385,0.29139,0.000173,0.104497,0.484068,0.330353,0.15535,2.7e-05,2.7e-05,0.0,0.999227,3682,5|6|7,18,74474,0.285262,20.69,475.94,9.85,0.19,160.86,14.61,26.55,NVIDIA A100-SXM4-80GB,89faf2fe4e118b2d,7b1f70985555,1,temporal,train,all,0.7,0.15,0.15,C,noise_curve_c_s59_BPI_Challenge_2012
BPI_Challenge_2012,lstm,gnn,0.4,6,0.842114,0.605767,0.980899,0.002366,0.288615,0.000144,0.109279,0.483663,0.329704,0.153178,2.7e-05,2.7e-05,0.0,0.999227,3682,5|6|7,10,74474,0.285262,21.46,321.93,9.85,0.19,160.86,14.61,26.55,NVIDIA A100-SXM4-80GB,89faf2fe4e118b2d,7b1f70985555,1,temporal,train,all,0.7,0.15,0.15,C,noise_curve_c_s59_BPI_Challenge_2012
BPI_Challenge_2012,lstm,seq,0.4,6,0.844278,0.586069,0.979889,0.001731,0.279077,0.000202,0.104218,0.48421,0.330597,0.15535,2.7e-05,2.7e-05,0.0,0.999227,3682,5|6|7,10,74474,0.285262,69.21,1038.22,9.85,0.19,160.86,14.61,26.55,NVIDIA A100-SXM4-80GB,89faf2fe4e118b2d,7b1f70985555,1,temporal,train,all,0.7,0.15,0.15,C,noise_curve_c_s59_BPI_Challenge_2012
BPI_Challenge_2012,lstm,lll,0.4,6,0.835594,0.551015,0.978995,0.003318,0.188165,0.0,0.000181,0.484143,0.330502,0.15535,2.7e-05,0.0,0.0,0.999247,3682,5|6|7,10,74474,0.285262,23.69,355.37,9.85,0.19,160.86,14.61,26.55,NVIDIA A100-SXM4-80GB,89faf2fe4e118b2d,7b1f70985555,1,temporal,train,all,0.7,0.15,0.15,C,noise_curve_c_s59_BPI_Challenge_2012
BPI_Challenge_2012,lstm,gll,0.4,6,0.839373,0.596632,0.978706,0.002395,0.254532,0.000173,0.069152,0.484468,0.317503,0.151548,2.7e-05,2.7e-05,0.0,0.999227,3682,5|6|7,10,74474,0.285262,47.48,712.27,9.85,0.19,160.86,14.61,26.55,NVIDIA A100-SXM4-80GB,89faf2fe4e118b2d,7b1f70985555,1,temporal,train,all,0.7,0.15,0.15,C,noise_curve_c_s59_BPI_Challenge_2012
BPI_Challenge_2012,lstm,baseline,0.5,6,0.832564,0.529205,0.97458,0.005367,0.36081,0.000519,0.135376,0.48355,0.329853,0.154536,6.8e-05,2.7e-05,0.0,0.999294,3682,5|6|7,8,93093,0.217686,25.02,325.28,9.85,0.19,160.86,14.61,26.55,NVIDIA A100-SXM4-80GB,89faf2fe4e118b2d,7b1f70985555,1,temporal,train,all,0.7,0.15,0.15,C,noise_curve_c_s59_BPI_Challenge_2012
BPI_Challenge_2012,lstm,checker,0.5,6,0.840181,0.578174,0.97836,0.002135,0.273373,0.000202,0.100656,0.484265,0.330624,0.15535,2.7e-05,2.7e-05,0.0,0.999227,3682,5|6|7,13,93093,0.217686,19.61,353.04,9.85,0.19,160.86,14.61,26.55,NVIDIA A100-SXM4-80GB,89faf2fe4e118b2d,7b1f70985555,1,temporal,train,all,0.7,0.15,0.15,C,noise_curve_c_s59_BPI_Challenge_2012
BPI_Challenge_2012,lstm,checker_net,0.5,6,0.840008,0.55835,0.977639,0.002626,0.338633,0.0,0.102046,0.483673,0.330258,0.15535,2.7e-05,0.0,0.0,0.999247,3682,5|6|7,17,93093,0.217686,18.62,409.7,9.85,0.19,160.86,14.61,26.55,NVIDIA A100-SXM4-80GB,89faf2fe4e118b2d,7b1f70985555,1,temporal,train,all,0.7,0.15,0.15,C,noise_curve_c_s59_BPI_Challenge_2012
BPI_Challenge_2012,lstm,checker_net_state,0.5,6,0.838912,0.571577,0.974926,0.002799,0.357289,0.000577,0.122481,0.493074,0.322792,0.170288,2.7e-05,2.7e-05,0.0,0.999294,3682,5|6|7,19,93093,0.217686,25.36,608.55,9.85,0.19,160.86,14.61,26.55,NVIDIA A100-SXM4-80GB,89faf2fe4e118b2d,7b1f70985555,1,temporal,train,all,0.7,0.15,0.15,C,noise_curve_c_s59_BPI_Challenge_2012
BPI_Challenge_2012,lstm,marking,0.5,6,0.8304,0.52227,0.976023,0.004674,0.370598,0.000231,0.13894,0.480628,0.316083,0.151005,2.7e-05,2.7e-05,0.0,0.999227,3682,5|6|7,10,93093,0.217686,23.02,345.3,9.85,0.19,160.86,14.61,26.55,NVIDIA A100-SXM4-80GB,89faf2fe4e118b2d,7b1f70985555,1,temporal,train,all,0.7,0.15,0.15,C,noise_curve_c_s59_BPI_Challenge_2012
BPI_Challenge_2012,lstm,gnn,0.5,6,0.832535,0.528511,0.976456,0.003751,0.353789,0.000375,0.130776,0.4837,0.329758,0.153178,2.7e-05,0.0,0.0,0.999247,3682,5|6|7,8,93093,0.217686,21.89,284.55,9.85,0.19,160.86,14.61,26.55,NVIDIA A100-SXM4-80GB,89faf2fe4e118b2d,7b1f70985555,1,temporal,train,all,0.7,0.15,0.15,C,noise_curve_c_s59_BPI_Challenge_2012
BPI_Challenge_2012,lstm,seq,0.5,6,0.835161,0.550828,0.976888,0.00303,0.356081,0.000375,0.133008,0.484142,0.330502,0.15535,2.7e-05,0.0,0.0,0.999247,3682,5|6|7,16,93093,0.217686,68.96,1448.16,9.85,0.19,160.86,14.61,26.55,NVIDIA A100-SXM4-80GB,89faf2fe4e118b2d,7b1f70985555,1,temporal,train,all,0.7,0.15,0.15,C,noise_curve_c_s59_BPI_Challenge_2012
BPI_Challenge_2012,lstm,lll,0.5,6,0.828207,0.499185,0.968204,0.003924,0.243312,0.0,0.000183,0.486254,0.314757,0.167029,2.7e-05,0.0,0.0,0.999314,3682,5|6|7,19,93093,0.217686,20.73,497.63,9.85,0.19,160.86,14.61,26.55,NVIDIA A100-SXM4-80GB,89faf2fe4e118b2d,7b1f70985555,1,temporal,train,all,0.7,0.15,0.15,C,noise_curve_c_s59_BPI_Challenge_2012
BPI_Challenge_2012,lstm,gll,0.5,6,0.835305,0.54232,0.97458,0.003174,0.330669,0.0,0.091508,0.482,0.329663,0.154807,2.7e-05,0.0,0.0,0.999247,3682,5|6|7,17,93093,0.217686,47.15,1037.21,9.85,0.19,160.86,14.61,26.55,NVIDIA A100-SXM4-80GB,89faf2fe4e118b2d,7b1f70985555,1,temporal,train,all,0.7,0.15,0.15,C,noise_curve_c_s59_BPI_Challenge_2012
BPI_Challenge_2012,lstm,baseline,0.6,6,0.822379,0.480309,0.970339,0.004299,0.443127,0.00101,0.168882,0.480772,0.327215,0.156437,2.7e-05,2.7e-05,0.0,0.999227,3682,5|6|7,9,111712,0.168996,25.71,359.99,9.85,0.19,160.86,14.61,26.55,NVIDIA A100-SXM4-80GB,89faf2fe4e118b2d,7b1f70985555,1,temporal,train,all,0.7,0.15,0.15,C,noise_curve_c_s59_BPI_Challenge_2012
BPI_Challenge_2012,lstm,checker,0.6,6,0.819378,0.479355,0.973022,0.002251,0.34269,0.000173,0.133067,0.479286,0.328351,0.154807,2.7e-05,2.7e-05,0.0,0.999227,3682,5|6|7,9,111712,0.168996,19.77,276.81,9.85,0.19,160.86,14.61,26.55,NVIDIA A100-SXM4-80GB,89faf2fe4e118b2d,7b1f70985555,1,temporal,train,all,0.7,0.15,0.15,C,noise_curve_c_s59_BPI_Challenge_2012
BPI_Challenge_2012,lstm,checker_net,0.6,6,0.8216,0.477821,0.968146,0.00453,0.417025,0.000173,0.130054,0.480502,0.327215,0.156437,0.000176,2.7e-05,0.0,0.999227,3682,5|6|7,9,111712,0.168996,22.89,320.5,9.85,0.19,160.86,14.61,26.55,NVIDIA A100-SXM4-80GB,89faf2fe4e118b2d,7b1f70985555,1,temporal,train,all,0.7,0.15,0.15,C,noise_curve_c_s59_BPI_Challenge_2012
BPI_Challenge_2012,lstm,checker_net_state,0.6,6,0.822523,0.489712,0.967511,0.004501,0.421872,0.001183,0.148924,0.48673,0.314676,0.172189,4.1e-05,2.7e-05,0.0,0.999227,3682,5|6|7,12,111712,0.168996,27.21,462.63,9.85,0.19,160.86,14.61,26.55,NVIDIA A100-SXM4-80GB,89faf2fe4e118b2d,7b1f70985555,1,temporal,train,all,0.7,0.15,0.15,C,noise_curve_c_s59_BPI_Challenge_2012
BPI_Challenge_2012,lstm,marking,0.6,6,0.821859,0.479258,0.969791,0.003607,0.440896,0.000866,0.162429,0.480342,0.316029,0.151005,2.7e-05,2.7e-05,0.0,0.999227,3682,5|6|7,15,111712,0.168996,22.17,443.34,9.85,0.19,160.86,14.61,26.55,NVIDIA A100-SXM4-80GB,89faf2fe4e118b2d,7b1f70985555,1,temporal,train,all,0.7,0.15,0.15,C,noise_curve_c_s59_BPI_Challenge_2012
BPI_Challenge_2012,lstm,gnn,0.6,6,0.817214,0.46804,0.96679,0.004876,0.445647,0.000606,0.162219,0.486896,0.314676,0.172189,2.7e-05,2.7e-05,0.0,0.999227,3682,5|6|7,8,111712,0.168996,21.98,285.74,9.85,0.19,160.86,14.61,26.55,NVIDIA A100-SXM4-80GB,89faf2fe4e118b2d,7b1f70985555,1,temporal,train,all,0.7,0.15,0.15,C,noise_curve_c_s59_BPI_Challenge_2012
BPI_Challenge_2012,lstm,seq,0.6,6,0.827053,0.524149,0.967684,0.004011,0.445646,0.000692,0.159694,0.487252,0.314717,0.172189,0.000243,2.7e-05,0.0,0.999227,3682,5|6|7,17,111712,0.168996,66.67,1466.69,9.85,0.19,160.86,14.61,26.55,NVIDIA A100-SXM4-80GB,89faf2fe4e118b2d,7b1f70985555,1,temporal,train,all,0.7,0.15,0.15,C,noise_curve_c_s59_BPI_Challenge_2012
BPI_Challenge_2012,lstm,lll,0.6,6,0.819118,0.466051,0.96125,0.005598,0.2968,0.0,0.000212,0.492255,0.321372,0.172189,2.7e-05,0.0,0.0,0.999247,3682,5|6|7,11,111712,0.168996,18.69,299.02,9.85,0.19,160.86,14.61,26.55,NVIDIA A100-SXM4-80GB,89faf2fe4e118b2d,7b1f70985555,1,temporal,train,all,0.7,0.15,0.15,C,noise_curve_c_s59_BPI_Challenge_2012
BPI_Challenge_2012,lstm,gll,0.6,6,0.822436,0.489753,0.968319,0.003116,0.381131,0.0,0.103404,0.480676,0.316056,0.151005,2.7e-05,0.0,0.0,0.999247,3682,5|6|7,12,111712,0.168996,47.81,812.72,9.85,0.19,160.86,14.61,26.55,NVIDIA A100-SXM4-80GB,89faf2fe4e118b2d,7b1f70985555,1,temporal,train,all,0.7,0.15,0.15,C,noise_curve_c_s59_BPI_Challenge_2012
BPI_Challenge_2012,lstm,baseline,0.7,6,0.795805,0.437114,0.95294,0.007646,0.508063,0.004588,0.185935,0.479739,0.327283,0.154264,2.7e-05,2.7e-05,0.0,0.999227,3682,5|6|7,15,130330,0.140175,21.64,432.84,9.85,0.19,160.86,14.61,26.55,NVIDIA A100-SXM4-80GB,89faf2fe4e118b2d,7b1f70985555,1,temporal,train,all,0.7,0.15,0.15,C,noise_curve_c_s59_BPI_Challenge_2012
BPI_Challenge_2012,lstm,checker,0.7,6,0.807635,0.436791,0.960702,0.003953,0.394947,0.001096,0.150108,0.489849,0.325781,0.158066,0.0,0.0,0.0,0.999247,3682,5|6|7,15,130330,0.140175,20.39,407.86,9.85,0.19,160.86,14.61,26.55,NVIDIA A100-SXM4-80GB,89faf2fe4e118b2d,7b1f70985555,1,temporal,train,all,0.7,0.15,0.15,C,noise_curve_c_s59_BPI_Challenge_2012
BPI_Challenge_2012,lstm,checker_net,0.7,6,0.802903,0.420759,0.951988,0.004068,0.479448,0.000808,0.149975,0.480009,0.315204,0.151548,0.0,0.0,0.0,0.999247,3682,5|6|7,13,130330,0.140175,22.19,399.35,9.85,0.19,160.86,14.61,26.55,NVIDIA A100-SXM4-80GB,89faf2fe4e118b2d,7b1f70985555,1,temporal,train,all,0.7,0.15,0.15,C,noise_curve_c_s59_BPI_Challenge_2012
BPI_Challenge_2012,lstm,checker_net_state,0.7,6,0.79693,0.420852,0.945554,0.016591,0.497495,0.013475,0.178909,0.479428,0.315122,0.151005,2.7e-05,2.7e-05,0.0,0.999227,3682,5|6|7,13,130330,0.140175,19.57,352.28,9.85,0.19,160.86,14.61,26.55,NVIDIA A100-SXM4-80GB,89faf2fe4e118b2d,7b1f70985555,1,temporal,train,all,0.7,0.15,0.15,C,noise_curve_c_s59_BPI_Challenge_2012
BPI_Challenge_2012,lstm,marking,0.7,6,0.780916,0.405427,0.949333,0.019822,0.517184,0.017052,0.193727,0.478039,0.313905,0.147746,0.001285,0.001285,0.0,0.997956,3682,5|6|7,10,130330,0.140175,19.53,292.92,9.85,0.19,160.86,14.61,26.55,NVIDIA A100-SXM4-80GB,89faf2fe4e118b2d,7b1f70985555,1,temporal,train,all,0.7,0.15,0.15,C,noise_curve_c_s59_BPI_Challenge_2012
BPI_Challenge_2012,lstm,gnn,0.7,6,0.792487,0.436186,0.953719,0.017052,0.505713,0.014109,0.188316,0.479466,0.315177,0.151005,2.7e-05,0.0,0.0,0.999247,3682,5|6|7,11,130330,0.140175,21.28,340.47,9.85,0.19,160.86,14.61,26.55,NVIDIA A100-SXM4-80GB,89faf2fe4e118b2d,7b1f70985555,1,temporal,train,all,0.7,0.15,0.15,C,noise_curve_c_s59_BPI_Challenge_2012
BPI_Challenge_2012,lstm,seq,0.7,6,0.79719,0.429999,0.950401,0.016648,0.517991,0.013878,0.19238,0.479583,0.327174,0.154264,4.1e-05,2.7e-05,0.0,0.999227,3682,5|6|7,14,130330,0.140175,68.33,1298.23,9.85,0.19,160.86,14.61,26.55,NVIDIA A100-SXM4-80GB,89faf2fe4e118b2d,7b1f70985555,1,temporal,train,all,0.7,0.15,0.15,C,noise_curve_c_s59_BPI_Challenge_2012
BPI_Challenge_2012,lstm,lll,0.7,6,0.787178,0.3923,0.937186,0.004299,0.357103,0.0,0.000201,0.479814,0.314703,0.149375,0.0,0.0,0.0,0.999247,3682,5|6|7,15,130330,0.140175,18.5,369.97,9.85,0.19,160.86,14.61,26.55,NVIDIA A100-SXM4-80GB,89faf2fe4e118b2d,7b1f70985555,1,temporal,train,all,0.7,0.15,0.15,C,noise_curve_c_s59_BPI_Challenge_2012
BPI_Challenge_2012,lstm,gll,0.7,6,0.783946,0.407304,0.927376,0.008743,0.404728,0.0,0.112353,0.480248,0.315434,0.151548,0.0,0.0,0.0,0.999247,3682,5|6|7,15,130330,0.140175,47.29,945.85,9.85,0.19,160.86,14.61,26.55,NVIDIA A100-SXM4-80GB,89faf2fe4e118b2d,7b1f70985555,1,temporal,train,all,0.7,0.15,0.15,C,noise_curve_c_s59_BPI_Challenge_2012
BPI_Challenge_2012,lstm,baseline,0.8,6,0.711639,0.331789,0.91999,0.055254,0.580397,0.025679,0.210869,0.448122,0.297917,0.147474,0.001271,0.001258,0.0,0.994575,3682,5|6|7,12,148949,0.133406,20.48,348.18,9.85,0.19,160.86,14.61,26.55,NVIDIA A100-SXM4-80GB,89faf2fe4e118b2d,7b1f70985555,1,temporal,train,all,0.7,0.15,0.15,C,noise_curve_c_s59_BPI_Challenge_2012
BPI_Challenge_2012,lstm,checker,0.8,6,0.738704,0.366638,0.936321,0.027468,0.474968,0.013532,0.177114,0.449914,0.29908,0.15019,0.0,0.0,0.0,0.995846,3682,5|6|7,12,148949,0.133406,21.62,367.58,9.85,0.19,160.86,14.61,26.55,NVIDIA A100-SXM4-80GB,89faf2fe4e118b2d,7b1f70985555,1,temporal,train,all,0.7,0.15,0.15,C,noise_curve_c_s59_BPI_Challenge_2012
BPI_Challenge_2012,lstm,checker_net,0.8,6,0.727711,0.362519,0.924173,0.037711,0.552789,0.013878,0.166848,0.449572,0.299202,0.150733,0.000162,0.0,0.0,0.995846,3682,5|6|7,12,148949,0.133406,18.61,316.32,9.85,0.19,160.86,14.61,26.55,NVIDIA A100-SXM4-80GB,89faf2fe4e118b2d,7b1f70985555,1,temporal,train,all,0.7,0.15,0.15,C,noise_curve_c_s59_BPI_Challenge_2012
BPI_Challenge_2012,lstm,checker_net_state,0.8,6,0.717468,0.344167,0.916585,0.048416,0.56935,0.023891,0.198784,0.447588,0.297903,0.146931,0.001299,0.001285,0.0,0.994555,3682,5|6|7,12,148949,0.133406,22.66,385.19,9.85,0.19,160.86,14.61,26.55,NVIDIA A100-SXM4-80GB,89faf2fe4e118b2d,7b1f70985555,1,temporal,train,all,0.7,0.15,0.15,C,noise_curve_c_s59_BPI_Challenge_2012
BPI_Challenge_2012,lstm,marking,0.8,6,0.6696,0.269851,0.898205,0.073201,0.595038,0.029286,0.224376,0.419964,0.255999,0.143129,0.002881,0.0,0.0,0.992462,3682,5|6|7,8,148949,0.133406,21.01,273.14,9.85,0.19,160.86,14.61,26.55,NVIDIA A100-SXM4-80GB,89faf2fe4e118b2d,7b1f70985555,1,temporal,train,all,0.7,0.15,0.15,C,noise_curve_c_s59_BPI_Challenge_2012
BPI_Challenge_2012,lstm,gnn,0.8,6,0.718939,0.353897,0.904582,0.050551,0.584598,0.029777,0.21564,0.447723,0.298039,0.146931,0.001285,0.001285,0.0,0.994555,3682,5|6|7,17,148949,0.133406,21.5,473.1,9.85,0.19,160.86,14.61,26.55,NVIDIA A100-SXM4-80GB,89faf2fe4e118b2d,7b1f70985555,1,temporal,train,all,0.7,0.15,0.15,C,noise_curve_c_s59_BPI_Challenge_2012
BPI_Challenge_2012,lstm,seq,0.8,6,0.719343,0.344367,0.91067,0.045357,0.588783,0.020024,0.21641,0.436476,0.286568,0.147474,0.001258,0.0,0.0,0.994353,3682,5|6|7,13,148949,0.133406,67.77,1219.89,9.85,0.19,160.86,14.61,26.55,NVIDIA A100-SXM4-80GB,89faf2fe4e118b2d,7b1f70985555,1,temporal,train,all,0.7,0.15,0.15,C,noise_curve_c_s59_BPI_Challenge_2012
BPI_Challenge_2012,lstm,lll,0.8,6,0.67514,0.277277,0.906832,0.076029,0.442049,0.0,0.00025,0.400203,0.243406,0.127376,0.003395,0.0,0.0,0.992462,3682,5|6|7,20,148949,0.133406,21.05,526.32,9.85,0.19,160.86,14.61,26.55,NVIDIA A100-SXM4-80GB,89faf2fe4e118b2d,7b1f70985555,1,temporal,train,all,0.7,0.15,0.15,C,noise_curve_c_s59_BPI_Challenge_2012
BPI_Challenge_2012,lstm,gll,0.8,6,0.705436,0.350324,0.904265,0.05234,0.517443,0.013042,0.147343,0.445395,0.281266,0.145301,0.0,0.0,0.0,0.995846,3682,5|6|7,16,148949,0.133406,47.68,1001.28,9.85,0.19,160.86,14.61,26.55,NVIDIA A100-SXM4-80GB,89faf2fe4e118b2d,7b1f70985555,1,temporal,train,all,0.7,0.15,0.15,C,noise_curve_c_s59_BPI_Challenge_2012
BPI_Challenge_2012,lstm,baseline,0.0,7,0.856137,0.664621,0.984275,0.0,0.000499,0.0,6e-05,0.485107,0.329366,0.156708,0.0,0.0,0.0,0.999314,3682,5|6|7,9,0,1.0,17.91,250.8,9.85,0.19,160.86,14.61,26.55,NVIDIA A100-SXM4-80GB,89faf2fe4e118b2d,7b1f70985555,1,temporal,train,all,0.7,0.15,0.15,C,noise_curve_c_s59_BPI_Challenge_2012
BPI_Challenge_2012,lstm,checker,0.0,7,0.856714,0.664707,0.98439,0.0,0.000295,0.0,3.5e-05,0.484879,0.330407,0.157251,0.0,0.0,0.0,0.999314,3682,5|6|7,9,0,1.0,17.93,250.98,9.85,0.19,160.86,14.61,26.55,NVIDIA A100-SXM4-80GB,89faf2fe4e118b2d,7b1f70985555,1,temporal,train,all,0.7,0.15,0.15,C,noise_curve_c_s59_BPI_Challenge_2012
BPI_Challenge_2012,lstm,checker_net,0.0,7,0.856628,0.663834,0.984217,0.0,0.000309,0.0,3.6e-05,0.483998,0.328392,0.156708,0.0,0.0,0.0,0.999314,3682,5|6|7,21,0,1.0,22.36,581.47,9.85,0.19,160.86,14.61,26.55,NVIDIA A100-SXM4-80GB,89faf2fe4e118b2d,7b1f70985555,1,temporal,train,all,0.7,0.15,0.15,C,noise_curve_c_s59_BPI_Challenge_2012
BPI_Challenge_2012,lstm,checker_net_state,0.0,7,0.856714,0.662768,0.984131,2.9e-05,0.000516,0.0,3.8e-05,0.485032,0.330542,0.157251,0.0,0.0,0.0,0.999314,3682,5|6|7,9,0,1.0,23.85,333.87,9.85,0.19,160.86,14.61,26.55,NVIDIA A100-SXM4-80GB,89faf2fe4e118b2d,7b1f70985555,1,temporal,train,all,0.7,0.15,0.15,C,noise_curve_c_s59_BPI_Challenge_2012
BPI_Challenge_2012,lstm,marking,0.0,7,0.850684,0.647376,0.984333,0.0,0.000285,0.0,4e-05,0.484998,0.33038,0.158066,0.0,0.0,0.0,0.999247,3682,5|6|7,16,0,1.0,21.64,454.45,9.85,0.19,160.86,14.61,26.55,NVIDIA A100-SXM4-80GB,89faf2fe4e118b2d,7b1f70985555,1,temporal,train,all,0.7,0.15,0.15,C,noise_curve_c_s59_BPI_Challenge_2012
BPI_Challenge_2012,lstm,gnn,0.0,7,0.856022,0.66476,0.983871,0.0,0.000514,0.0,5.3e-05,0.485856,0.329596,0.159696,0.0,0.0,0.0,0.999247,3682,5|6|7,12,0,1.0,21.11,358.95,9.85,0.19,160.86,14.61,26.55,NVIDIA A100-SXM4-80GB,89faf2fe4e118b2d,7b1f70985555,1,temporal,train,all,0.7,0.15,0.15,C,noise_curve_c_s59_BPI_Challenge_2012
BPI_Challenge_2012,lstm,seq,0.0,7,0.857464,0.664763,0.984477,0.0,0.000387,0.0,5.6e-05,0.485075,0.330569,0.158066,0.0,0.0,0.0,0.999247,3682,5|6|7,16,0,1.0,68.04,1428.9,9.85,0.19,160.86,14.61,26.55,NVIDIA A100-SXM4-80GB,89faf2fe4e118b2d,7b1f70985555,1,temporal,train,all,0.7,0.15,0.15,C,noise_curve_c_s59_BPI_Challenge_2012
BPI_Challenge_2012,lstm,lll,0.0,7,0.856541,0.664549,0.983813,0.0,0.0009,0.0,3.5e-05,0.484401,0.330312,0.155079,0.0,0.0,0.0,0.999314,3682,5|6|7,9,0,1.0,25.21,352.97,9.85,0.19,160.86,14.61,26.55,NVIDIA A100-SXM4-80GB,89faf2fe4e118b2d,7b1f70985555,1,temporal,train,all,0.7,0.15,0.15,C,noise_curve_c_s59_BPI_Challenge_2012
BPI_Challenge_2012,lstm,gll,0.0,7,0.850972,0.642434,0.984592,0.0,0.000297,0.0,1.8e-05,0.491602,0.317584,0.173547,0.0,0.0,0.0,0.999314,3682,5|6|7,16,0,1.0,47.5,997.44,9.85,0.19,160.86,14.61,26.55,NVIDIA A100-SXM4-80GB,89faf2fe4e118b2d,7b1f70985555,1,temporal,train,all,0.7,0.15,0.15,C,noise_curve_c_s59_BPI_Challenge_2012
BPI_Challenge_2012,lstm,baseline,0.1,7,0.855127,0.66187,0.983986,0.000202,0.062071,0.000144,0.022324,0.491052,0.317557,0.172732,2.7e-05,2.7e-05,0.0,0.999227,3682,5|6|7,14,18619,0.730022,25.3,480.62,9.85,0.19,160.86,14.61,26.55,NVIDIA A100-SXM4-80GB,89faf2fe4e118b2d,7b1f70985555,1,temporal,train,all,0.7,0.15,0.15,C,noise_curve_c_s59_BPI_Challenge_2012
BPI_Challenge_2012,lstm,checker,0.1,7,0.855185,0.660084,0.984044,8.7e-05,0.041359,2.9e-05,0.014652,0.491989,0.318058,0.173275,0.0,0.0,0.0,0.999247,3682,5|6|7,14,18619,0.730022,21.03,399.53,9.85,0.19,160.86,14.61,26.55,NVIDIA A100-SXM4-80GB,89faf2fe4e118b2d,7b1f70985555,1,temporal,train,all,0.7,0.15,0.15,C,noise_curve_c_s59_BPI_Challenge_2012
BPI_Challenge_2012,lstm,checker_net,0.1,7,0.854666,0.659007,0.984044,0.000317,0.054678,0.0,0.014658,0.492187,0.317828,0.173275,0.0,0.0,0.0,0.999247,3682,5|6|7,14,18619,0.730022,18.76,356.45,9.85,0.19,160.86,14.61,26.55,NVIDIA A100-SXM4-80GB,89faf2fe4e118b2d,7b1f70985555,1,temporal,train,all,0.7,0.15,0.15,C,noise_curve_c_s59_BPI_Challenge_2012
BPI_Challenge_2012,lstm,checker_net_state,0.1,7,0.855012,0.661806,0.984217,0.000173,0.056255,8.7e-05,0.016947,0.491499,0.317611,0.174905,2.7e-05,2.7e-05,0.0,0.999227,3682,5|6|7,14,18619,0.730022,20.61,391.53,9.85,0.19,160.86,14.61,26.55,NVIDIA A100-SXM4-80GB,89faf2fe4e118b2d,7b1f70985555,1,temporal,train,all,0.7,0.15,0.15,C,noise_curve_c_s59_BPI_Challenge_2012
BPI_Challenge_2012,lstm,marking,0.1,7,0.852155,0.654105,0.983842,5.8e-05,0.061938,0.0,0.02284,0.484808,0.330705,0.155894,0.0,0.0,0.0,0.999247,3682,5|6|7,3,18619,0.730022,19.66,157.27,9.85,0.19,160.86,14.61,26.55,NVIDIA A100-SXM4-80GB,89faf2fe4e118b2d,7b1f70985555,1,temporal,train,all,0.7,0.15,0.15,C,noise_curve_c_s59_BPI_Challenge_2012
BPI_Challenge_2012,lstm,gnn,0.1,7,0.855993,0.659776,0.983034,8.7e-05,0.063789,0.0,0.021891,0.484962,0.330813,0.155894,0.0,0.0,0.0,0.999247,3682,5|6|7,10,18619,0.730022,21.74,326.13,9.85,0.19,160.86,14.61,26.55,NVIDIA A100-SXM4-80GB,89faf2fe4e118b2d,7b1f70985555,1,temporal,train,all,0.7,0.15,0.15,C,noise_curve_c_s59_BPI_Challenge_2012
BPI_Challenge_2012,lstm,seq,0.1,7,0.850453,0.644786,0.983929,0.000173,0.062775,2.9e-05,0.023648,0.491974,0.317963,0.173275,0.0,0.0,0.0,0.999247,3682,5|6|7,7,18619,0.730022,68.54,822.42,9.85,0.19,160.86,14.61,26.55,NVIDIA A100-SXM4-80GB,89faf2fe4e118b2d,7b1f70985555,1,temporal,train,all,0.7,0.15,0.15,C,noise_curve_c_s59_BPI_Challenge_2012
BPI_Challenge_2012,lstm,lll,0.1,7,0.853569,0.655775,0.9839,0.000144,0.036425,0.0,0.000161,0.48574,0.317408,0.154264,0.0,0.0,0.0,0.999247,3682,5|6|7,14,18619,0.730022,18.68,354.91,9.85,0.19,160.86,14.61,26.55,NVIDIA A100-SXM4-80GB,89faf2fe4e118b2d,7b1f70985555,1,temporal,train,all,0.7,0.15,0.15,C,noise_curve_c_s59_BPI_Challenge_2012
BPI_Challenge_2012,lstm,gll,0.1,7,0.851867,0.64708,0.982688,0.000173,0.055161,0.0,0.011763,0.483484,0.32988,0.15535,2.7e-05,0.0,0.0,0.999173,3682,5|6|7,8,18619,0.730022,47.52,617.81,9.85,0.19,160.86,14.61,26.55,NVIDIA A100-SXM4-80GB,89faf2fe4e118b2d,7b1f70985555,1,temporal,train,all,0.7,0.15,0.15,C,noise_curve_c_s59_BPI_Challenge_2012
BPI_Challenge_2012,lstm,baseline,0.2,7,0.848376,0.636274,0.983005,0.000894,0.134284,0.000202,0.052447,0.490372,0.316746,0.170559,2.7e-05,2.7e-05,0.0,0.999227,3682,5|6|7,10,37237,0.532751,17.99,269.92,9.85,0.19,160.86,14.61,26.55,NVIDIA A100-SXM4-80GB,89faf2fe4e118b2d,7b1f70985555,1,temporal,train,all,0.7,0.15,0.15,C,noise_curve_c_s59_BPI_Challenge_2012
BPI_Challenge_2012,lstm,checker,0.2,7,0.849472,0.63579,0.983698,0.000173,0.092373,0.0,0.035232,0.490702,0.317882,0.171646,0.0,0.0,0.0,0.999247,3682,5|6|7,10,37237,0.532751,23.55,353.26,9.85,0.19,160.86,14.61,26.55,NVIDIA A100-SXM4-80GB,89faf2fe4e118b2d,7b1f70985555,1,temporal,train,all,0.7,0.15,0.15,C,noise_curve_c_s59_BPI_Challenge_2012
BPI_Challenge_2012,lstm,checker_net,0.2,7,0.849443,0.636982,0.98315,0.000491,0.119575,0.000115,0.036033,0.490446,0.318612,0.172189,2.7e-05,2.7e-05,0.0,0.999227,3682,5|6|7,10,37237,0.532751,20.65,309.82,9.85,0.19,160.86,14.61,26.55,NVIDIA A100-SXM4-80GB,89faf2fe4e118b2d,7b1f70985555,1,temporal,train,all,0.7,0.15,0.15,C,noise_curve_c_s59_BPI_Challenge_2012
BPI_Challenge_2012,lstm,checker_net_state,0.2,7,0.849443,0.638661,0.983178,0.000519,0.123277,0.000173,0.042762,0.484066,0.330353,0.15535,2.7e-05,2.7e-05,0.0,0.999227,3682,5|6|7,10,37237,0.532751,19.06,285.95,9.85,0.19,160.86,14.61,26.55,NVIDIA A100-SXM4-80GB,89faf2fe4e118b2d,7b1f70985555,1,temporal,train,all,0.7,0.15,0.15,C,noise_curve_c_s59_BPI_Challenge_2012
BPI_Challenge_2012,lstm,marking,0.2,7,0.850886,0.6313,0.982082,0.000808,0.14152,0.000202,0.052617,0.483872,0.328635,0.152634,2.7e-05,2.7e-05,0.0,0.999227,3682,5|6|7,4,37237,0.532751,22.0,197.99,9.85,0.19,160.86,14.61,26.55,NVIDIA A100-SXM4-80GB,89faf2fe4e118b2d,7b1f70985555,1,temporal,train,all,0.7,0.15,0.15,C,noise_curve_c_s59_BPI_Challenge_2012
BPI_Challenge_2012,lstm,gnn,0.2,7,0.848549,0.632574,0.983121,0.000692,0.130654,0.000144,0.047723,0.491523,0.316908,0.172732,2.7e-05,2.7e-05,0.0,0.999227,3682,5|6|7,14,37237,0.532751,21.36,405.84,9.85,0.19,160.86,14.61,26.55,NVIDIA A100-SXM4-80GB,89faf2fe4e118b2d,7b1f70985555,1,temporal,train,all,0.7,0.15,0.15,C,noise_curve_c_s59_BPI_Challenge_2012
BPI_Challenge_2012,lstm,seq,0.2,7,0.853367,0.644037,0.982342,0.00075,0.130372,0.000144,0.046611,0.484255,0.330664,0.15535,2.7e-05,2.7e-05,0.0,0.999227,3682,5|6|7,8,37237,0.532751,69.16,899.05,9.85,0.19,160.86,14.61,26.55,NVIDIA A100-SXM4-80GB,89faf2fe4e118b2d,7b1f70985555,1,temporal,train,all,0.7,0.15,0.15,C,noise_curve_c_s59_BPI_Challenge_2012
BPI_Challenge_2012,lstm,lll,0.2,7,0.84878,0.637622,0.982601,0.000866,0.081317,0.0,0.000207,0.499237,0.329271,0.171646,0.0,0.0,0.0,0.999247,3682,5|6|7,10,37237,0.532751,23.4,351.06,9.85,0.19,160.86,14.61,26.55,NVIDIA A100-SXM4-80GB,89faf2fe4e118b2d,7b1f70985555,1,temporal,train,all,0.7,0.15,0.15,C,noise_curve_c_s59_BPI_Challenge_2012
BPI_Challenge_2012,lstm,gll,0.2,7,0.848491,0.639154,0.983034,0.000923,0.116693,0.0,0.029468,0.484094,0.33038,0.15535,2.7e-05,0.0,0.0,0.999247,3682,5|6|7,10,37237,0.532751,47.49,712.42,9.85,0.19,160.86,14.61,26.55,NVIDIA A100-SXM4-80GB,89faf2fe4e118b2d,7b1f70985555,1,temporal,train,all,0.7,0.15,0.15,C,noise_curve_c_s59_BPI_Challenge_2012
BPI_Challenge_2012,lstm,baseline,0.3,7,0.847337,0.630633,0.982573,0.001125,0.212383,2.9e-05,0.079391,0.484403,0.330759,0.15535,2.7e-05,0.0,0.0,0.999247,3682,5|6|7,16,55856,0.38417,22.94,481.81,9.85,0.19,160.86,14.61,26.55,NVIDIA A100-SXM4-80GB,89faf2fe4e118b2d,7b1f70985555,1,temporal,train,all,0.7,0.15,0.15,C,noise_curve_c_s59_BPI_Challenge_2012
BPI_Challenge_2012,lstm,checker,0.3,7,0.844913,0.621728,0.982082,0.001241,0.151445,0.000231,0.058248,0.491715,0.317679,0.172732,2.7e-05,2.7e-05,0.0,0.999227,3682,5|6|7,7,55856,0.38417,20.22,242.59,9.85,0.19,160.86,14.61,26.55,NVIDIA A100-SXM4-80GB,89faf2fe4e118b2d,7b1f70985555,1,temporal,train,all,0.7,0.15,0.15,C,noise_curve_c_s59_BPI_Challenge_2012
BPI_Challenge_2012,lstm,checker_net,0.3,7,0.850366,0.639244,0.982746,0.001241,0.190532,8.7e-05,0.053721,0.484265,0.330678,0.15535,2.7e-05,2.7e-05,0.0,0.999227,3682,5|6|7,9,55856,0.38417,21.45,300.23,9.85,0.19,160.86,14.61,26.55,NVIDIA A100-SXM4-80GB,89faf2fe4e118b2d,7b1f70985555,1,temporal,train,all,0.7,0.15,0.15,C,noise_curve_c_s59_BPI_Challenge_2012
BPI_Challenge_2012,lstm,checker_net_state,0.3,7,0.847077,0.632754,0.982342,0.000837,0.198128,2.9e-05,0.065513,0.484127,0.330461,0.15535,2.7e-05,0.0,0.0,0.999247,3682,5|6|7,16,55856,0.38417,18.22,382.7,9.85,0.19,160.86,14.61,26.55,NVIDIA A100-SXM4-80GB,89faf2fe4e118b2d,7b1f70985555,1,temporal,train,all,0.7,0.15,0.15,C,noise_curve_c_s59_BPI_Challenge_2012
BPI_Challenge_2012,lstm,marking,0.3,7,0.851838,0.64489,0.982226,0.001356,0.207001,2.9e-05,0.079292,0.484319,0.330624,0.156437,2.7e-05,0.0,0.0,0.999247,3682,5|6|7,16,55856,0.38417,20.8,436.71,9.85,0.19,160.86,14.61,26.55,NVIDIA A100-SXM4-80GB,89faf2fe4e118b2d,7b1f70985555,1,temporal,train,all,0.7,0.15,0.15,C,noise_curve_c_s59_BPI_Challenge_2012
BPI_Challenge_2012,lstm,gnn,0.3,7,0.848174,0.631831,0.981938,0.001298,0.204234,0.000144,0.075321,0.484923,0.330475,0.157523,2.7e-05,0.0,0.0,0.999247,3682,5|6|7,13,55856,0.38417,21.3,383.44,9.85,0.19,160.86,14.61,26.55,NVIDIA A100-SXM4-80GB,89faf2fe4e118b2d,7b1f70985555,1,temporal,train,all,0.7,0.15,0.15,C,noise_curve_c_s59_BPI_Challenge_2012
BPI_Challenge_2012,lstm,seq,0.3,7,0.851405,0.644955,0.982573,0.001356,0.208571,0.000202,0.076796,0.484265,0.330678,0.15535,2.7e-05,2.7e-05,0.0,0.999227,3682,5|6|7,10,55856,0.38417,68.76,1031.47,9.85,0.19,160.86,14.61,26.55,NVIDIA A100-SXM4-80GB,89faf2fe4e118b2d,7b1f70985555,1,temporal,train,all,0.7,0.15,0.15,C,noise_curve_c_s59_BPI_Challenge_2012
BPI_Challenge_2012,lstm,lll,0.3,7,0.848116,0.639429,0.981303,0.002453,0.133318,0.0,0.000279,0.491338,0.316651,0.172732,2.7e-05,0.0,0.0,0.999247,3682,5|6|7,7,55856,0.38417,18.52,222.2,9.85,0.19,160.86,14.61,26.55,NVIDIA A100-SXM4-80GB,89faf2fe4e118b2d,7b1f70985555,1,temporal,train,all,0.7,0.15,0.15,C,noise_curve_c_s59_BPI_Challenge_2012
BPI_Challenge_2012,lstm,gll,0.3,7,0.847943,0.629886,0.982659,0.001039,0.180487,2.9e-05,0.042272,0.484255,0.330664,0.15535,2.7e-05,0.0,0.0,0.999247,3682,5|6|7,16,55856,0.38417,47.87,1005.26,9.85,0.19,160.86,14.61,26.55,NVIDIA A100-SXM4-80GB,89faf2fe4e118b2d,7b1f70985555,1,temporal,train,all,0.7,0.15,0.15,C,noise_curve_c_s59_BPI_Challenge_2012
BPI_Challenge_2012,lstm,baseline,0.4,7,0.842547,0.58511,0.980524,0.002741,0.278679,0.000231,0.103371,0.48421,0.330583,0.15535,2.7e-05,2.7e-05,0.0,0.999227,3682,5|6|7,9,74474,0.277402,24.33,340.57,9.85,0.19,160.86,14.61,26.55,NVIDIA A100-SXM4-80GB,89faf2fe4e118b2d,7b1f70985555,1,temporal,train,all,0.7,0.15,0.15,C,noise_curve_c_s59_BPI_Challenge_2012
BPI_Challenge_2012,lstm,checker,0.4,7,0.848924,0.623336,0.982284,0.001241,0.20458,0.00026,0.078051,0.484265,0.330678,0.15535,2.7e-05,2.7e-05,0.0,0.999227,3682,5|6|7,13,74474,0.277402,18.51,333.22,9.85,0.19,160.86,14.61,26.55,NVIDIA A100-SXM4-80GB,89faf2fe4e118b2d,7b1f70985555,1,temporal,train,all,0.7,0.15,0.15,C,noise_curve_c_s59_BPI_Challenge_2012
BPI_Challenge_2012,lstm,checker_net,0.4,7,0.848202,0.627346,0.981245,0.002193,0.254664,8.7e-05,0.076119,0.48421,0.330597,0.15535,2.7e-05,0.0,0.0,0.999247,3682,5|6|7,13,74474,0.277402,18.66,335.91,9.85,0.19,160.86,14.61,26.55,NVIDIA A100-SXM4-80GB,89faf2fe4e118b2d,7b1f70985555,1,temporal,train,all,0.7,0.15,0.15,C,noise_curve_c_s59_BPI_Challenge_2012
BPI_Challenge_2012,lstm,checker_net_state,0.4,7,0.844134,0.609252,0.981649,0.002164,0.27251,0.000289,0.092909,0.484142,0.330488,0.15535,2.7e-05,2.7e-05,0.0,0.999227,3682,5|6|7,13,74474,0.277402,25.63,461.3,9.85,0.19,160.86,14.61,26.55,NVIDIA A100-SXM4-80GB,89faf2fe4e118b2d,7b1f70985555,1,temporal,train,all,0.7,0.15,0.15,C,noise_curve_c_s59_BPI_Challenge_2012
BPI_Challenge_2012,lstm,marking,0.4,7,0.847683,0.620029,0.980726,0.002193,0.280021,0.000173,0.101506,0.484133,0.330475,0.15535,2.7e-05,2.7e-05,0.0,0.999227,3682,5|6|7,11,74474,0.277402,19.57,313.18,9.85,0.19,160.86,14.61,26.55,NVIDIA A100-SXM4-80GB,89faf2fe4e118b2d,7b1f70985555,1,temporal,train,all,0.7,0.15,0.15,C,noise_curve_c_s59_BPI_Challenge_2012
BPI_Challenge_2012,lstm,gnn,0.4,7,0.840816,0.585201,0.979831,0.002683,0.282488,0.00026,0.108816,0.491263,0.316502,0.172732,2.7e-05,2.7e-05,0.0,0.999227,3682,5|6|7,7,74474,0.277402,21.11,253.37,9.85,0.19,160.86,14.61,26.55,NVIDIA A100-SXM4-80GB,89faf2fe4e118b2d,7b1f70985555,1,temporal,train,all,0.7,0.15,0.15,C,noise_curve_c_s59_BPI_Challenge_2012
BPI_Challenge_2012,lstm,seq,0.4,7,0.846644,0.622822,0.98087,0.002193,0.282851,0.000289,0.102076,0.490853,0.316827,0.172732,2.7e-05,2.7e-05,0.0,0.999227,3682,5|6|7,9,74474,0.277402,68.08,953.18,9.85,0.19,160.86,14.61,26.55,NVIDIA A100-SXM4-80GB,89faf2fe4e118b2d,7b1f70985555,1,temporal,train,all,0.7,0.15,0.15,C,noise_curve_c_s59_BPI_Challenge_2012
BPI_Challenge_2012,lstm,lll,0.4,7,0.842605,0.574662,0.978995,0.002741,0.177712,0.0,0.000175,0.484201,0.330583,0.15535,2.7e-05,0.0,0.0,0.999247,3682,5|6|7,13,74474,0.277402,25.64,461.49,9.85,0.19,160.86,14.61,26.55,NVIDIA A100-SXM4-80GB,89faf2fe4e118b2d,7b1f70985555,1,temporal,train,all,0.7,0.15,0.15,C,noise_curve_c_s59_BPI_Challenge_2012
BPI_Challenge_2012,lstm,gll,0.4,7,0.842172,0.568791,0.978908,0.001702,0.240107,2.9e-05,0.060409,0.498756,0.327553,0.171103,2.7e-05,0.0,0.0,0.999247,3682,5|6|7,9,74474,0.277402,47.34,662.72,9.85,0.19,160.86,14.61,26.55,NVIDIA A100-SXM4-80GB,89faf2fe4e118b2d,7b1f70985555,1,temporal,train,all,0.7,0.15,0.15,C,noise_curve_c_s59_BPI_Challenge_2012
BPI_Challenge_2012,lstm,baseline,0.5,7,0.835016,0.565921,0.973917,0.005194,0.36512,0.002251,0.143045,0.491521,0.317557,0.172732,2.7e-05,2.7e-05,0.0,0.999227,3682,5|6|7,8,93093,0.217031,18.62,242.01,9.85,0.19,160.86,14.61,26.55,NVIDIA A100-SXM4-80GB,89faf2fe4e118b2d,7b1f70985555,1,temporal,train,all,0.7,0.15,0.15,C,noise_curve_c_s59_BPI_Challenge_2012
BPI_Challenge_2012,lstm,checker,0.5,7,0.835738,0.565172,0.974926,0.002135,0.273644,5.8e-05,0.107184,0.490425,0.316894,0.172732,2.7e-05,2.7e-05,0.0,0.999227,3682,5|6|7,8,93093,0.217031,18.14,235.82,9.85,0.19,160.86,14.61,26.55,NVIDIA A100-SXM4-80GB,89faf2fe4e118b2d,7b1f70985555,1,temporal,train,all,0.7,0.15,0.15,C,noise_curve_c_s59_BPI_Challenge_2012
BPI_Challenge_2012,lstm,checker_net,0.5,7,0.833747,0.544819,0.973945,0.004126,0.333872,5.8e-05,0.106536,0.490211,0.316976,0.172732,2.7e-05,0.0,0.0,0.999247,3682,5|6|7,8,93093,0.217031,18.38,238.95,9.85,0.19,160.86,14.61,26.55,NVIDIA A100-SXM4-80GB,89faf2fe4e118b2d,7b1f70985555,1,temporal,train,all,0.7,0.15,0.15,C,noise_curve_c_s59_BPI_Challenge_2012
BPI_Challenge_2012,lstm,checker_net_state,0.5,7,0.83343,0.54704,0.973772,0.00479,0.348927,0.000202,0.127381,0.490002,0.317138,0.172732,2.7e-05,2.7e-05,0.0,0.999227,3682,5|6|7,8,93093,0.217031,25.72,334.31,9.85,0.19,160.86,14.61,26.55,NVIDIA A100-SXM4-80GB,89faf2fe4e118b2d,7b1f70985555,1,temporal,train,all,0.7,0.15,0.15,C,noise_curve_c_s59_BPI_Challenge_2012
BPI_Challenge_2012,lstm,marking,0.5,7,0.841047,0.562377,0.976485,0.002885,0.36647,0.000173,0.135751,0.484059,0.330353,0.15535,2.7e-05,2.7e-05,0.0,0.999227,3682,5|6|7,11,93093,0.217031,21.31,340.88,9.85,0.19,160.86,14.61,26.55,NVIDIA A100-SXM4-80GB,89faf2fe4e118b2d,7b1f70985555,1,temporal,train,all,0.7,0.15,0.15,C,noise_curve_c_s59_BPI_Challenge_2012
BPI_Challenge_2012,lstm,gnn,0.5,7,0.837267,0.557001,0.975186,0.002914,0.364093,0.00026,0.136712,0.491525,0.317571,0.172732,2.7e-05,2.7e-05,0.0,0.999227,3682,5|6|7,11,93093,0.217031,21.37,341.91,9.85,0.19,160.86,14.61,26.55,NVIDIA A100-SXM4-80GB,89faf2fe4e118b2d,7b1f70985555,1,temporal,train,all,0.7,0.15,0.15,C,noise_curve_c_s59_BPI_Challenge_2012
BPI_Challenge_2012,lstm,seq,0.5,7,0.834757,0.554168,0.976138,0.003434,0.35544,0.000548,0.129539,0.491714,0.317638,0.172732,2.7e-05,2.7e-05,0.0,0.999227,3682,5|6|7,9,93093,0.217031,67.81,949.39,9.85,0.19,160.86,14.61,26.55,NVIDIA A100-SXM4-80GB,89faf2fe4e118b2d,7b1f70985555,1,temporal,train,all,0.7,0.15,0.15,C,noise_curve_c_s59_BPI_Challenge_2012
BPI_Challenge_2012,lstm,lll,0.5,7,0.825581,0.491309,0.970223,0.0058,0.230752,0.0,0.000237,0.486181,0.315001,0.171374,2.7e-05,0.0,0.0,0.999314,3682,5|6|7,8,93093,0.217031,23.58,306.57,9.85,0.19,160.86,14.61,26.55,NVIDIA A100-SXM4-80GB,89faf2fe4e118b2d,7b1f70985555,1,temporal,train,all,0.7,0.15,0.15,C,noise_curve_c_s59_BPI_Challenge_2012
BPI_Challenge_2012,lstm,gll,0.5,7,0.822061,0.473,0.967511,0.002799,0.32057,0.0,0.090384,0.487148,0.315312,0.171374,2.7e-05,0.0,0.0,0.999314,3682,5|6|7,6,93093,0.217031,48.04,528.41,9.85,0.19,160.86,14.61,26.55,NVIDIA A100-SXM4-80GB,89faf2fe4e118b2d,7b1f70985555,1,temporal,train,all,0.7,0.15,0.15,C,noise_curve_c_s59_BPI_Challenge_2012
BPI_Challenge_2012,lstm,baseline,0.6,7,0.819263,0.479528,0.96552,0.004732,0.444942,0.001154,0.16878,0.480034,0.327797,0.154264,2.7e-05,0.0,0.0,0.999247,3682,5|6|7,11,111712,0.164192,20.57,329.06,9.85,0.19,160.86,14.61,26.55,NVIDIA A100-SXM4-80GB,89faf2fe4e118b2d,7b1f70985555,1,temporal,train,all,0.7,0.15,0.15,C,noise_curve_c_s59_BPI_Challenge_2012
BPI_Challenge_2012,lstm,checker,0.6,7,0.827976,0.516678,0.974898,0.002222,0.351601,0.000375,0.133265,0.481781,0.314595,0.157523,2.7e-05,2.7e-05,0.0,0.999227,3682,5|6|7,11,111712,0.164192,18.16,290.51,9.85,0.19,160.86,14.61,26.55,NVIDIA A100-SXM4-80GB,89faf2fe4e118b2d,7b1f70985555,1,temporal,train,all,0.7,0.15,0.15,C,noise_curve_c_s59_BPI_Challenge_2012
BPI_Challenge_2012,lstm,checker_net,0.6,7,0.827601,0.521026,0.970772,0.00326,0.398508,8.7e-05,0.12204,0.488794,0.315826,0.172189,2.7e-05,0.0,0.0,0.999247,3682,5|6|7,18,111712,0.164192,19.59,450.68,9.85,0.19,160.86,14.61,26.55,NVIDIA A100-SXM4-80GB,89faf2fe4e118b2d,7b1f70985555,1,temporal,train,all,0.7,0.15,0.15,C,noise_curve_c_s59_BPI_Challenge_2012
BPI_Challenge_2012,lstm,checker_net_state,0.6,7,0.820878,0.495588,0.972878,0.004559,0.416572,0.001068,0.14604,0.488227,0.315379,0.172189,2.7e-05,2.7e-05,0.0,0.999227,3682,5|6|7,18,111712,0.164192,22.88,526.19,9.85,0.19,160.86,14.61,26.55,NVIDIA A100-SXM4-80GB,89faf2fe4e118b2d,7b1f70985555,1,temporal,train,all,0.7,0.15,0.15,C,noise_curve_c_s59_BPI_Challenge_2012
BPI_Challenge_2012,lstm,marking,0.6,7,0.826274,0.509571,0.966299,0.003087,0.434403,0.000317,0.158605,0.487799,0.316015,0.172189,2.7e-05,0.0,0.0,0.999247,3682,5|6|7,8,111712,0.164192,20.65,268.5,9.85,0.19,160.86,14.61,26.55,NVIDIA A100-SXM4-80GB,89faf2fe4e118b2d,7b1f70985555,1,temporal,train,all,0.7,0.15,0.15,C,noise_curve_c_s59_BPI_Challenge_2012
BPI_Challenge_2012,lstm,gnn,0.6,7,0.821657,0.489587,0.970194,0.00378,0.433254,0.00101,0.161484,0.494195,0.327404,0.170559,2.7e-05,0.0,0.0,0.999247,3682,5|6|7,10,111712,0.164192,22.28,334.15,9.85,0.19,160.86,14.61,26.55,NVIDIA A100-SXM4-80GB,89faf2fe4e118b2d,7b1f70985555,1,temporal,train,all,0.7,0.15,0.15,C,noise_curve_c_s59_BPI_Challenge_2012
BPI_Challenge_2012,lstm,seq,0.6,7,0.83066,0.519708,0.971781,0.004761,0.440896,0.001385,0.166604,0.479146,0.328189,0.154807,4.1e-05,2.7e-05,0.0,0.999227,3682,5|6|7,12,111712,0.164192,68.24,1160.07,9.85,0.19,160.86,14.61,26.55,NVIDIA A100-SXM4-80GB,89faf2fe4e118b2d,7b1f70985555,1,temporal,train,all,0.7,0.15,0.15,C,noise_curve_c_s59_BPI_Challenge_2012
BPI_Challenge_2012,lstm,lll,0.6,7,0.804057,0.423699,0.954643,0.002683,0.294168,0.0,0.000195,0.48621,0.315082,0.171374,2.7e-05,0.0,0.0,0.999314,3682,5|6|7,9,111712,0.164192,20.86,292.09,9.85,0.19,160.86,14.61,26.55,NVIDIA A100-SXM4-80GB,89faf2fe4e118b2d,7b1f70985555,1,temporal,train,all,0.7,0.15,0.15,C,noise_curve_c_s59_BPI_Challenge_2012
BPI_Challenge_2012,lstm,gll,0.6,7,0.810116,0.456542,0.962664,0.003289,0.389314,0.000606,0.109019,0.479423,0.315109,0.151005,2.7e-05,0.0,0.0,0.999247,3682,5|6|7,9,111712,0.164192,46.96,657.37,9.85,0.19,160.86,14.61,26.55,NVIDIA A100-SXM4-80GB,89faf2fe4e118b2d,7b1f70985555,1,temporal,train,all,0.7,0.15,0.15,C,noise_curve_c_s59_BPI_Challenge_2012
BPI_Challenge_2012,lstm,baseline,0.7,7,0.771972,0.384093,0.945179,0.027584,0.510925,0.023054,0.188857,0.485272,0.314027,0.16893,0.001285,0.001285,0.0,0.997956,3682,5|6|7,6,130330,0.145961,18.66,205.25,9.85,0.19,160.86,14.61,26.55,NVIDIA A100-SXM4-80GB,89faf2fe4e118b2d,7b1f70985555,1,temporal,train,all,0.7,0.15,0.15,C,noise_curve_c_s59_BPI_Challenge_2012
BPI_Challenge_2012,lstm,checker,0.7,7,0.792573,0.408693,0.954383,0.004847,0.410259,0.000289,0.151334,0.479695,0.314108,0.157523,2.7e-05,2.7e-05,0.0,0.999227,3682,5|6|7,6,130330,0.145961,17.95,197.45,9.85,0.19,160.86,14.61,26.55,NVIDIA A100-SXM4-80GB,89faf2fe4e118b2d,7b1f70985555,1,temporal,train,all,0.7,0.15,0.15,C,noise_curve_c_s59_BPI_Challenge_2012
BPI_Challenge_2012,lstm,checker_net,0.7,7,0.79038,0.408252,0.943736,0.005713,0.476625,0.001039,0.143656,0.488001,0.315839,0.172189,2.7e-05,2.7e-05,0.0,0.999227,3682,5|6|7,6,130330,0.145961,20.33,223.67,9.85,0.19,160.86,14.61,26.55,NVIDIA A100-SXM4-80GB,89faf2fe4e118b2d,7b1f70985555,1,temporal,train,all,0.7,0.15,0.15,C,noise_curve_c_s59_BPI_Challenge_2012
BPI_Challenge_2012,lstm,checker_net_state,0.7,7,0.804894,0.415143,0.95646,0.012407,0.499321,0.009839,0.176847,0.480079,0.318247,0.142314,0.004261,0.004261,0.0,0.994941,3682,5|6|7,12,130330,0.145961,28.37,482.32,9.85,0.19,160.86,14.61,26.55,NVIDIA A100-SXM4-80GB,89faf2fe4e118b2d,7b1f70985555,1,temporal,train,all,0.7,0.15,0.15,C,noise_curve_c_s59_BPI_Challenge_2012
BPI_Challenge_2012,lstm,marking,0.7,7,0.80625,0.449142,0.955364,0.008454,0.517467,0.005338,0.19411,0.479937,0.315488,0.151005,2.7e-05,0.0,0.0,0.999247,3682,5|6|7,13,130330,0.145961,22.08,397.51,9.85,0.19,160.86,14.61,26.55,NVIDIA A100-SXM4-80GB,89faf2fe4e118b2d,7b1f70985555,1,temporal,train,all,0.7,0.15,0.15,C,noise_curve_c_s59_BPI_Challenge_2012
BPI_Challenge_2012,lstm,gnn,0.7,7,0.802787,0.438104,0.950834,0.010618,0.513281,0.006983,0.189033,0.479674,0.32873,0.154807,2.7e-05,2.7e-05,0.0,0.999227,3682,5|6|7,10,130330,0.145961,21.37,320.5,9.85,0.19,160.86,14.61,26.55,NVIDIA A100-SXM4-80GB,89faf2fe4e118b2d,7b1f70985555,1,temporal,train,all,0.7,0.15,0.15,C,noise_curve_c_s59_BPI_Challenge_2012
BPI_Challenge_2012,lstm,seq,0.7,7,0.805269,0.447979,0.945669,0.005424,0.515238,0.001645,0.193807,0.479091,0.31469,0.15019,0.000162,2.7e-05,0.0,0.999294,3682,5|6|7,10,130330,0.145961,68.72,1030.76,9.85,0.19,160.86,14.61,26.55,NVIDIA A100-SXM4-80GB,89faf2fe4e118b2d,7b1f70985555,1,temporal,train,all,0.7,0.15,0.15,C,noise_curve_c_s59_BPI_Challenge_2012
BPI_Challenge_2012,lstm,lll,0.7,7,0.800277,0.4164,0.944198,0.003203,0.356677,0.0,0.00019,0.479887,0.31542,0.151005,2.7e-05,0.0,0.0,0.999247,3682,5|6|7,29,130330,0.145961,19.48,662.24,9.85,0.19,160.86,14.61,26.55,NVIDIA A100-SXM4-80GB,89faf2fe4e118b2d,7b1f70985555,1,temporal,train,all,0.7,0.15,0.15,C,noise_curve_c_s59_BPI_Challenge_2012
BPI_Challenge_2012,lstm,gll,0.7,7,0.790698,0.426131,0.935542,0.004299,0.453743,0.000231,0.125549,0.450514,0.286487,0.146388,2.7e-05,0.0,0.0,0.995846,3682,5|6|7,6,130330,0.145961,48.81,536.93,9.85,0.19,160.86,14.61,26.55,NVIDIA A100-SXM4-80GB,89faf2fe4e118b2d,7b1f70985555,1,temporal,train,all,0.7,0.15,0.15,C,noise_curve_c_s59_BPI_Challenge_2012
BPI_Challenge_2012,lstm,baseline,0.8,7,0.721854,0.369574,0.908621,0.050263,0.583977,0.027642,0.218981,0.451805,0.28715,0.156437,0.005749,0.001285,0.0,0.990194,3682,5|6|7,19,148949,0.132424,24.43,586.36,9.85,0.19,160.86,14.61,26.55,NVIDIA A100-SXM4-80GB,89faf2fe4e118b2d,7b1f70985555,1,temporal,train,all,0.7,0.15,0.15,C,noise_curve_c_s59_BPI_Challenge_2012
BPI_Challenge_2012,lstm,checker,0.8,7,0.742484,0.373218,0.939235,0.023602,0.483374,0.013705,0.181501,0.452819,0.283823,0.162683,0.001285,2.7e-05,0.0,0.994333,3682,5|6|7,12,148949,0.132424,20.19,343.18,9.85,0.19,160.86,14.61,26.55,NVIDIA A100-SXM4-80GB,89faf2fe4e118b2d,7b1f70985555,1,temporal,train,all,0.7,0.15,0.15,C,noise_curve_c_s59_BPI_Challenge_2012
BPI_Challenge_2012,lstm,checker_net,0.8,7,0.723152,0.376864,0.920134,0.037307,0.551892,0.014196,0.173007,0.438539,0.2776,0.153992,0.001258,0.0,0.0,0.994353,3682,5|6|7,11,148949,0.132424,21.16,338.61,9.85,0.19,160.86,14.61,26.55,NVIDIA A100-SXM4-80GB,89faf2fe4e118b2d,7b1f70985555,1,temporal,train,all,0.7,0.15,0.15,C,noise_curve_c_s59_BPI_Challenge_2012
BPI_Challenge_2012,lstm,checker_net_state,0.8,7,0.72546,0.368141,0.901091,0.04178,0.569404,0.028074,0.204231,0.465609,0.29647,0.164313,0.001285,0.001285,0.0,0.994555,3682,5|6|7,19,148949,0.132424,21.2,508.73,9.85,0.19,160.86,14.61,26.55,NVIDIA A100-SXM4-80GB,89faf2fe4e118b2d,7b1f70985555,1,temporal,train,all,0.7,0.15,0.15,C,noise_curve_c_s59_BPI_Challenge_2012
BPI_Challenge_2012,lstm,marking,0.8,7,0.664147,0.337709,0.905217,0.068729,0.592829,0.032691,0.229919,0.403982,0.240538,0.148561,0.005722,0.001258,0.0,0.995062,3682,5|6|7,3,148949,0.132424,25.5,203.97,9.85,0.19,160.86,14.61,26.55,NVIDIA A100-SXM4-80GB,89faf2fe4e118b2d,7b1f70985555,1,temporal,train,all,0.7,0.15,0.15,C,noise_curve_c_s59_BPI_Challenge_2012
BPI_Challenge_2012,lstm,gnn,0.8,7,0.718939,0.365425,0.891684,0.046223,0.583474,0.027353,0.216276,0.46397,0.294914,0.164313,0.001285,0.001285,0.0,0.994555,3682,5|6|7,17,148949,0.132424,21.07,463.61,9.85,0.19,160.86,14.61,26.55,NVIDIA A100-SXM4-80GB,89faf2fe4e118b2d,7b1f70985555,1,temporal,train,all,0.7,0.15,0.15,C,noise_curve_c_s59_BPI_Challenge_2012
BPI_Challenge_2012,lstm,seq,0.8,7,0.649691,0.276866,0.86915,0.079145,0.578725,0.024612,0.218576,0.403132,0.260287,0.127376,0.002881,0.0,0.0,0.992462,3682,5|6|7,3,148949,0.132424,68.49,547.89,9.85,0.19,160.86,14.61,26.55,NVIDIA A100-SXM4-80GB,89faf2fe4e118b2d,7b1f70985555,1,temporal,train,all,0.7,0.15,0.15,C,noise_curve_c_s59_BPI_Challenge_2012
BPI_Challenge_2012,lstm,lll,0.8,7,0.688932,0.32639,0.898523,0.049282,0.441072,0.0,0.00018,0.402848,0.260016,0.127376,0.002881,0.0,0.0,0.992462,3682,5|6|7,19,148949,0.132424,19.99,479.69,9.85,0.19,160.86,14.61,26.55,NVIDIA A100-SXM4-80GB,89faf2fe4e118b2d,7b1f70985555,1,temporal,train,all,0.7,0.15,0.15,C,noise_curve_c_s59_BPI_Challenge_2012
BPI_Challenge_2012,lstm,gll,0.8,7,0.750216,0.403827,0.907871,0.012551,0.534301,0.001702,0.151838,0.392993,0.295049,0.081206,2.7e-05,2.7e-05,0.0,0.995826,3682,5|6|7,15,148949,0.132424,48.57,971.36,9.85,0.19,160.86,14.61,26.55,NVIDIA A100-SXM4-80GB,89faf2fe4e118b2d,7b1f70985555,1,temporal,train,all,0.7,0.15,0.15,C,noise_curve_c_s59_BPI_Challenge_2012
BPI_Challenge_2012,lstm,baseline,0.0,8,0.850626,0.646932,0.984448,0.0,0.000427,0.0,4.4e-05,0.49224,0.318085,0.173275,0.0,0.0,0.0,0.999247,3682,5|6|7,10,0,1.0,21.87,328.05,9.85,0.19,160.86,14.61,26.55,NVIDIA A100-SXM4-80GB,89faf2fe4e118b2d,7b1f70985555,1,temporal,train,all,0.7,0.15,0.15,C,noise_curve_c_s59_BPI_Challenge_2012
BPI_Challenge_2012,lstm,checker,0.0,8,0.852473,0.650169,0.984275,0.0,0.000336,0.0,3.8e-05,0.485191,0.317747,0.152091,0.0,0.0,0.0,0.999247,3682,5|6|7,9,0,1.0,20.63,288.88,9.85,0.19,160.86,14.61,26.55,NVIDIA A100-SXM4-80GB,89faf2fe4e118b2d,7b1f70985555,1,temporal,train,all,0.7,0.15,0.15,C,noise_curve_c_s59_BPI_Challenge_2012
BPI_Challenge_2012,lstm,checker_net,0.0,8,0.850626,0.644744,0.98439,0.0,0.000422,0.0,3.1e-05,0.49218,0.317841,0.173275,0.0,0.0,0.0,0.999247,3682,5|6|7,10,0,1.0,19.95,299.3,9.85,0.19,160.86,14.61,26.55,NVIDIA A100-SXM4-80GB,89faf2fe4e118b2d,7b1f70985555,1,temporal,train,all,0.7,0.15,0.15,C,noise_curve_c_s59_BPI_Challenge_2012
BPI_Challenge_2012,lstm,checker_net_state,0.0,8,0.85077,0.64727,0.984246,0.0,0.00042,0.0,3e-05,0.491971,0.31937,0.173819,0.0,0.0,0.0,0.999247,3682,5|6|7,10,0,1.0,19.8,297.06,9.85,0.19,160.86,14.61,26.55,NVIDIA A100-SXM4-80GB,89faf2fe4e118b2d,7b1f70985555,1,temporal,train,all,0.7,0.15,0.15,C,noise_curve_c_s59_BPI_Challenge_2012
BPI_Challenge_2012,lstm,marking,0.0,8,0.857118,0.667823,0.984333,0.0,0.000451,0.0,4.1e-05,0.48567,0.330759,0.158066,0.0,0.0,0.0,0.999247,3682,5|6|7,8,0,1.0,21.4,278.17,9.85,0.19,160.86,14.61,26.55,NVIDIA A100-SXM4-80GB,89faf2fe4e118b2d,7b1f70985555,1,temporal,train,all,0.7,0.15,0.15,C,noise_curve_c_s59_BPI_Challenge_2012
BPI_Challenge_2012,lstm,gnn,0.0,8,0.856772,0.660348,0.984102,0.0,0.000724,0.0,4.6e-05,0.484946,0.330786,0.155894,0.0,0.0,0.0,0.999247,3682,5|6|7,5,0,1.0,21.32,213.2,9.85,0.19,160.86,14.61,26.55,NVIDIA A100-SXM4-80GB,89faf2fe4e118b2d,7b1f70985555,1,temporal,train,all,0.7,0.15,0.15,C,noise_curve_c_s59_BPI_Challenge_2012
BPI_Challenge_2012,lstm,seq,0.0,8,0.853309,0.650766,0.984333,0.0,0.000434,0.0,5.9e-05,0.48458,0.330312,0.15698,0.0,0.0,0.0,0.999247,3682,5|6|7,15,0,1.0,68.32,1366.44,9.85,0.19,160.86,14.61,26.55,NVIDIA A100-SXM4-80GB,89faf2fe4e118b2d,7b1f70985555,1,temporal,train,all,0.7,0.15,0.15,C,noise_curve_c_s59_BPI_Challenge_2012
BPI_Challenge_2012,lstm,lll,0.0,8,0.854089,0.667611,0.984246,0.0,0.001076,0.0,4.4e-05,0.492971,0.31822,0.175448,0.0,0.0,0.0,0.999247,3682,5|6|7,10,0,1.0,19.58,293.63,9.85,0.19,160.86,14.61,26.55,NVIDIA A100-SXM4-80GB,89faf2fe4e118b2d,7b1f70985555,1,temporal,train,all,0.7,0.15,0.15,C,noise_curve_c_s59_BPI_Challenge_2012
BPI_Challenge_2012,lstm,gll,0.0,8,0.850742,0.649515,0.984015,0.0,0.000502,0.0,1.7e-05,0.491669,0.317287,0.174633,0.0,0.0,0.0,0.999314,3682,5|6|7,10,0,1.0,47.8,716.95,9.85,0.19,160.86,14.61,26.55,NVIDIA A100-SXM4-80GB,89faf2fe4e118b2d,7b1f70985555,1,temporal,train,all,0.7,0.15,0.15,C,noise_curve_c_s59_BPI_Challenge_2012
BPI_Challenge_2012,lstm,baseline,0.1,8,0.850366,0.64476,0.984044,8.7e-05,0.061369,0.0,0.022071,0.484678,0.328919,0.153178,0.0,0.0,0.0,0.999247,3682,5|6|7,7,18619,0.731441,23.24,278.93,9.85,0.19,160.86,14.61,26.55,NVIDIA A100-SXM4-80GB,89faf2fe4e118b2d,7b1f70985555,1,temporal,train,all,0.7,0.15,0.15,C,noise_curve_c_s59_BPI_Challenge_2012
BPI_Challenge_2012,lstm,checker,0.1,8,0.850713,0.64619,0.983669,5.8e-05,0.042357,0.0,0.015473,0.484741,0.329014,0.153178,0.0,0.0,0.0,0.999247,3682,5|6|7,7,18619,0.731441,23.94,287.28,9.85,0.19,160.86,14.61,26.55,NVIDIA A100-SXM4-80GB,89faf2fe4e118b2d,7b1f70985555,1,temporal,train,all,0.7,0.15,0.15,C,noise_curve_c_s59_BPI_Challenge_2012
BPI_Challenge_2012,lstm,checker_net,0.1,8,0.850857,0.646758,0.984102,5.8e-05,0.054892,0.0,0.015138,0.484741,0.329014,0.153178,0.0,0.0,0.0,0.999247,3682,5|6|7,7,18619,0.731441,19.1,229.23,9.85,0.19,160.86,14.61,26.55,NVIDIA A100-SXM4-80GB,89faf2fe4e118b2d,7b1f70985555,1,temporal,train,all,0.7,0.15,0.15,C,noise_curve_c_s59_BPI_Challenge_2012
BPI_Challenge_2012,lstm,checker_net_state,0.1,8,0.850597,0.645788,0.9839,5.8e-05,0.056082,0.0,0.016822,0.48467,0.328933,0.153178,0.0,0.0,0.0,0.999247,3682,5|6|7,7,18619,0.731441,25.23,302.76,9.85,0.19,160.86,14.61,26.55,NVIDIA A100-SXM4-80GB,89faf2fe4e118b2d,7b1f70985555,1,temporal,train,all,0.7,0.15,0.15,C,noise_curve_c_s59_BPI_Challenge_2012
BPI_Challenge_2012,lstm,marking,0.1,8,0.851232,0.641299,0.983611,0.000289,0.05872,0.00026,0.019364,0.484338,0.330651,0.156437,2.7e-05,2.7e-05,0.0,0.999227,3682,5|6|7,12,18619,0.731441,21.02,357.31,9.85,0.19,160.86,14.61,26.55,NVIDIA A100-SXM4-80GB,89faf2fe4e118b2d,7b1f70985555,1,temporal,train,all,0.7,0.15,0.15,C,noise_curve_c_s59_BPI_Challenge_2012
BPI_Challenge_2012,lstm,gnn,0.1,8,0.850338,0.643674,0.983813,0.000144,0.057652,8.7e-05,0.020368,0.491558,0.317003,0.174362,0.0,0.0,0.0,0.999247,3682,5|6|7,9,18619,0.731441,21.81,305.33,9.85,0.19,160.86,14.61,26.55,NVIDIA A100-SXM4-80GB,89faf2fe4e118b2d,7b1f70985555,1,temporal,train,all,0.7,0.15,0.15,C,noise_curve_c_s59_BPI_Challenge_2012
BPI_Challenge_2012,lstm,seq,0.1,8,0.853627,0.665279,0.984015,8.7e-05,0.058738,2.9e-05,0.019806,0.492346,0.318004,0.175448,0.0,0.0,0.0,0.999247,3682,5|6|7,11,18619,0.731441,66.92,1070.71,9.85,0.19,160.86,14.61,26.55,NVIDIA A100-SXM4-80GB,89faf2fe4e118b2d,7b1f70985555,1,temporal,train,all,0.7,0.15,0.15,C,noise_curve_c_s59_BPI_Challenge_2012
BPI_Challenge_2012,lstm,lll,0.1,8,0.850424,0.644929,0.983958,5.8e-05,0.03796,0.0,0.000174,0.484513,0.330055,0.153721,0.0,0.0,0.0,0.999247,3682,5|6|7,7,18619,0.731441,21.51,258.1,9.85,0.19,160.86,14.61,26.55,NVIDIA A100-SXM4-80GB,89faf2fe4e118b2d,7b1f70985555,1,temporal,train,all,0.7,0.15,0.15,C,noise_curve_c_s59_BPI_Challenge_2012
BPI_Challenge_2012,lstm,gll,0.1,8,0.84878,0.641705,0.983611,5.8e-05,0.050838,0.0,0.012035,0.48478,0.316976,0.149919,0.0,0.0,0.0,0.999247,3682,5|6|7,7,18619,0.731441,47.08,564.98,9.85,0.19,160.86,14.61,26.55,NVIDIA A100-SXM4-80GB,89faf2fe4e118b2d,7b1f70985555,1,temporal,train,all,0.7,0.15,0.15,C,noise_curve_c_s59_BPI_Challenge_2012
BPI_Challenge_2012,lstm,baseline,0.2,8,0.853511,0.647725,0.983178,0.000692,0.130899,2.9e-05,0.045432,0.484798,0.330691,0.155894,0.0,0.0,0.0,0.999247,3682,5|6|7,9,37237,0.528493,27.64,386.9,9.85,0.19,160.86,14.61,26.55,NVIDIA A100-SXM4-80GB,89faf2fe4e118b2d,7b1f70985555,1,temporal,train,all,0.7,0.15,0.15,C,noise_curve_c_s59_BPI_Challenge_2012
BPI_Challenge_2012,lstm,checker,0.2,8,0.853396,0.648248,0.983611,0.000606,0.088684,0.0,0.030455,0.485083,0.329636,0.15535,0.0,0.0,0.0,0.999247,3682,5|6|7,9,37237,0.528493,18.94,265.09,9.85,0.19,160.86,14.61,26.55,NVIDIA A100-SXM4-80GB,89faf2fe4e118b2d,7b1f70985555,1,temporal,train,all,0.7,0.15,0.15,C,noise_curve_c_s59_BPI_Challenge_2012
BPI_Challenge_2012,lstm,checker_net,0.2,8,0.852646,0.644593,0.983265,0.000837,0.115568,0.0,0.030107,0.484798,0.330691,0.155894,0.0,0.0,0.0,0.999247,3682,5|6|7,9,37237,0.528493,19.81,277.31,9.85,0.19,160.86,14.61,26.55,NVIDIA A100-SXM4-80GB,89faf2fe4e118b2d,7b1f70985555,1,temporal,train,all,0.7,0.15,0.15,C,noise_curve_c_s59_BPI_Challenge_2012
BPI_Challenge_2012,lstm,checker_net_state,0.2,8,0.852184,0.64061,0.983121,0.000721,0.121375,2.9e-05,0.037083,0.484808,0.330705,0.155894,0.0,0.0,0.0,0.999247,3682,5|6|7,9,37237,0.528493,21.59,302.25,9.85,0.19,160.86,14.61,26.55,NVIDIA A100-SXM4-80GB,89faf2fe4e118b2d,7b1f70985555,1,temporal,train,all,0.7,0.15,0.15,C,noise_curve_c_s59_BPI_Challenge_2012
BPI_Challenge_2012,lstm,marking,0.2,8,0.847856,0.63055,0.981909,0.001125,0.131295,2.9e-05,0.048374,0.49205,0.316989,0.173275,0.0,0.0,0.0,0.999247,3682,5|6|7,4,37237,0.528493,21.47,193.2,9.85,0.19,160.86,14.61,26.55,NVIDIA A100-SXM4-80GB,89faf2fe4e118b2d,7b1f70985555,1,temporal,train,all,0.7,0.15,0.15,C,noise_curve_c_s59_BPI_Challenge_2012
BPI_Challenge_2012,lstm,gnn,0.2,8,0.853511,0.648764,0.982371,0.000721,0.13585,2.9e-05,0.049445,0.484808,0.330705,0.155894,0.0,0.0,0.0,0.999247,3682,5|6|7,8,37237,0.528493,21.34,277.48,9.85,0.19,160.86,14.61,26.55,NVIDIA A100-SXM4-80GB,89faf2fe4e118b2d,7b1f70985555,1,temporal,train,all,0.7,0.15,0.15,C,noise_curve_c_s59_BPI_Challenge_2012
BPI_Challenge_2012,lstm,seq,0.2,8,0.851809,0.655443,0.982573,0.000664,0.125293,2.9e-05,0.04753,0.484808,0.330705,0.155894,0.0,0.0,0.0,0.999247,3682,5|6|7,8,37237,0.528493,68.68,892.84,9.85,0.19,160.86,14.61,26.55,NVIDIA A100-SXM4-80GB,89faf2fe4e118b2d,7b1f70985555,1,temporal,train,all,0.7,0.15,0.15,C,noise_curve_c_s59_BPI_Challenge_2012
BPI_Challenge_2012,lstm,lll,0.2,8,0.84777,0.63125,0.983063,0.001241,0.084227,0.0,0.000195,0.491047,0.318031,0.170559,2.7e-05,0.0,0.0,0.999247,3682,5|6|7,17,37237,0.528493,19.3,424.59,9.85,0.19,160.86,14.61,26.55,NVIDIA A100-SXM4-80GB,89faf2fe4e118b2d,7b1f70985555,1,temporal,train,all,0.7,0.15,0.15,C,noise_curve_c_s59_BPI_Challenge_2012
BPI_Challenge_2012,lstm,gll,0.2,8,0.851636,0.637217,0.982717,0.000952,0.111599,0.0,0.023979,0.484808,0.330705,0.155894,0.0,0.0,0.0,0.999247,3682,5|6|7,9,37237,0.528493,47.82,669.41,9.85,0.19,160.86,14.61,26.55,NVIDIA A100-SXM4-80GB,89faf2fe4e118b2d,7b1f70985555,1,temporal,train,all,0.7,0.15,0.15,C,noise_curve_c_s59_BPI_Challenge_2012
BPI_Challenge_2012,lstm,baseline,0.3,8,0.847337,0.629149,0.983034,0.001125,0.213561,0.000202,0.0793,0.484547,0.32988,0.154807,2.7e-05,2.7e-05,0.0,0.999227,3682,5|6|7,14,55856,0.391703,21.68,412.01,9.85,0.19,160.86,14.61,26.55,NVIDIA A100-SXM4-80GB,89faf2fe4e118b2d,7b1f70985555,1,temporal,train,all,0.7,0.15,0.15,C,noise_curve_c_s59_BPI_Challenge_2012
BPI_Challenge_2012,lstm,checker,0.3,8,0.847856,0.633857,0.983207,0.000721,0.150195,8.7e-05,0.055963,0.484444,0.329569,0.154807,2.7e-05,2.7e-05,0.0,0.999227,3682,5|6|7,14,55856,0.391703,22.61,429.66,9.85,0.19,160.86,14.61,26.55,NVIDIA A100-SXM4-80GB,89faf2fe4e118b2d,7b1f70985555,1,temporal,train,all,0.7,0.15,0.15,C,noise_curve_c_s59_BPI_Challenge_2012
BPI_Challenge_2012,lstm,checker_net,0.3,8,0.843759,0.623095,0.98289,0.00127,0.187519,2.9e-05,0.05426,0.492071,0.318261,0.174905,2.7e-05,0.0,0.0,0.999247,3682,5|6|7,17,55856,0.391703,22.4,492.85,9.85,0.19,160.86,14.61,26.55,NVIDIA A100-SXM4-80GB,89faf2fe4e118b2d,7b1f70985555,1,temporal,train,all,0.7,0.15,0.15,C,noise_curve_c_s59_BPI_Challenge_2012
BPI_Challenge_2012,lstm,checker_net_state,0.3,8,0.847366,0.631485,0.983034,0.00101,0.197,0.000144,0.066159,0.484493,0.329636,0.154807,2.7e-05,2.7e-05,0.0,0.999227,3682,5|6|7,14,55856,0.391703,21.64,411.11,9.85,0.19,160.86,14.61,26.55,NVIDIA A100-SXM4-80GB,89faf2fe4e118b2d,7b1f70985555,1,temporal,train,all,0.7,0.15,0.15,C,noise_curve_c_s59_BPI_Challenge_2012
BPI_Challenge_2012,lstm,marking,0.3,8,0.847654,0.630583,0.982977,0.001385,0.21018,0.000144,0.075336,0.48484,0.330407,0.158609,2.7e-05,2.7e-05,0.0,0.999227,3682,5|6|7,10,55856,0.391703,23.32,349.8,9.85,0.19,160.86,14.61,26.55,NVIDIA A100-SXM4-80GB,89faf2fe4e118b2d,7b1f70985555,1,temporal,train,all,0.7,0.15,0.15,C,noise_curve_c_s59_BPI_Challenge_2012
BPI_Challenge_2012,lstm,gnn,0.3,8,0.844192,0.588701,0.980813,0.002885,0.217262,0.000202,0.081448,0.484549,0.317625,0.151548,2.7e-05,2.7e-05,0.0,0.999227,3682,5|6|7,4,55856,0.391703,21.14,190.25,9.85,0.19,160.86,14.61,26.55,NVIDIA A100-SXM4-80GB,89faf2fe4e118b2d,7b1f70985555,1,temporal,train,all,0.7,0.15,0.15,C,noise_curve_c_s59_BPI_Challenge_2012
BPI_Challenge_2012,lstm,seq,0.3,8,0.841451,0.638827,0.98214,0.000837,0.213222,8.7e-05,0.080415,0.503511,0.346625,0.166214,2.7e-05,0.0,0.0,0.996563,3682,5|6|7,9,55856,0.391703,70.4,985.53,9.85,0.19,160.86,14.61,26.55,NVIDIA A100-SXM4-80GB,89faf2fe4e118b2d,7b1f70985555,1,temporal,train,all,0.7,0.15,0.15,C,noise_curve_c_s59_BPI_Challenge_2012
BPI_Challenge_2012,lstm,lll,0.3,8,0.847337,0.629775,0.982832,0.001414,0.131832,0.0,0.000193,0.484265,0.330678,0.15535,2.7e-05,0.0,0.0,0.999247,3682,5|6|7,14,55856,0.391703,18.68,354.91,9.85,0.19,160.86,14.61,26.55,NVIDIA A100-SXM4-80GB,89faf2fe4e118b2d,7b1f70985555,1,temporal,train,all,0.7,0.15,0.15,C,noise_curve_c_s59_BPI_Challenge_2012
BPI_Challenge_2012,lstm,gll,0.3,8,0.849847,0.633058,0.982197,0.001443,0.182721,0.000115,0.044156,0.484201,0.330583,0.15535,2.7e-05,2.7e-05,0.0,0.999227,3682,5|6|7,9,55856,0.391703,47.74,668.31,9.85,0.19,160.86,14.61,26.55,NVIDIA A100-SXM4-80GB,89faf2fe4e118b2d,7b1f70985555,1,temporal,train,all,0.7,0.15,0.15,C,noise_curve_c_s59_BPI_Challenge_2012
BPI_Challenge_2012,lstm,baseline,0.4,8,0.834237,0.574842,0.979312,0.001702,0.278167,0.00026,0.101721,0.490854,0.317868,0.170559,2.7e-05,2.7e-05,0.0,0.999227,3682,5|6|7,6,74474,0.281878,22.15,243.65,9.85,0.19,160.86,14.61,26.55,NVIDIA A100-SXM4-80GB,89faf2fe4e118b2d,7b1f70985555,1,temporal,train,all,0.7,0.15,0.15,C,noise_curve_c_s59_BPI_Challenge_2012
BPI_Challenge_2012,lstm,checker,0.4,8,0.836315,0.576395,0.980524,0.001298,0.202963,0.000173,0.073225,0.491366,0.316759,0.172732,2.7e-05,2.7e-05,0.0,0.999227,3682,5|6|7,6,74474,0.281878,20.65,227.14,9.85,0.19,160.86,14.61,26.55,NVIDIA A100-SXM4-80GB,89faf2fe4e118b2d,7b1f70985555,1,temporal,train,all,0.7,0.15,0.15,C,noise_curve_c_s59_BPI_Challenge_2012
BPI_Challenge_2012,lstm,checker_net,0.4,8,0.837556,0.577002,0.979024,0.001529,0.252695,2.9e-05,0.072105,0.491572,0.31749,0.172732,2.7e-05,0.0,0.0,0.999247,3682,5|6|7,6,74474,0.281878,20.5,225.55,9.85,0.19,160.86,14.61,26.55,NVIDIA A100-SXM4-80GB,89faf2fe4e118b2d,7b1f70985555,1,temporal,train,all,0.7,0.15,0.15,C,noise_curve_c_s59_BPI_Challenge_2012
BPI_Challenge_2012,lstm,checker_net_state,0.4,8,0.834757,0.56665,0.978995,0.001529,0.267688,0.00026,0.088685,0.4905,0.317435,0.170559,2.7e-05,2.7e-05,0.0,0.999227,3682,5|6|7,6,74474,0.281878,20.84,229.29,9.85,0.19,160.86,14.61,26.55,NVIDIA A100-SXM4-80GB,89faf2fe4e118b2d,7b1f70985555,1,temporal,train,all,0.7,0.15,0.15,C,noise_curve_c_s59_BPI_Challenge_2012
BPI_Challenge_2012,lstm,marking,0.4,8,0.848,0.615244,0.981188,0.001558,0.282563,0.000231,0.102488,0.484152,0.330515,0.15535,2.7e-05,2.7e-05,0.0,0.999227,3682,5|6|7,16,74474,0.281878,21.33,447.92,9.85,0.19,160.86,14.61,26.55,NVIDIA A100-SXM4-80GB,89faf2fe4e118b2d,7b1f70985555,1,temporal,train,all,0.7,0.15,0.15,C,noise_curve_c_s59_BPI_Challenge_2012
BPI_Challenge_2012,lstm,gnn,0.4,8,0.842143,0.583242,0.978389,0.002395,0.280168,0.000173,0.104611,0.490768,0.317747,0.170559,2.7e-05,2.7e-05,0.0,0.999227,3682,5|6|7,7,74474,0.281878,21.63,259.57,9.85,0.19,160.86,14.61,26.55,NVIDIA A100-SXM4-80GB,89faf2fe4e118b2d,7b1f70985555,1,temporal,train,all,0.7,0.15,0.15,C,noise_curve_c_s59_BPI_Challenge_2012
BPI_Challenge_2012,lstm,seq,0.4,8,0.839633,0.584554,0.977177,0.002395,0.275281,0.000173,0.103727,0.48391,0.316597,0.149375,2.7e-05,2.7e-05,0.0,0.999227,3682,5|6|7,5,74474,0.281878,69.37,693.67,9.85,0.19,160.86,14.61,26.55,NVIDIA A100-SXM4-80GB,89faf2fe4e118b2d,7b1f70985555,1,temporal,train,all,0.7,0.15,0.15,C,noise_curve_c_s59_BPI_Challenge_2012
BPI_Challenge_2012,lstm,lll,0.4,8,0.827168,0.509357,0.9766,0.006694,0.187397,0.0,0.000275,0.491338,0.316651,0.172732,2.7e-05,0.0,0.0,0.999247,3682,5|6|7,6,74474,0.281878,20.73,228.05,9.85,0.19,160.86,14.61,26.55,NVIDIA A100-SXM4-80GB,89faf2fe4e118b2d,7b1f70985555,1,temporal,train,all,0.7,0.15,0.15,C,noise_curve_c_s59_BPI_Challenge_2012
BPI_Challenge_2012,lstm,gll,0.4,8,0.835103,0.56524,0.97885,0.00176,0.246204,0.0,0.062434,0.49054,0.318788,0.171103,2.7e-05,0.0,0.0,0.999247,3682,5|6|7,6,74474,0.281878,48.17,529.85,9.85,0.19,160.86,14.61,26.55,NVIDIA A100-SXM4-80GB,89faf2fe4e118b2d,7b1f70985555,1,temporal,train,all,0.7,0.15,0.15,C,noise_curve_c_s59_BPI_Challenge_2012
BPI_Challenge_2012,lstm,baseline,0.5,8,0.833372,0.501726,0.971147,0.005194,0.362295,5.8e-05,0.138338,0.479806,0.328838,0.154807,2.7e-05,0.0,0.0,0.999247,3682,5|6|7,5,93093,0.208952,18.09,180.94,9.85,0.19,160.86,14.61,26.55,NVIDIA A100-SXM4-80GB,89faf2fe4e118b2d,7b1f70985555,1,temporal,train,all,0.7,0.15,0.15,C,noise_curve_c_s59_BPI_Challenge_2012
BPI_Challenge_2012,lstm,checker,0.5,8,0.841335,0.577674,0.979226,0.002222,0.268709,0.000231,0.100173,0.484362,0.329447,0.154807,2.7e-05,2.7e-05,0.0,0.999227,3682,5|6|7,17,93093,0.208952,19.55,430.11,9.85,0.19,160.86,14.61,26.55,NVIDIA A100-SXM4-80GB,89faf2fe4e118b2d,7b1f70985555,1,temporal,train,all,0.7,0.15,0.15,C,noise_curve_c_s59_BPI_Challenge_2012
BPI_Challenge_2012,lstm,checker_net,0.5,8,0.837959,0.576185,0.977206,0.002712,0.333973,5.8e-05,0.09769,0.490399,0.316069,0.171917,2.7e-05,2.7e-05,0.0,0.999294,3682,5|6|7,19,93093,0.208952,24.62,590.99,9.85,0.19,160.86,14.61,26.55,NVIDIA A100-SXM4-80GB,89faf2fe4e118b2d,7b1f70985555,1,temporal,train,all,0.7,0.15,0.15,C,noise_curve_c_s59_BPI_Challenge_2012
BPI_Challenge_2012,lstm,checker_net_state,0.5,8,0.833314,0.50335,0.971349,0.003982,0.348574,0.0,0.125054,0.480007,0.327756,0.154264,2.7e-05,0.0,0.0,0.999247,3682,5|6|7,5,93093,0.208952,19.4,193.95,9.85,0.19,160.86,14.61,26.55,NVIDIA A100-SXM4-80GB,89faf2fe4e118b2d,7b1f70985555,1,temporal,train,all,0.7,0.15,0.15,C,noise_curve_c_s59_BPI_Challenge_2012
BPI_Challenge_2012,lstm,marking,0.5,8,0.836142,0.552745,0.976888,0.003174,0.368852,0.000462,0.139503,0.48443,0.317449,0.151548,2.7e-05,2.7e-05,0.0,0.999227,3682,5|6|7,12,93093,0.208952,22.36,380.11,9.85,0.19,160.86,14.61,26.55,NVIDIA A100-SXM4-80GB,89faf2fe4e118b2d,7b1f70985555,1,temporal,train,all,0.7,0.15,0.15,C,noise_curve_c_s59_BPI_Challenge_2012
BPI_Challenge_2012,lstm,gnn,0.5,8,0.843182,0.577172,0.976802,0.002193,0.358347,2.9e-05,0.132631,0.484105,0.330448,0.15535,2.7e-05,0.0,0.0,0.999247,3682,5|6|7,12,93093,0.208952,21.49,365.37,9.85,0.19,160.86,14.61,26.55,NVIDIA A100-SXM4-80GB,89faf2fe4e118b2d,7b1f70985555,1,temporal,train,all,0.7,0.15,0.15,C,noise_curve_c_s59_BPI_Challenge_2012
BPI_Challenge_2012,lstm,seq,0.5,8,0.832333,0.509329,0.971637,0.002712,0.356545,0.000173,0.131016,0.480355,0.315055,0.157523,2.7e-05,2.7e-05,0.0,0.999227,3682,5|6|7,5,93093,0.208952,68.01,680.08,9.85,0.19,160.86,14.61,26.55,NVIDIA A100-SXM4-80GB,89faf2fe4e118b2d,7b1f70985555,1,temporal,train,all,0.7,0.15,0.15,C,noise_curve_c_s59_BPI_Challenge_2012
BPI_Challenge_2012,lstm,lll,0.5,8,0.827399,0.467625,0.970368,0.004184,0.23407,0.0,0.000335,0.478666,0.327661,0.153992,4.1e-05,0.0,0.0,0.999314,3682,5|6|7,5,93093,0.208952,18.83,188.25,9.85,0.19,160.86,14.61,26.55,NVIDIA A100-SXM4-80GB,89faf2fe4e118b2d,7b1f70985555,1,temporal,train,all,0.7,0.15,0.15,C,noise_curve_c_s59_BPI_Challenge_2012
BPI_Challenge_2012,lstm,gll,0.5,8,0.823706,0.477965,0.969646,0.005828,0.31561,0.0,0.084582,0.48703,0.316313,0.170016,2.7e-05,0.0,0.0,0.999247,3682,5|6|7,4,93093,0.208952,49.06,441.55,9.85,0.19,160.86,14.61,26.55,NVIDIA A100-SXM4-80GB,89faf2fe4e118b2d,7b1f70985555,1,temporal,train,all,0.7,0.15,0.15,C,noise_curve_c_s59_BPI_Challenge_2012
BPI_Challenge_2012,lstm,baseline,0.6,8,0.823389,0.470312,0.965347,0.005742,0.437718,0.001645,0.165904,0.479887,0.328662,0.154807,4.1e-05,2.7e-05,0.0,0.999227,3682,5|6|7,12,111712,0.171616,18.5,314.55,9.85,0.19,160.86,14.61,26.55,NVIDIA A100-SXM4-80GB,89faf2fe4e118b2d,7b1f70985555,1,temporal,train,all,0.7,0.15,0.15,C,noise_curve_c_s59_BPI_Challenge_2012
BPI_Challenge_2012,lstm,checker,0.6,8,0.826158,0.490634,0.970223,0.003318,0.33876,0.000635,0.129893,0.480418,0.329068,0.154807,2.7e-05,2.7e-05,0.0,0.999227,3682,5|6|7,12,111712,0.171616,18.07,307.16,9.85,0.19,160.86,14.61,26.55,NVIDIA A100-SXM4-80GB,89faf2fe4e118b2d,7b1f70985555,1,temporal,train,all,0.7,0.15,0.15,C,noise_curve_c_s59_BPI_Challenge_2012
BPI_Challenge_2012,lstm,checker_net,0.6,8,0.822379,0.466291,0.963443,0.00554,0.408771,0.000721,0.126124,0.479333,0.328405,0.154807,2.7e-05,2.7e-05,0.0,0.999227,3682,5|6|7,12,111712,0.171616,18.14,308.32,9.85,0.19,160.86,14.61,26.55,NVIDIA A100-SXM4-80GB,89faf2fe4e118b2d,7b1f70985555,1,temporal,train,all,0.7,0.15,0.15,C,noise_curve_c_s59_BPI_Challenge_2012
BPI_Challenge_2012,lstm,checker_net_state,0.6,8,0.825235,0.481853,0.964482,0.005684,0.423783,0.001731,0.149878,0.480237,0.329095,0.154807,2.7e-05,2.7e-05,0.0,0.999227,3682,5|6|7,12,111712,0.171616,20.18,343.06,9.85,0.19,160.86,14.61,26.55,NVIDIA A100-SXM4-80GB,89faf2fe4e118b2d,7b1f70985555,1,temporal,train,all,0.7,0.15,0.15,C,noise_curve_c_s59_BPI_Challenge_2012
BPI_Challenge_2012,lstm,marking,0.6,8,0.822119,0.464246,0.958307,0.004328,0.44076,0.001212,0.161204,0.478741,0.327485,0.152634,4.1e-05,2.7e-05,0.0,0.999227,3682,5|6|7,5,111712,0.171616,21.61,216.15,9.85,0.19,160.86,14.61,26.55,NVIDIA A100-SXM4-80GB,89faf2fe4e118b2d,7b1f70985555,1,temporal,train,all,0.7,0.15,0.15,C,noise_curve_c_s59_BPI_Challenge_2012
BPI_Challenge_2012,lstm,gnn,0.6,8,0.819407,0.451395,0.96402,0.005915,0.448117,0.001385,0.166778,0.487718,0.315866,0.172189,2.7e-05,2.7e-05,0.0,0.999227,3682,5|6|7,9,111712,0.171616,21.23,297.16,9.85,0.19,160.86,14.61,26.55,NVIDIA A100-SXM4-80GB,89faf2fe4e118b2d,7b1f70985555,1,temporal,train,all,0.7,0.15,0.15,C,noise_curve_c_s59_BPI_Challenge_2012
BPI_Challenge_2012,lstm,seq,0.6,8,0.820445,0.462035,0.959259,0.007156,0.441831,0.00251,0.165211,0.480075,0.329109,0.154807,2.7e-05,2.7e-05,0.0,0.999227,3682,5|6|7,6,111712,0.171616,68.75,756.28,9.85,0.19,160.86,14.61,26.55,NVIDIA A100-SXM4-80GB,89faf2fe4e118b2d,7b1f70985555,1,temporal,train,all,0.7,0.15,0.15,C,noise_curve_c_s59_BPI_Challenge_2012
BPI_Challenge_2012,lstm,lll,0.6,8,0.824658,0.463344,0.962895,0.005857,0.29658,0.0,0.000231,0.478652,0.327634,0.153992,4.1e-05,0.0,0.0,0.999314,3682,5|6|7,18,111712,0.171616,23.48,539.97,9.85,0.19,160.86,14.61,26.55,NVIDIA A100-SXM4-80GB,89faf2fe4e118b2d,7b1f70985555,1,temporal,train,all,0.7,0.15,0.15,C,noise_curve_c_s59_BPI_Challenge_2012
BPI_Challenge_2012,lstm,gll,0.6,8,0.821513,0.471149,0.967684,0.005511,0.39921,0.00026,0.111192,0.479879,0.315623,0.151005,2.7e-05,2.7e-05,0.0,0.999227,3682,5|6|7,16,111712,0.171616,47.94,1006.81,9.85,0.19,160.86,14.61,26.55,NVIDIA A100-SXM4-80GB,89faf2fe4e118b2d,7b1f70985555,1,temporal,train,all,0.7,0.15,0.15,C,noise_curve_c_s59_BPI_Challenge_2012
BPI_Challenge_2012,lstm,baseline,0.7,8,0.780772,0.421282,0.950834,0.017023,0.513435,0.014254,0.189921,0.478885,0.327648,0.152634,2.7e-05,2.7e-05,0.0,0.999227,3682,5|6|7,10,130330,0.140939,19.33,290.02,9.85,0.19,160.86,14.61,26.55,NVIDIA A100-SXM4-80GB,89faf2fe4e118b2d,7b1f70985555,1,temporal,train,all,0.7,0.15,0.15,C,noise_curve_c_s59_BPI_Challenge_2012
BPI_Challenge_2012,lstm,checker,0.7,8,0.800969,0.440635,0.957557,0.003347,0.412248,0.000981,0.157163,0.47949,0.32804,0.153992,2.7e-05,2.7e-05,0.0,0.999294,3682,5|6|7,9,130330,0.140939,19.89,278.42,9.85,0.19,160.86,14.61,26.55,NVIDIA A100-SXM4-80GB,89faf2fe4e118b2d,7b1f70985555,1,temporal,train,all,0.7,0.15,0.15,C,noise_curve_c_s59_BPI_Challenge_2012
BPI_Challenge_2012,lstm,checker_net,0.7,8,0.770154,0.399789,0.941457,0.016793,0.479258,0.013532,0.148858,0.449866,0.298228,0.15019,0.0,0.0,0.0,0.995846,3682,5|6|7,5,130330,0.140939,18.72,187.23,9.85,0.19,160.86,14.61,26.55,NVIDIA A100-SXM4-80GB,89faf2fe4e118b2d,7b1f70985555,1,temporal,train,all,0.7,0.15,0.15,C,noise_curve_c_s59_BPI_Challenge_2012
BPI_Challenge_2012,lstm,checker_net_state,0.7,8,0.798575,0.433923,0.950343,0.010185,0.501187,0.007242,0.174199,0.479279,0.314595,0.148017,2.7e-05,2.7e-05,0.0,0.999294,3682,5|6|7,10,130330,0.140939,18.32,274.79,9.85,0.19,160.86,14.61,26.55,NVIDIA A100-SXM4-80GB,89faf2fe4e118b2d,7b1f70985555,1,temporal,train,all,0.7,0.15,0.15,C,noise_curve_c_s59_BPI_Challenge_2012
BPI_Challenge_2012,lstm,marking,0.7,8,0.809625,0.451184,0.953777,0.004645,0.523013,0.001702,0.198115,0.479219,0.32827,0.154807,2.7e-05,2.7e-05,0.0,0.999227,3682,5|6|7,18,130330,0.140939,20.23,465.39,9.85,0.19,160.86,14.61,26.55,NVIDIA A100-SXM4-80GB,89faf2fe4e118b2d,7b1f70985555,1,temporal,train,all,0.7,0.15,0.15,C,noise_curve_c_s59_BPI_Challenge_2012
BPI_Challenge_2012,lstm,gnn,0.7,8,0.801835,0.452285,0.95193,0.004963,0.509607,0.001702,0.193394,0.480312,0.328081,0.154264,2.7e-05,0.0,0.0,0.999247,3682,5|6|7,12,130330,0.140939,21.67,368.35,9.85,0.19,160.86,14.61,26.55,NVIDIA A100-SXM4-80GB,89faf2fe4e118b2d,7b1f70985555,1,temporal,train,all,0.7,0.15,0.15,C,noise_curve_c_s59_BPI_Challenge_2012
BPI_Challenge_2012,lstm,seq,0.7,8,0.788793,0.424894,0.94792,0.016879,0.508569,0.014398,0.189051,0.480258,0.315907,0.151005,2.7e-05,2.7e-05,0.0,0.999227,3682,5|6|7,7,130330,0.140939,67.91,814.9,9.85,0.19,160.86,14.61,26.55,NVIDIA A100-SXM4-80GB,89faf2fe4e118b2d,7b1f70985555,1,temporal,train,all,0.7,0.15,0.15,C,noise_curve_c_s59_BPI_Challenge_2012
BPI_Challenge_2012,lstm,lll,0.7,8,0.798113,0.41321,0.942611,0.002972,0.356842,0.0,0.000245,0.478612,0.326025,0.151276,2.7e-05,0.0,0.0,0.999314,3682,5|6|7,16,130330,0.140939,19.51,409.78,9.85,0.19,160.86,14.61,26.55,NVIDIA A100-SXM4-80GB,89faf2fe4e118b2d,7b1f70985555,1,temporal,train,all,0.7,0.15,0.15,C,noise_curve_c_s59_BPI_Challenge_2012
BPI_Challenge_2012,lstm,gll,0.7,8,0.800104,0.424189,0.946015,0.002828,0.465325,8.7e-05,0.133012,0.479825,0.315177,0.148832,2.7e-05,0.0,0.0,0.999247,3682,5|6|7,10,130330,0.140939,47.8,717.05,9.85,0.19,160.86,14.61,26.55,NVIDIA A100-SXM4-80GB,89faf2fe4e118b2d,7b1f70985555,1,temporal,train,all,0.7,0.15,0.15,C,noise_curve_c_s59_BPI_Challenge_2012
BPI_Challenge_2012,lstm,baseline,0.8,8,0.699463,0.329607,0.897484,0.068556,0.586906,0.024641,0.21915,0.442226,0.280941,0.139055,0.005208,0.001258,0.0,0.994575,3682,5|6|7,10,148949,0.131987,21.11,316.71,9.85,0.19,160.86,14.61,26.55,NVIDIA A100-SXM4-80GB,89faf2fe4e118b2d,7b1f70985555,1,temporal,train,all,0.7,0.15,0.15,C,noise_curve_c_s59_BPI_Challenge_2012
BPI_Challenge_2012,lstm,checker,0.8,8,0.758584,0.388027,0.919413,0.011714,0.474551,0.005424,0.183642,0.487653,0.327594,0.149375,0.003084,0.0,0.0,0.999319,3682,5|6|7,14,148949,0.131987,24.63,467.96,9.85,0.19,160.86,14.61,26.55,NVIDIA A100-SXM4-80GB,89faf2fe4e118b2d,7b1f70985555,1,temporal,train,all,0.7,0.15,0.15,C,noise_curve_c_s59_BPI_Challenge_2012
BPI_Challenge_2012,lstm,checker_net,0.8,8,0.728721,0.353605,0.906573,0.038692,0.560828,0.016273,0.17559,0.448155,0.284661,0.142042,0.001258,0.001258,0.0,0.994575,3682,5|6|7,10,148949,0.131987,23.72,355.84,9.85,0.19,160.86,14.61,26.55,NVIDIA A100-SXM4-80GB,89faf2fe4e118b2d,7b1f70985555,1,temporal,train,all,0.7,0.15,0.15,C,noise_curve_c_s59_BPI_Challenge_2012
BPI_Challenge_2012,lstm,checker_net_state,0.8,8,0.704917,0.334566,0.907092,0.06619,0.573504,0.02467,0.205821,0.4372,0.275571,0.137425,0.005722,0.001258,0.0,0.994575,3682,5|6|7,10,148949,0.131987,23.76,356.47,9.85,0.19,160.86,14.61,26.55,NVIDIA A100-SXM4-80GB,89faf2fe4e118b2d,7b1f70985555,1,temporal,train,all,0.7,0.15,0.15,C,noise_curve_c_s59_BPI_Challenge_2012
BPI_Challenge_2012,lstm,marking,0.8,8,0.722315,0.346498,0.903832,0.045675,0.58728,0.022938,0.221824,0.449307,0.286095,0.146388,2.7e-05,2.7e-05,0.0,0.995826,3682,5|6|7,21,148949,0.131987,20.22,525.66,9.85,0.19,160.86,14.61,26.55,NVIDIA A100-SXM4-80GB,89faf2fe4e118b2d,7b1f70985555,1,temporal,train,all,0.7,0.15,0.15,C,noise_curve_c_s59_BPI_Challenge_2012
BPI_Challenge_2012,lstm,gnn,0.8,8,0.740204,0.369647,0.907871,0.036269,0.577018,0.023804,0.212619,0.44824,0.298039,0.147474,0.001271,0.001258,0.0,0.994575,3682,5|6|7,11,148949,0.131987,21.94,351.04,9.85,0.19,160.86,14.61,26.55,NVIDIA A100-SXM4-80GB,89faf2fe4e118b2d,7b1f70985555,1,temporal,train,all,0.7,0.15,0.15,C,noise_curve_c_s59_BPI_Challenge_2012
BPI_Challenge_2012,lstm,seq,0.8,8,0.661954,0.287993,0.850338,0.086676,0.586171,0.036586,0.219418,0.402838,0.260003,0.127376,0.002881,0.0,0.0,0.992462,3682,5|6|7,4,148949,0.131987,68.02,612.15,9.85,0.19,160.86,14.61,26.55,NVIDIA A100-SXM4-80GB,89faf2fe4e118b2d,7b1f70985555,1,temporal,train,all,0.7,0.15,0.15,C,noise_curve_c_s59_BPI_Challenge_2012
BPI_Challenge_2012,lstm,lll,0.8,8,0.657366,0.258658,0.885423,0.067171,0.443948,0.0,0.000243,0.412561,0.258352,0.127376,0.002881,0.0,0.0,0.992462,3682,5|6|7,6,148949,0.131987,28.54,313.99,9.85,0.19,160.86,14.61,26.55,NVIDIA A100-SXM4-80GB,89faf2fe4e118b2d,7b1f70985555,1,temporal,train,all,0.7,0.15,0.15,C,noise_curve_c_s59_BPI_Challenge_2012
BPI_Challenge_2012,lstm,gll,0.8,8,0.686595,0.299976,0.895637,0.053696,0.526179,0.000635,0.146094,0.405973,0.250629,0.127376,0.002881,0.0,0.0,0.992462,3682,5|6|7,6,148949,0.131987,48.43,532.74,9.85,0.19,160.86,14.61,26.55,NVIDIA A100-SXM4-80GB,89faf2fe4e118b2d,7b1f70985555,1,temporal,train,all,0.7,0.15,0.15,C,noise_curve_c_s59_BPI_Challenge_2012
BPI_Challenge_2012,lstm,baseline,0.0,9,0.851578,0.645499,0.983842,0.0,0.000652,0.0,5.9e-05,0.484867,0.329,0.156708,0.0,0.0,0.0,0.999314,3682,5|6|7,6,0,1.0,24.42,268.65,9.85,0.19,160.86,14.61,26.55,NVIDIA A100-SXM4-80GB,89faf2fe4e118b2d,7b1f70985555,1,temporal,train,all,0.7,0.15,0.15,C,noise_curve_c_s59_BPI_Challenge_2012
BPI_Challenge_2012,lstm,checker,0.0,9,0.852126,0.648885,0.984621,0.0,0.000443,0.0,3.6e-05,0.485505,0.329663,0.157523,0.0,0.0,0.0,0.999247,3682,5|6|7,6,0,1.0,19.03,209.38,9.85,0.19,160.86,14.61,26.55,NVIDIA A100-SXM4-80GB,89faf2fe4e118b2d,7b1f70985555,1,temporal,train,all,0.7,0.15,0.15,C,noise_curve_c_s59_BPI_Challenge_2012
BPI_Challenge_2012,lstm,checker_net,0.0,9,0.851867,0.648309,0.984419,0.0,0.000595,0.0,3.6e-05,0.484861,0.329014,0.156708,0.0,0.0,0.0,0.999314,3682,5|6|7,6,0,1.0,23.37,257.04,9.85,0.19,160.86,14.61,26.55,NVIDIA A100-SXM4-80GB,89faf2fe4e118b2d,7b1f70985555,1,temporal,train,all,0.7,0.15,0.15,C,noise_curve_c_s59_BPI_Challenge_2012
BPI_Challenge_2012,lstm,checker_net_state,0.0,9,0.85279,0.651278,0.984188,0.0,0.000395,0.0,3.5e-05,0.484368,0.330258,0.155079,0.0,0.0,0.0,0.999314,3682,5|6|7,12,0,1.0,22.6,384.2,9.85,0.19,160.86,14.61,26.55,NVIDIA A100-SXM4-80GB,89faf2fe4e118b2d,7b1f70985555,1,temporal,train,all,0.7,0.15,0.15,C,noise_curve_c_s59_BPI_Challenge_2012
BPI_Challenge_2012,lstm,marking,0.0,9,0.857868,0.667372,0.984448,0.0,0.000424,0.0,4e-05,0.485116,0.330529,0.158066,0.0,0.0,0.0,0.999247,3682,5|6|7,9,0,1.0,21.33,298.66,9.85,0.19,160.86,14.61,26.55,NVIDIA A100-SXM4-80GB,89faf2fe4e118b2d,7b1f70985555,1,temporal,train,all,0.7,0.15,0.15,C,noise_curve_c_s59_BPI_Challenge_2012
BPI_Challenge_2012,lstm,gnn,0.0,9,0.856281,0.663559,0.984188,0.0,0.000495,0.0,5.7e-05,0.484245,0.329947,0.156165,0.0,0.0,0.0,0.999314,3682,5|6|7,15,0,1.0,21.3,426.01,9.85,0.19,160.86,14.61,26.55,NVIDIA A100-SXM4-80GB,89faf2fe4e118b2d,7b1f70985555,1,temporal,train,all,0.7,0.15,0.15,C,noise_curve_c_s59_BPI_Challenge_2012
BPI_Challenge_2012,lstm,seq,0.0,9,0.856599,0.662914,0.984275,0.0,0.000337,0.0,4.7e-05,0.484338,0.33015,0.155079,0.0,0.0,0.0,0.999314,3682,5|6|7,26,0,1.0,68.63,2127.54,9.85,0.19,160.86,14.61,26.55,NVIDIA A100-SXM4-80GB,89faf2fe4e118b2d,7b1f70985555,1,temporal,train,all,0.7,0.15,0.15,C,noise_curve_c_s59_BPI_Challenge_2012
BPI_Challenge_2012,lstm,lll,0.0,9,0.851405,0.647482,0.984015,2.9e-05,0.001197,0.0,4.6e-05,0.486283,0.318085,0.15535,0.0,0.0,0.0,0.999247,3682,5|6|7,6,0,1.0,23.39,257.25,9.85,0.19,160.86,14.61,26.55,NVIDIA A100-SXM4-80GB,89faf2fe4e118b2d,7b1f70985555,1,temporal,train,all,0.7,0.15,0.15,C,noise_curve_c_s59_BPI_Challenge_2012
BPI_Challenge_2012,lstm,gll,0.0,9,0.853136,0.65245,0.984419,0.0,0.000309,0.0,1.6e-05,0.484388,0.329771,0.157251,0.0,0.0,0.0,0.999314,3682,5|6|7,30,0,1.0,49.13,1719.67,9.85,0.19,160.86,14.61,26.55,NVIDIA A100-SXM4-80GB,89faf2fe4e118b2d,7b1f70985555,1,temporal,train,all,0.7,0.15,0.15,C,noise_curve_c_s59_BPI_Challenge_2012
BPI_Challenge_2012,lstm,baseline,0.1,9,0.854492,0.657192,0.984102,8.7e-05,0.059992,0.0,0.022231,0.485713,0.330813,0.158066,0.0,0.0,0.0,0.999247,3682,5|6|7,10,18619,0.733297,24.2,363.03,9.85,0.19,160.86,14.61,26.55,NVIDIA A100-SXM4-80GB,89faf2fe4e118b2d,7b1f70985555,1,temporal,train,all,0.7,0.15,0.15,C,noise_curve_c_s59_BPI_Challenge_2012
BPI_Challenge_2012,lstm,checker,0.1,9,0.855618,0.658327,0.983958,5.8e-05,0.040423,0.0,0.015165,0.485797,0.330948,0.159153,0.0,0.0,0.0,0.999247,3682,5|6|7,10,18619,0.733297,20.49,307.37,9.85,0.19,160.86,14.61,26.55,NVIDIA A100-SXM4-80GB,89faf2fe4e118b2d,7b1f70985555,1,temporal,train,all,0.7,0.15,0.15,C,noise_curve_c_s59_BPI_Challenge_2012
BPI_Challenge_2012,lstm,checker_net,0.1,9,0.855849,0.657387,0.984361,0.000115,0.05272,0.0,0.014988,0.485605,0.330664,0.158066,0.0,0.0,0.0,0.999247,3682,5|6|7,10,18619,0.733297,19.82,297.27,9.85,0.19,160.86,14.61,26.55,NVIDIA A100-SXM4-80GB,89faf2fe4e118b2d,7b1f70985555,1,temporal,train,all,0.7,0.15,0.15,C,noise_curve_c_s59_BPI_Challenge_2012
BPI_Challenge_2012,lstm,checker_net_state,0.1,9,0.855185,0.657399,0.983813,0.000173,0.054494,2.9e-05,0.017258,0.484976,0.330434,0.158066,0.0,0.0,0.0,0.999247,3682,5|6|7,10,18619,0.733297,25.09,376.33,9.85,0.19,160.86,14.61,26.55,NVIDIA A100-SXM4-80GB,89faf2fe4e118b2d,7b1f70985555,1,temporal,train,all,0.7,0.15,0.15,C,noise_curve_c_s59_BPI_Challenge_2012
BPI_Challenge_2012,lstm,marking,0.1,9,0.855675,0.65756,0.983207,8.7e-05,0.061101,2.9e-05,0.022066,0.48617,0.329988,0.157523,0.0,0.0,0.0,0.999247,3682,5|6|7,10,18619,0.733297,24.21,363.09,9.85,0.19,160.86,14.61,26.55,NVIDIA A100-SXM4-80GB,89faf2fe4e118b2d,7b1f70985555,1,temporal,train,all,0.7,0.15,0.15,C,noise_curve_c_s59_BPI_Challenge_2012
BPI_Challenge_2012,lstm,gnn,0.1,9,0.85129,0.646996,0.983438,8.7e-05,0.065206,2.9e-05,0.026057,0.491941,0.316881,0.175448,0.0,0.0,0.0,0.999247,3682,5|6|7,4,18619,0.733297,21.39,192.55,9.85,0.19,160.86,14.61,26.55,NVIDIA A100-SXM4-80GB,89faf2fe4e118b2d,7b1f70985555,1,temporal,train,all,0.7,0.15,0.15,C,noise_curve_c_s59_BPI_Challenge_2012
BPI_Challenge_2012,lstm,seq,0.1,9,0.85429,0.663992,0.983236,0.000115,0.063552,0.0,0.023033,0.492068,0.318085,0.173275,0.0,0.0,0.0,0.999247,3682,5|6|7,10,18619,0.733297,69.54,1043.15,9.85,0.19,160.86,14.61,26.55,NVIDIA A100-SXM4-80GB,89faf2fe4e118b2d,7b1f70985555,1,temporal,train,all,0.7,0.15,0.15,C,noise_curve_c_s59_BPI_Challenge_2012
BPI_Challenge_2012,lstm,lll,0.1,9,0.850222,0.64484,0.983698,0.000548,0.035935,0.0,0.00017,0.491031,0.317124,0.171103,0.0,0.0,0.0,0.999247,3682,5|6|7,8,18619,0.733297,20.69,268.95,9.85,0.19,160.86,14.61,26.55,NVIDIA A100-SXM4-80GB,89faf2fe4e118b2d,7b1f70985555,1,temporal,train,all,0.7,0.15,0.15,C,noise_curve_c_s59_BPI_Challenge_2012
BPI_Challenge_2012,lstm,gll,0.1,9,0.854752,0.653136,0.983352,0.000115,0.047806,0.0,0.010413,0.484759,0.330637,0.155894,0.0,0.0,0.0,0.999247,3682,5|6|7,4,18619,0.733297,48.97,440.71,9.85,0.19,160.86,14.61,26.55,NVIDIA A100-SXM4-80GB,89faf2fe4e118b2d,7b1f70985555,1,temporal,train,all,0.7,0.15,0.15,C,noise_curve_c_s59_BPI_Challenge_2012
BPI_Challenge_2012,lstm,baseline,0.2,9,0.849962,0.632842,0.982659,0.001385,0.134835,0.00026,0.04868,0.484265,0.330678,0.15535,2.7e-05,2.7e-05,0.0,0.999227,3682,5|6|7,3,37237,0.529913,25.35,202.8,9.85,0.19,160.86,14.61,26.55,NVIDIA A100-SXM4-80GB,89faf2fe4e118b2d,7b1f70985555,1,temporal,train,all,0.7,0.15,0.15,C,noise_curve_c_s59_BPI_Challenge_2012
BPI_Challenge_2012,lstm,checker,0.2,9,0.854319,0.650541,0.983554,0.000404,0.092675,8.7e-05,0.035979,0.484235,0.330637,0.15535,2.7e-05,0.0,0.0,0.999247,3682,5|6|7,9,37237,0.529913,30.05,420.64,9.85,0.19,160.86,14.61,26.55,NVIDIA A100-SXM4-80GB,89faf2fe4e118b2d,7b1f70985555,1,temporal,train,all,0.7,0.15,0.15,C,noise_curve_c_s59_BPI_Challenge_2012
BPI_Challenge_2012,lstm,checker_net,0.2,9,0.854319,0.650165,0.98315,0.000317,0.117915,2.9e-05,0.035726,0.484245,0.330651,0.15535,2.7e-05,0.0,0.0,0.999247,3682,5|6|7,9,37237,0.529913,29.77,416.76,9.85,0.19,160.86,14.61,26.55,NVIDIA A100-SXM4-80GB,89faf2fe4e118b2d,7b1f70985555,1,temporal,train,all,0.7,0.15,0.15,C,noise_curve_c_s59_BPI_Challenge_2012
BPI_Challenge_2012,lstm,checker_net_state,0.2,9,0.849241,0.637314,0.983582,0.000837,0.121424,0.000231,0.041537,0.485063,0.330678,0.157523,2.7e-05,2.7e-05,0.0,0.999227,3682,5|6|7,10,37237,0.529913,22.18,332.75,9.85,0.19,160.86,14.61,26.55,NVIDIA A100-SXM4-80GB,89faf2fe4e118b2d,7b1f70985555,1,temporal,train,all,0.7,0.15,0.15,C,noise_curve_c_s59_BPI_Challenge_2012
BPI_Challenge_2012,lstm,marking,0.2,9,0.850107,0.636537,0.98364,0.000404,0.138702,0.00026,0.052666,0.484294,0.330637,0.156437,2.7e-05,2.7e-05,0.0,0.999227,3682,5|6|7,15,37237,0.529913,20.84,416.74,9.85,0.19,160.86,14.61,26.55,NVIDIA A100-SXM4-80GB,89faf2fe4e118b2d,7b1f70985555,1,temporal,train,all,0.7,0.15,0.15,C,noise_curve_c_s59_BPI_Challenge_2012
BPI_Challenge_2012,lstm,gnn,0.2,9,0.847885,0.63221,0.983352,0.000837,0.132637,0.000231,0.051042,0.490909,0.317949,0.170559,2.7e-05,2.7e-05,0.0,0.999227,3682,5|6|7,7,37237,0.529913,24.76,297.1,9.85,0.19,160.86,14.61,26.55,NVIDIA A100-SXM4-80GB,89faf2fe4e118b2d,7b1f70985555,1,temporal,train,all,0.7,0.15,0.15,C,noise_curve_c_s59_BPI_Challenge_2012
BPI_Challenge_2012,lstm,seq,0.2,9,0.851751,0.655991,0.982832,0.001183,0.137909,0.000115,0.050687,0.484493,0.329636,0.154807,2.7e-05,2.7e-05,0.0,0.999227,3682,5|6|7,10,37237,0.529913,69.8,1046.98,9.85,0.19,160.86,14.61,26.55,NVIDIA A100-SXM4-80GB,89faf2fe4e118b2d,7b1f70985555,1,temporal,train,all,0.7,0.15,0.15,C,noise_curve_c_s59_BPI_Challenge_2012
BPI_Challenge_2012,lstm,lll,0.2,9,0.846616,0.625068,0.982688,0.000837,0.084368,0.0,0.000236,0.491441,0.316854,0.173819,2.7e-05,0.0,0.0,0.999247,3682,5|6|7,10,37237,0.529913,27.95,419.3,9.85,0.19,160.86,14.61,26.55,NVIDIA A100-SXM4-80GB,89faf2fe4e118b2d,7b1f70985555,1,temporal,train,all,0.7,0.15,0.15,C,noise_curve_c_s59_BPI_Challenge_2012
BPI_Challenge_2012,lstm,gll,0.2,9,0.850424,0.638299,0.982428,0.001933,0.111635,0.0,0.026005,0.491507,0.316962,0.172732,2.7e-05,0.0,0.0,0.999247,3682,5|6|7,3,37237,0.529913,47.74,381.94,9.85,0.19,160.86,14.61,26.55,NVIDIA A100-SXM4-80GB,89faf2fe4e118b2d,7b1f70985555,1,temporal,train,all,0.7,0.15,0.15,C,noise_curve_c_s59_BPI_Challenge_2012
BPI_Challenge_2012,lstm,baseline,0.3,9,0.851896,0.639851,0.983121,0.001125,0.207321,2.9e-05,0.074753,0.484808,0.330705,0.155894,0.0,0.0,0.0,0.999247,3682,5|6|7,13,55856,0.387336,29.51,531.19,9.85,0.19,160.86,14.61,26.55,NVIDIA A100-SXM4-80GB,89faf2fe4e118b2d,7b1f70985555,1,temporal,train,all,0.7,0.15,0.15,C,noise_curve_c_s59_BPI_Challenge_2012
BPI_Challenge_2012,lstm,checker,0.3,9,0.851809,0.639779,0.983467,0.000692,0.147559,5.8e-05,0.052601,0.484808,0.330705,0.155894,0.0,0.0,0.0,0.999247,3682,5|6|7,13,55856,0.387336,28.49,512.79,9.85,0.19,160.86,14.61,26.55,NVIDIA A100-SXM4-80GB,89faf2fe4e118b2d,7b1f70985555,1,temporal,train,all,0.7,0.15,0.15,C,noise_curve_c_s59_BPI_Challenge_2012
BPI_Challenge_2012,lstm,checker_net,0.3,9,0.850944,0.641821,0.983236,0.001039,0.185672,8.7e-05,0.052271,0.491169,0.316746,0.172732,2.7e-05,2.7e-05,0.0,0.999227,3682,5|6|7,13,55856,0.387336,29.2,525.55,9.85,0.19,160.86,14.61,26.55,NVIDIA A100-SXM4-80GB,89faf2fe4e118b2d,7b1f70985555,1,temporal,train,all,0.7,0.15,0.15,C,noise_curve_c_s59_BPI_Challenge_2012
BPI_Challenge_2012,lstm,checker_net_state,0.3,9,0.851665,0.639814,0.982775,0.000923,0.197275,2.9e-05,0.064453,0.486469,0.330515,0.157523,0.0,0.0,0.0,0.999247,3682,5|6|7,13,55856,0.387336,28.29,509.21,9.85,0.19,160.86,14.61,26.55,NVIDIA A100-SXM4-80GB,89faf2fe4e118b2d,7b1f70985555,1,temporal,train,all,0.7,0.15,0.15,C,noise_curve_c_s59_BPI_Challenge_2012
BPI_Challenge_2012,lstm,marking,0.3,9,0.848751,0.618971,0.980639,0.001414,0.219749,0.000144,0.07867,0.484265,0.330678,0.15535,2.7e-05,2.7e-05,0.0,0.999227,3682,5|6|7,6,55856,0.387336,22.62,248.84,9.85,0.19,160.86,14.61,26.55,NVIDIA A100-SXM4-80GB,89faf2fe4e118b2d,7b1f70985555,1,temporal,train,all,0.7,0.15,0.15,C,noise_curve_c_s59_BPI_Challenge_2012
BPI_Challenge_2012,lstm,gnn,0.3,9,0.85253,0.644382,0.982486,0.001241,0.211645,0.000144,0.079852,0.483494,0.329771,0.154536,2.7e-05,2.7e-05,0.0,0.999294,3682,5|6|7,16,55856,0.387336,22.0,461.98,9.85,0.19,160.86,14.61,26.55,NVIDIA A100-SXM4-80GB,89faf2fe4e118b2d,7b1f70985555,1,temporal,train,all,0.7,0.15,0.15,C,noise_curve_c_s59_BPI_Challenge_2012
BPI_Challenge_2012,lstm,seq,0.3,9,0.851145,0.631478,0.982053,0.001385,0.207417,0.000144,0.075568,0.484265,0.330678,0.15535,2.7e-05,2.7e-05,0.0,0.999227,3682,5|6|7,11,55856,0.387336,69.73,1115.75,9.85,0.19,160.86,14.61,26.55,NVIDIA A100-SXM4-80GB,89faf2fe4e118b2d,7b1f70985555,1,temporal,train,all,0.7,0.15,0.15,C,noise_curve_c_s59_BPI_Challenge_2012
BPI_Challenge_2012,lstm,lll,0.3,9,0.850453,0.610744,0.982399,0.001096,0.133227,0.0,0.000212,0.484602,0.330394,0.155894,0.0,0.0,0.0,0.999247,3682,5|6|7,13,55856,0.387336,31.51,567.25,9.85,0.19,160.86,14.61,26.55,NVIDIA A100-SXM4-80GB,89faf2fe4e118b2d,7b1f70985555,1,temporal,train,all,0.7,0.15,0.15,C,noise_curve_c_s59_BPI_Challenge_2012
BPI_Challenge_2012,lstm,gll,0.3,9,0.851463,0.636278,0.980264,0.001847,0.181829,2.9e-05,0.044425,0.484808,0.330705,0.155894,0.0,0.0,0.0,0.999247,3682,5|6|7,9,55856,0.387336,48.46,678.41,9.85,0.19,160.86,14.61,26.55,NVIDIA A100-SXM4-80GB,89faf2fe4e118b2d,7b1f70985555,1,temporal,train,all,0.7,0.15,0.15,C,noise_curve_c_s59_BPI_Challenge_2012
BPI_Challenge_2012,lstm,baseline,0.4,9,0.844538,0.588857,0.979456,0.002337,0.281532,0.000115,0.106111,0.483729,0.329798,0.153178,2.7e-05,2.7e-05,0.0,0.999227,3682,5|6|7,9,74474,0.284934,29.08,407.05,9.85,0.19,160.86,14.61,26.55,NVIDIA A100-SXM4-80GB,89faf2fe4e118b2d,7b1f70985555,1,temporal,train,all,0.7,0.15,0.15,C,noise_curve_c_s59_BPI_Challenge_2012
BPI_Challenge_2012,lstm,checker,0.4,9,0.843095,0.604877,0.980813,0.001847,0.207474,0.000115,0.080684,0.498753,0.329366,0.171103,2.7e-05,2.7e-05,0.0,0.999227,3682,5|6|7,12,74474,0.284934,28.57,485.68,9.85,0.19,160.86,14.61,26.55,NVIDIA A100-SXM4-80GB,89faf2fe4e118b2d,7b1f70985555,1,temporal,train,all,0.7,0.15,0.15,C,noise_curve_c_s59_BPI_Challenge_2012
BPI_Challenge_2012,lstm,checker_net,0.4,9,0.842922,0.578562,0.978879,0.002395,0.256404,0.000115,0.077189,0.483767,0.329853,0.153178,2.7e-05,2.7e-05,0.0,0.999227,3682,5|6|7,9,74474,0.284934,29.94,419.22,9.85,0.19,160.86,14.61,26.55,NVIDIA A100-SXM4-80GB,89faf2fe4e118b2d,7b1f70985555,1,temporal,train,all,0.7,0.15,0.15,C,noise_curve_c_s59_BPI_Challenge_2012
BPI_Challenge_2012,lstm,checker_net_state,0.4,9,0.847337,0.621731,0.980235,0.002106,0.267778,0.000173,0.093538,0.498839,0.329474,0.171103,2.7e-05,2.7e-05,0.0,0.999227,3682,5|6|7,12,74474,0.284934,25.07,426.15,9.85,0.19,160.86,14.61,26.55,NVIDIA A100-SXM4-80GB,89faf2fe4e118b2d,7b1f70985555,1,temporal,train,all,0.7,0.15,0.15,C,noise_curve_c_s59_BPI_Challenge_2012
BPI_Challenge_2012,lstm,marking,0.4,9,0.845461,0.611808,0.97986,0.002193,0.283594,0.000231,0.106707,0.48421,0.330583,0.15535,2.7e-05,2.7e-05,0.0,0.999227,3682,5|6|7,15,74474,0.284934,20.35,406.91,9.85,0.19,160.86,14.61,26.55,NVIDIA A100-SXM4-80GB,89faf2fe4e118b2d,7b1f70985555,1,temporal,train,all,0.7,0.15,0.15,C,noise_curve_c_s59_BPI_Challenge_2012
BPI_Challenge_2012,lstm,gnn,0.4,9,0.842461,0.616573,0.980726,0.001616,0.280188,0.000202,0.104313,0.484224,0.330542,0.15535,2.7e-05,2.7e-05,0.0,0.999227,3682,5|6|7,16,74474,0.284934,21.79,457.57,9.85,0.19,160.86,14.61,26.55,NVIDIA A100-SXM4-80GB,89faf2fe4e118b2d,7b1f70985555,1,temporal,train,all,0.7,0.15,0.15,C,noise_curve_c_s59_BPI_Challenge_2012
BPI_Challenge_2012,lstm,seq,0.4,9,0.833718,0.524794,0.976398,0.003232,0.286058,0.000231,0.103484,0.482675,0.31638,0.151548,2.7e-05,2.7e-05,0.0,0.999227,3682,5|6|7,5,74474,0.284934,69.59,695.92,9.85,0.19,160.86,14.61,26.55,NVIDIA A100-SXM4-80GB,89faf2fe4e118b2d,7b1f70985555,1,temporal,train,all,0.7,0.15,0.15,C,noise_curve_c_s59_BPI_Challenge_2012
BPI_Challenge_2012,lstm,lll,0.4,9,0.840816,0.562247,0.977235,0.002655,0.181352,0.0,0.000182,0.482003,0.328892,0.153178,2.7e-05,0.0,0.0,0.999247,3682,5|6|7,9,74474,0.284934,29.22,409.07,9.85,0.19,160.86,14.61,26.55,NVIDIA A100-SXM4-80GB,89faf2fe4e118b2d,7b1f70985555,1,temporal,train,all,0.7,0.15,0.15,C,noise_curve_c_s59_BPI_Challenge_2012
BPI_Challenge_2012,lstm,gll,0.4,9,0.844394,0.582825,0.980178,0.002539,0.25363,0.0,0.072505,0.484105,0.330448,0.15535,4.1e-05,0.0,0.0,0.999247,3682,5|6|7,9,74474,0.284934,48.23,675.17,9.85,0.19,160.86,14.61,26.55,NVIDIA A100-SXM4-80GB,89faf2fe4e118b2d,7b1f70985555,1,temporal,train,all,0.7,0.15,0.15,C,noise_curve_c_s59_BPI_Challenge_2012
BPI_Challenge_2012,lstm,baseline,0.5,9,0.830169,0.529254,0.976773,0.002626,0.362212,0.000144,0.138784,0.491674,0.317557,0.172732,2.7e-05,0.0,0.0,0.999247,3682,5|6|7,10,93093,0.21048,20.07,301.05,9.85,0.19,160.86,14.61,26.55,NVIDIA A100-SXM4-80GB,89faf2fe4e118b2d,7b1f70985555,1,temporal,train,all,0.7,0.15,0.15,C,noise_curve_c_s59_BPI_Challenge_2012
BPI_Challenge_2012,lstm,checker,0.5,9,0.83643,0.589679,0.97911,0.001962,0.279959,0.000144,0.106945,0.483178,0.329312,0.156437,2.7e-05,2.7e-05,0.0,0.999227,3682,5|6|7,16,93093,0.21048,20.53,431.08,9.85,0.19,160.86,14.61,26.55,NVIDIA A100-SXM4-80GB,89faf2fe4e118b2d,7b1f70985555,1,temporal,train,all,0.7,0.15,0.15,C,noise_curve_c_s59_BPI_Challenge_2012
BPI_Challenge_2012,lstm,checker_net,0.5,9,0.832016,0.540214,0.976311,0.002337,0.334456,0.0,0.102511,0.484105,0.330448,0.15535,4.1e-05,0.0,0.0,0.999247,3682,5|6|7,10,93093,0.21048,23.14,347.11,9.85,0.19,160.86,14.61,26.55,NVIDIA A100-SXM4-80GB,89faf2fe4e118b2d,7b1f70985555,1,temporal,train,all,0.7,0.15,0.15,C,noise_curve_c_s59_BPI_Challenge_2012
BPI_Challenge_2012,lstm,checker_net_state,0.5,9,0.831987,0.549963,0.978418,0.003058,0.352099,0.000115,0.124001,0.485318,0.330083,0.15698,2.7e-05,0.0,0.0,0.999247,3682,5|6|7,14,93093,0.21048,20.61,391.62,9.85,0.19,160.86,14.61,26.55,NVIDIA A100-SXM4-80GB,89faf2fe4e118b2d,7b1f70985555,1,temporal,train,all,0.7,0.15,0.15,C,noise_curve_c_s59_BPI_Challenge_2012
BPI_Challenge_2012,lstm,marking,0.5,9,0.834064,0.528539,0.97005,0.004761,0.372392,0.000548,0.142354,0.480172,0.328541,0.154807,4.1e-05,2.7e-05,0.0,0.999227,3682,5|6|7,7,93093,0.21048,21.77,261.28,9.85,0.19,160.86,14.61,26.55,NVIDIA A100-SXM4-80GB,89faf2fe4e118b2d,7b1f70985555,1,temporal,train,all,0.7,0.15,0.15,C,noise_curve_c_s59_BPI_Challenge_2012
BPI_Challenge_2012,lstm,gnn,0.5,9,0.837411,0.569481,0.976081,0.002308,0.366404,0.000231,0.136831,0.498734,0.329325,0.171103,2.7e-05,2.7e-05,0.0,0.999227,3682,5|6|7,12,93093,0.21048,23.59,400.96,9.85,0.19,160.86,14.61,26.55,NVIDIA A100-SXM4-80GB,89faf2fe4e118b2d,7b1f70985555,1,temporal,train,all,0.7,0.15,0.15,C,noise_curve_c_s59_BPI_Challenge_2012
BPI_Challenge_2012,lstm,seq,0.5,9,0.834728,0.548387,0.976283,0.002914,0.363741,0.000173,0.131561,0.484344,0.317327,0.151548,2.7e-05,2.7e-05,0.0,0.999227,3682,5|6|7,10,93093,0.21048,69.97,1049.56,9.85,0.19,160.86,14.61,26.55,NVIDIA A100-SXM4-80GB,89faf2fe4e118b2d,7b1f70985555,1,temporal,train,all,0.7,0.15,0.15,C,noise_curve_c_s59_BPI_Challenge_2012
BPI_Challenge_2012,lstm,lll,0.5,9,0.831064,0.513376,0.971926,0.005453,0.247059,0.0,0.000184,0.479747,0.3285,0.154807,0.000176,0.0,0.0,0.999247,3682,5|6|7,16,93093,0.21048,31.04,651.89,9.85,0.19,160.86,14.61,26.55,NVIDIA A100-SXM4-80GB,89faf2fe4e118b2d,7b1f70985555,1,temporal,train,all,0.7,0.15,0.15,C,noise_curve_c_s59_BPI_Challenge_2012
BPI_Challenge_2012,lstm,gll,0.5,9,0.829765,0.519722,0.974724,0.002799,0.313333,0.000173,0.089121,0.492867,0.323184,0.172189,2.7e-05,2.7e-05,0.0,0.999227,3682,5|6|7,10,93093,0.21048,48.02,720.3,9.85,0.19,160.86,14.61,26.55,NVIDIA A100-SXM4-80GB,89faf2fe4e118b2d,7b1f70985555,1,temporal,train,all,0.7,0.15,0.15,C,noise_curve_c_s59_BPI_Challenge_2012
BPI_Challenge_2012,lstm,baseline,0.6,9,0.817791,0.486324,0.957845,0.009695,0.44177,0.005742,0.165666,0.480211,0.327932,0.154264,2.7e-05,2.7e-05,0.0,0.999227,3682,5|6|7,4,111712,0.162118,25.51,229.59,9.85,0.19,160.86,14.61,26.55,NVIDIA A100-SXM4-80GB,89faf2fe4e118b2d,7b1f70985555,1,temporal,train,all,0.7,0.15,0.15,C,noise_curve_c_s59_BPI_Challenge_2012
BPI_Challenge_2012,lstm,checker,0.6,9,0.822811,0.471283,0.962231,0.003895,0.344146,0.000173,0.129767,0.488703,0.315677,0.172189,2.7e-05,2.7e-05,0.0,0.999227,3682,5|6|7,4,111712,0.162118,29.87,268.8,9.85,0.19,160.86,14.61,26.55,NVIDIA A100-SXM4-80GB,89faf2fe4e118b2d,7b1f70985555,1,temporal,train,all,0.7,0.15,0.15,C,noise_curve_c_s59_BPI_Challenge_2012
BPI_Challenge_2012,lstm,checker_net,0.6,9,0.818945,0.462947,0.957788,0.00528,0.410015,0.000404,0.127396,0.479739,0.327513,0.154264,2.7e-05,2.7e-05,0.0,0.999227,3682,5|6|7,4,111712,0.162118,28.69,258.17,9.85,0.19,160.86,14.61,26.55,NVIDIA A100-SXM4-80GB,89faf2fe4e118b2d,7b1f70985555,1,temporal,train,all,0.7,0.15,0.15,C,noise_curve_c_s59_BPI_Challenge_2012
BPI_Challenge_2012,lstm,checker_net_state,0.6,9,0.824254,0.485955,0.963616,0.004472,0.421796,0.000606,0.147747,0.487855,0.31634,0.172189,2.7e-05,2.7e-05,0.0,0.999227,3682,5|6|7,14,111712,0.162118,28.07,533.34,9.85,0.19,160.86,14.61,26.55,NVIDIA A100-SXM4-80GB,89faf2fe4e118b2d,7b1f70985555,1,temporal,train,all,0.7,0.15,0.15,C,noise_curve_c_s59_BPI_Challenge_2012
BPI_Challenge_2012,lstm,marking,0.6,9,0.821542,0.467383,0.96653,0.003203,0.430551,0.000606,0.16227,0.481347,0.328081,0.156437,2.7e-05,0.0,0.0,0.999247,3682,5|6|7,7,111712,0.162118,24.19,290.31,9.85,0.19,160.86,14.61,26.55,NVIDIA A100-SXM4-80GB,89faf2fe4e118b2d,7b1f70985555,1,temporal,train,all,0.7,0.15,0.15,C,noise_curve_c_s59_BPI_Challenge_2012
BPI_Challenge_2012,lstm,gnn,0.6,9,0.820445,0.468663,0.963616,0.00528,0.440294,0.00202,0.165791,0.480312,0.328081,0.154264,2.7e-05,2.7e-05,0.0,0.999227,3682,5|6|7,7,111712,0.162118,21.84,262.13,9.85,0.19,160.86,14.61,26.55,NVIDIA A100-SXM4-80GB,89faf2fe4e118b2d,7b1f70985555,1,temporal,train,all,0.7,0.15,0.15,C,noise_curve_c_s59_BPI_Challenge_2012
BPI_Challenge_2012,lstm,seq,0.6,9,0.820244,0.48497,0.970916,0.005713,0.439818,0.00202,0.162537,0.480531,0.316002,0.151005,2.7e-05,2.7e-05,0.0,0.999227,3682,5|6|7,13,111712,0.162118,69.34,1248.04,9.85,0.19,160.86,14.61,26.55,NVIDIA A100-SXM4-80GB,89faf2fe4e118b2d,7b1f70985555,1,temporal,train,all,0.7,0.15,0.15,C,noise_curve_c_s59_BPI_Challenge_2012
BPI_Challenge_2012,lstm,lll,0.6,9,0.802499,0.417956,0.949132,0.003837,0.301602,0.0,0.00035,0.478853,0.327621,0.152634,4.1e-05,0.0,0.0,0.999247,3682,5|6|7,4,111712,0.162118,22.05,198.45,9.85,0.19,160.86,14.61,26.55,NVIDIA A100-SXM4-80GB,89faf2fe4e118b2d,7b1f70985555,1,temporal,train,all,0.7,0.15,0.15,C,noise_curve_c_s59_BPI_Challenge_2012
BPI_Challenge_2012,lstm,gll,0.6,9,0.808818,0.439531,0.954873,0.003549,0.381584,0.0,0.09569,0.479084,0.314717,0.15019,2.7e-05,0.0,0.0,0.999314,3682,5|6|7,3,111712,0.162118,47.92,383.39,9.85,0.19,160.86,14.61,26.55,NVIDIA A100-SXM4-80GB,89faf2fe4e118b2d,7b1f70985555,1,temporal,train,all,0.7,0.15,0.15,C,noise_curve_c_s59_BPI_Challenge_2012
BPI_Challenge_2012,lstm,baseline,0.7,9,0.795891,0.448678,0.953835,0.010791,0.512154,0.0073,0.193097,0.479188,0.328243,0.154807,4.1e-05,2.7e-05,0.0,0.999227,3682,5|6|7,14,130330,0.145524,24.37,463.04,9.85,0.19,160.86,14.61,26.55,NVIDIA A100-SXM4-80GB,89faf2fe4e118b2d,7b1f70985555,1,temporal,train,all,0.7,0.15,0.15,C,noise_curve_c_s59_BPI_Challenge_2012
BPI_Challenge_2012,lstm,checker,0.7,9,0.807288,0.443635,0.961885,0.004241,0.401566,0.001443,0.156371,0.479545,0.328608,0.154807,2.7e-05,2.7e-05,0.0,0.999227,3682,5|6|7,10,130330,0.145524,29.89,448.33,9.85,0.19,160.86,14.61,26.55,NVIDIA A100-SXM4-80GB,89faf2fe4e118b2d,7b1f70985555,1,temporal,train,all,0.7,0.15,0.15,C,noise_curve_c_s59_BPI_Challenge_2012
BPI_Challenge_2012,lstm,checker_net,0.7,9,0.800133,0.428839,0.954902,0.006348,0.47342,0.002655,0.148565,0.479174,0.328216,0.154807,4.1e-05,0.0,0.0,0.999247,3682,5|6|7,10,130330,0.145524,28.69,430.38,9.85,0.19,160.86,14.61,26.55,NVIDIA A100-SXM4-80GB,89faf2fe4e118b2d,7b1f70985555,1,temporal,train,all,0.7,0.15,0.15,C,noise_curve_c_s59_BPI_Challenge_2012
BPI_Challenge_2012,lstm,checker_net_state,0.7,9,0.789803,0.458875,0.952479,0.006175,0.488077,0.002799,0.172847,0.482996,0.332558,0.144487,2.7e-05,0.0,0.0,0.996563,3682,5|6|7,17,130330,0.145524,29.42,647.28,9.85,0.19,160.86,14.61,26.55,NVIDIA A100-SXM4-80GB,89faf2fe4e118b2d,7b1f70985555,1,temporal,train,all,0.7,0.15,0.15,C,noise_curve_c_s59_BPI_Challenge_2012
BPI_Challenge_2012,lstm,marking,0.7,9,0.800941,0.422484,0.947891,0.005742,0.510697,0.002799,0.191071,0.479188,0.328243,0.154807,4.1e-05,2.7e-05,0.0,0.999227,3682,5|6|7,10,130330,0.145524,22.33,334.99,9.85,0.19,160.86,14.61,26.55,NVIDIA A100-SXM4-80GB,89faf2fe4e118b2d,7b1f70985555,1,temporal,train,all,0.7,0.15,0.15,C,noise_curve_c_s59_BPI_Challenge_2012
BPI_Challenge_2012,lstm,gnn,0.7,9,0.806192,0.439167,0.952046,0.006607,0.501608,0.001327,0.181333,0.479352,0.328459,0.154807,2.7e-05,2.7e-05,0.0,0.999227,3682,5|6|7,11,130330,0.145524,26.22,419.52,9.85,0.19,160.86,14.61,26.55,NVIDIA A100-SXM4-80GB,89faf2fe4e118b2d,7b1f70985555,1,temporal,train,all,0.7,0.15,0.15,C,noise_curve_c_s59_BPI_Challenge_2012
BPI_Challenge_2012,lstm,seq,0.7,9,0.786052,0.412734,0.942813,0.017427,0.507734,0.014225,0.190431,0.480007,0.329014,0.154807,2.7e-05,2.7e-05,0.0,0.999227,3682,5|6|7,8,130330,0.145524,70.25,913.26,9.85,0.19,160.86,14.61,26.55,NVIDIA A100-SXM4-80GB,89faf2fe4e118b2d,7b1f70985555,1,temporal,train,all,0.7,0.15,0.15,C,noise_curve_c_s59_BPI_Challenge_2012
BPI_Challenge_2012,lstm,lll,0.7,9,0.765768,0.402184,0.933089,0.005511,0.362913,0.0,0.000345,0.434098,0.289558,0.136067,0.000149,0.0,0.0,0.995846,3682,5|6|7,4,130330,0.145524,30.29,272.58,9.85,0.19,160.86,14.61,26.55,NVIDIA A100-SXM4-80GB,89faf2fe4e118b2d,7b1f70985555,1,temporal,train,all,0.7,0.15,0.15,C,noise_curve_c_s59_BPI_Challenge_2012
BPI_Challenge_2012,lstm,gll,0.7,9,0.800133,0.429234,0.952392,0.003924,0.459671,0.000491,0.127804,0.479971,0.315122,0.151548,0.000636,0.000311,0.0,0.999201,3682,5|6|7,14,130330,0.145524,48.2,915.77,9.85,0.19,160.86,14.61,26.55,NVIDIA A100-SXM4-80GB,89faf2fe4e118b2d,7b1f70985555,1,temporal,train,all,0.7,0.15,0.15,C,noise_curve_c_s59_BPI_Challenge_2012
BPI_Challenge_2012,lstm,baseline,0.8,9,0.714611,0.339525,0.916094,0.045242,0.582204,0.027238,0.217544,0.44838,0.284823,0.143672,0.001258,0.001258,0.0,0.994575,3682,5|6|7,10,148949,0.137773,27.57,413.59,9.85,0.19,160.86,14.61,26.55,NVIDIA A100-SXM4-80GB,89faf2fe4e118b2d,7b1f70985555,1,temporal,train,all,0.7,0.15,0.15,C,noise_curve_c_s59_BPI_Challenge_2012
BPI_Challenge_2012,lstm,checker,0.8,9,0.719286,0.372033,0.93332,0.006665,0.491444,0.00277,0.184078,0.442903,0.280793,0.145301,0.0,0.0,0.0,0.995846,3682,5|6|7,13,148949,0.137773,28.83,518.97,9.85,0.19,160.86,14.61,26.55,NVIDIA A100-SXM4-80GB,89faf2fe4e118b2d,7b1f70985555,1,temporal,train,all,0.7,0.15,0.15,C,noise_curve_c_s59_BPI_Challenge_2012
BPI_Challenge_2012,lstm,checker_net,0.8,9,0.726326,0.355708,0.914854,0.030267,0.559991,0.0073,0.174439,0.447809,0.284309,0.142042,0.00303,0.0,0.0,0.995846,3682,5|6|7,10,148949,0.137773,29.82,447.27,9.85,0.19,160.86,14.61,26.55,NVIDIA A100-SXM4-80GB,89faf2fe4e118b2d,7b1f70985555,1,temporal,train,all,0.7,0.15,0.15,C,noise_curve_c_s59_BPI_Challenge_2012
BPI_Challenge_2012,lstm,checker_net_state,0.8,9,0.713371,0.339822,0.906371,0.049137,0.56963,0.024698,0.205274,0.436691,0.273434,0.143672,0.001258,0.0,0.0,0.994353,3682,5|6|7,10,148949,0.137773,30.48,457.27,9.85,0.19,160.86,14.61,26.55,NVIDIA A100-SXM4-80GB,89faf2fe4e118b2d,7b1f70985555,1,temporal,train,all,0.7,0.15,0.15,C,noise_curve_c_s59_BPI_Challenge_2012
BPI_Challenge_2012,lstm,marking,0.8,9,0.704801,0.326553,0.918287,0.054677,0.580839,0.02366,0.218697,0.449468,0.285649,0.143672,0.001258,0.001258,0.0,0.994575,3682,5|6|7,24,148949,0.137773,24.57,712.66,9.85,0.19,160.86,14.61,26.55,NVIDIA A100-SXM4-80GB,89faf2fe4e118b2d,7b1f70985555,1,temporal,train,all,0.7,0.15,0.15,C,noise_curve_c_s59_BPI_Challenge_2012
BPI_Challenge_2012,lstm,gnn,0.8,9,0.718478,0.359312,0.924318,0.049022,0.582648,0.022938,0.219742,0.440615,0.279981,0.136882,0.005749,0.001285,0.0,0.994555,3682,5|6|7,14,148949,0.137773,22.29,423.5,9.85,0.19,160.86,14.61,26.55,NVIDIA A100-SXM4-80GB,89faf2fe4e118b2d,7b1f70985555,1,temporal,train,all,0.7,0.15,0.15,C,noise_curve_c_s59_BPI_Challenge_2012
BPI_Challenge_2012,lstm,seq,0.8,9,0.700156,0.349044,0.894628,0.059149,0.58087,0.021092,0.219684,0.455417,0.294103,0.141499,0.005167,2.7e-05,0.0,0.995826,3682,5|6|7,20,148949,0.137773,69.78,1744.44,9.85,0.19,160.86,14.61,26.55,NVIDIA A100-SXM4-80GB,89faf2fe4e118b2d,7b1f70985555,1,temporal,train,all,0.7,0.15,0.15,C,noise_curve_c_s59_BPI_Challenge_2012
BPI_Challenge_2012,lstm,lll,0.8,9,0.668013,0.280102,0.901697,0.060275,0.44233,0.0,0.00023,0.400125,0.243257,0.127376,0.003395,0.0,0.0,0.992462,3682,5|6|7,9,148949,0.137773,28.9,404.54,9.85,0.19,160.86,14.61,26.55,NVIDIA A100-SXM4-80GB,89faf2fe4e118b2d,7b1f70985555,1,temporal,train,all,0.7,0.15,0.15,C,noise_curve_c_s59_BPI_Challenge_2012
BPI_Challenge_2012,lstm,gll,0.8,9,0.715679,0.325872,0.911622,0.037682,0.540871,0.0,0.153087,0.404637,0.248248,0.127376,0.002881,0.0,0.0,0.992462,3682,5|6|7,10,148949,0.137773,47.65,714.82,9.85,0.19,160.86,14.61,26.55,NVIDIA A100-SXM4-80GB,89faf2fe4e118b2d,7b1f70985555,1,temporal,train,all,0.7,0.15,0.15,C,noise_curve_c_s59_BPI_Challenge_2012
