dataset,arch,variant,noise,seed,accuracy,macro_f1,top3,violation_rate,forbidden,violation_rate_net,forbidden_net,dl_similarity,suffix_accuracy,exact_match,suffix_dfa_violation,suffix_dfa_violation_net,suffix_precedence_violation,suffix_net_fitness,n_suffix,prefix_lengths,best_epoch,corrupted,train_compliance,secs_per_epoch,secs_train,secs_petrinet,secs_dfa,secs_automaton,secs_markings,secs_artifacts,gpu,knowledge_key,net_fingerprint,artifacts_cached,split,knowledge,vocab_scope,train_frac,val_frac,test_frac,protocol,source_dir
BPIC_2020_DomesticDeclarations,lstm,baseline,0.0,0,0.907547,0.523588,0.99886,0.0,0.000496,0.001026,0.036121,0.917913,0.794928,0.837057,0.064944,0.065594,0.0,0.982402,4566,2|3|4,9,0,0.999456,1.85,25.88,0.06,0.18,0.0,0.6,4.49,NVIDIA A100-SXM4-80GB,a7eeb9c6f4b5df0f,f86d69189bb7,0,temporal,train,all,0.7,0.15,0.15,C,noise_curve_c
BPIC_2020_DomesticDeclarations,lstm,checker,0.0,0,0.907547,0.523588,0.99886,0.0,0.000307,0.001026,0.035522,0.917858,0.794928,0.837057,0.065025,0.065675,0.0,0.982393,4566,2|3|4,9,0,0.999456,1.86,26.01,0.06,0.18,0.0,0.6,4.49,NVIDIA A100-SXM4-80GB,a7eeb9c6f4b5df0f,f86d69189bb7,0,temporal,train,all,0.7,0.15,0.15,C,noise_curve_c
BPIC_2020_DomesticDeclarations,lstm,checker_net,0.0,0,0.907547,0.523588,0.99886,0.0,0.000323,0.001026,0.024622,0.917913,0.794928,0.837057,0.064944,0.065594,0.0,0.982402,4566,2|3|4,9,0,0.999456,1.86,26.01,0.06,0.18,0.0,0.6,4.49,NVIDIA A100-SXM4-80GB,a7eeb9c6f4b5df0f,f86d69189bb7,0,temporal,train,all,0.7,0.15,0.15,C,noise_curve_c
BPIC_2020_DomesticDeclarations,lstm,checker_net_state,0.0,0,0.907547,0.523588,0.99886,0.0,0.000353,0.001026,0.025026,0.920433,0.748029,0.837057,0.059091,0.059742,0.0,0.98421,4566,2|3|4,9,0,0.999456,1.89,26.41,0.06,0.18,0.0,0.6,4.49,NVIDIA A100-SXM4-80GB,a7eeb9c6f4b5df0f,f86d69189bb7,0,temporal,train,all,0.7,0.15,0.15,C,noise_curve_c
BPIC_2020_DomesticDeclarations,lstm,marking,0.0,0,0.907547,0.523588,0.998974,0.0,0.00126,0.001026,0.040774,0.917913,0.794928,0.837057,0.064944,0.065594,0.0,0.982402,4566,2|3|4,3,0,0.999456,2.04,16.28,0.06,0.18,0.0,0.6,4.49,NVIDIA A100-SXM4-80GB,a7eeb9c6f4b5df0f,f86d69189bb7,0,temporal,train,all,0.7,0.15,0.15,C,noise_curve_c
BPIC_2020_DomesticDeclarations,lstm,gnn,0.0,0,0.907547,0.523588,0.981874,0.0,0.000603,0.001026,0.040642,0.918291,0.800455,0.837057,0.065269,0.065919,0.0,0.982275,4566,2|3|4,9,0,0.999456,2.64,36.95,0.06,0.18,0.0,0.6,4.49,NVIDIA A100-SXM4-80GB,a7eeb9c6f4b5df0f,f86d69189bb7,0,temporal,train,all,0.7,0.15,0.15,C,noise_curve_c
BPIC_2020_DomesticDeclarations,lstm,seq,0.0,0,0.907547,0.523588,0.981304,0.0,0.001534,0.001026,0.041198,0.919027,0.802081,0.837057,0.067545,0.068195,0.0,0.981542,4566,2|3|4,2,0,0.999456,4.37,30.62,0.06,0.18,0.0,0.6,4.49,NVIDIA A100-SXM4-80GB,a7eeb9c6f4b5df0f,f86d69189bb7,0,temporal,train,all,0.7,0.15,0.15,C,noise_curve_c
BPIC_2020_DomesticDeclarations,lstm,lll,0.0,0,0.906521,0.478029,0.975262,0.001254,0.006145,0.0,0.00214,0.915511,0.79631,0.835961,0.077623,0.069333,0.0,0.981023,4566,2|3|4,1,0,0.999456,2.06,12.34,0.06,0.18,0.0,0.6,4.49,NVIDIA A100-SXM4-80GB,a7eeb9c6f4b5df0f,f86d69189bb7,0,temporal,train,all,0.7,0.15,0.15,C,noise_curve_c
BPIC_2020_DomesticDeclarations,lstm,gll,0.0,0,0.907547,0.523588,0.99772,0.0,0.002752,0.001026,0.024252,0.915735,0.741689,0.837057,0.078274,0.00065,0.0,0.992833,4566,2|3|4,4,0,0.999456,4.57,41.16,0.06,0.18,0.0,0.6,4.49,NVIDIA A100-SXM4-80GB,a7eeb9c6f4b5df0f,f86d69189bb7,0,temporal,train,all,0.7,0.15,0.15,C,noise_curve_c
BPIC_2020_DomesticDeclarations,lstm,baseline,0.1,0,0.907547,0.523588,0.997948,0.0,0.077373,0.001026,0.108678,0.916503,0.795172,0.837057,0.070796,0.071446,0.0,0.981279,4566,2|3|4,9,3888,0.714927,1.84,25.72,0.06,0.18,0.0,0.6,4.49,NVIDIA A100-SXM4-80GB,a7eeb9c6f4b5df0f,f86d69189bb7,0,temporal,train,all,0.7,0.15,0.15,C,noise_curve_c
BPIC_2020_DomesticDeclarations,lstm,checker,0.1,0,0.907547,0.523588,0.998176,0.0,0.051663,0.001026,0.088981,0.916096,0.797123,0.837057,0.069983,0.074697,0.0,0.980806,4566,2|3|4,9,3888,0.714927,1.96,27.43,0.06,0.18,0.0,0.6,4.49,NVIDIA A100-SXM4-80GB,a7eeb9c6f4b5df0f,f86d69189bb7,0,temporal,train,all,0.7,0.15,0.15,C,noise_curve_c
BPIC_2020_DomesticDeclarations,lstm,checker_net,0.1,0,0.907547,0.523588,0.998062,0.000114,0.057542,0.001026,0.074814,0.915977,0.795253,0.837057,0.073803,0.074535,0.0,0.981057,4566,2|3|4,9,3888,0.714927,1.96,27.44,0.06,0.18,0.0,0.6,4.49,NVIDIA A100-SXM4-80GB,a7eeb9c6f4b5df0f,f86d69189bb7,0,temporal,train,all,0.7,0.15,0.15,C,noise_curve_c
BPIC_2020_DomesticDeclarations,lstm,checker_net_state,0.1,0,0.907547,0.523588,0.997948,0.0,0.060266,0.001026,0.07892,0.916043,0.795091,0.837057,0.070633,0.071283,0.0,0.981659,4566,2|3|4,9,3888,0.714927,2.01,28.2,0.06,0.18,0.0,0.6,4.49,NVIDIA A100-SXM4-80GB,a7eeb9c6f4b5df0f,f86d69189bb7,0,temporal,train,all,0.7,0.15,0.15,C,noise_curve_c
BPIC_2020_DomesticDeclarations,lstm,marking,0.1,0,0.907319,0.523068,0.99829,0.0,0.079651,0.001254,0.11389,0.916792,0.799886,0.836837,0.078436,0.079249,0.000438,0.980017,4566,2|3|4,3,3888,0.714927,2.15,17.22,0.06,0.18,0.0,0.6,4.49,NVIDIA A100-SXM4-80GB,a7eeb9c6f4b5df0f,f86d69189bb7,0,temporal,train,all,0.7,0.15,0.15,C,noise_curve_c
BPIC_2020_DomesticDeclarations,lstm,gnn,0.1,0,0.907547,0.523588,0.980848,0.000228,0.071608,0.001026,0.105155,0.917146,0.800049,0.837057,0.078274,0.078843,0.0,0.980076,4566,2|3|4,2,3888,0.714927,3.05,21.37,0.06,0.18,0.0,0.6,4.49,NVIDIA A100-SXM4-80GB,a7eeb9c6f4b5df0f,f86d69189bb7,0,temporal,train,all,0.7,0.15,0.15,C,noise_curve_c
BPIC_2020_DomesticDeclarations,lstm,seq,0.1,0,0.906407,0.520937,0.981304,0.001026,0.068297,0.001596,0.09629,0.915916,0.797692,0.835961,0.079899,0.080143,0.00219,0.97996,4566,2|3|4,3,3888,0.714927,4.37,35.0,0.06,0.18,0.0,0.6,4.49,NVIDIA A100-SXM4-80GB,a7eeb9c6f4b5df0f,f86d69189bb7,0,temporal,train,all,0.7,0.15,0.15,C,noise_curve_c
BPIC_2020_DomesticDeclarations,lstm,lll,0.1,0,0.906521,0.478028,0.974236,0.00114,0.014824,0.0,0.001035,0.915194,0.741689,0.835961,0.081769,0.0,0.001533,0.990877,4566,2|3|4,2,3888,0.714927,2.06,14.39,0.06,0.18,0.0,0.6,4.49,NVIDIA A100-SXM4-80GB,a7eeb9c6f4b5df0f,f86d69189bb7,0,temporal,train,all,0.7,0.15,0.15,C,noise_curve_c
BPIC_2020_DomesticDeclarations,lstm,gll,0.1,0,0.907547,0.523588,0.998062,0.000228,0.051259,0.001026,0.062587,0.915808,0.741689,0.837057,0.078274,0.00065,0.0,0.992835,4566,2|3|4,9,3888,0.714927,4.56,63.86,0.06,0.18,0.0,0.6,4.49,NVIDIA A100-SXM4-80GB,a7eeb9c6f4b5df0f,f86d69189bb7,0,temporal,train,all,0.7,0.15,0.15,C,noise_curve_c
BPIC_2020_DomesticDeclarations,lstm,baseline,0.2,0,0.906179,0.520398,0.979822,0.001254,0.163477,0.001482,0.178821,0.915884,0.798017,0.835742,0.080224,0.080387,0.002409,0.979903,4566,2|3|4,2,7776,0.509729,1.93,13.48,0.06,0.18,0.0,0.6,4.49,NVIDIA A100-SXM4-80GB,a7eeb9c6f4b5df0f,f86d69189bb7,0,temporal,train,all,0.7,0.15,0.15,C,noise_curve_c
BPIC_2020_DomesticDeclarations,lstm,checker,0.2,0,0.906293,0.520676,0.979822,0.001026,0.11565,0.001482,0.142458,0.915884,0.798017,0.835742,0.080306,0.080468,0.002409,0.979891,4566,2|3|4,2,7776,0.509729,1.97,13.78,0.06,0.18,0.0,0.6,4.49,NVIDIA A100-SXM4-80GB,a7eeb9c6f4b5df0f,f86d69189bb7,0,temporal,train,all,0.7,0.15,0.15,C,noise_curve_c
BPIC_2020_DomesticDeclarations,lstm,checker_net,0.2,0,0.906179,0.520398,0.975262,0.001254,0.126265,0.001482,0.126651,0.915884,0.798017,0.835742,0.080306,0.080468,0.002409,0.979895,4566,2|3|4,2,7776,0.509729,2.08,14.56,0.06,0.18,0.0,0.6,4.49,NVIDIA A100-SXM4-80GB,a7eeb9c6f4b5df0f,f86d69189bb7,0,temporal,train,all,0.7,0.15,0.15,C,noise_curve_c
BPIC_2020_DomesticDeclarations,lstm,checker_net_state,0.2,0,0.906179,0.520621,0.980962,0.00114,0.127483,0.001482,0.138035,0.915957,0.796147,0.835742,0.075185,0.075347,0.00219,0.980511,4566,2|3|4,10,7776,0.509729,2.17,32.57,0.06,0.18,0.0,0.6,4.49,NVIDIA A100-SXM4-80GB,a7eeb9c6f4b5df0f,f86d69189bb7,0,temporal,train,all,0.7,0.15,0.15,C,noise_curve_c
BPIC_2020_DomesticDeclarations,lstm,marking,0.2,0,0.906179,0.520621,0.980848,0.00114,0.155256,0.001482,0.185467,0.918078,0.800618,0.835742,0.068845,0.069008,0.00219,0.981466,4566,2|3|4,6,7776,0.509729,2.15,23.61,0.06,0.18,0.0,0.6,4.49,NVIDIA A100-SXM4-80GB,a7eeb9c6f4b5df0f,f86d69189bb7,0,temporal,train,all,0.7,0.15,0.15,C,noise_curve_c
BPIC_2020_DomesticDeclarations,lstm,gnn,0.2,0,0.907547,0.523588,0.994072,0.000114,0.158749,0.001026,0.179513,0.917285,0.799155,0.837057,0.076567,0.077136,0.0,0.980269,4566,2|3|4,6,7776,0.509729,2.67,29.38,0.06,0.18,0.0,0.6,4.49,NVIDIA A100-SXM4-80GB,a7eeb9c6f4b5df0f,f86d69189bb7,0,temporal,train,all,0.7,0.15,0.15,C,noise_curve_c
BPIC_2020_DomesticDeclarations,lstm,seq,0.2,0,0.905837,0.520246,0.993502,0.001482,0.142061,0.001596,0.159974,0.915989,0.798098,0.835742,0.080143,0.080224,0.00219,0.97991,4566,2|3|4,1,7776,0.509729,4.41,26.46,0.06,0.18,0.0,0.6,4.49,NVIDIA A100-SXM4-80GB,a7eeb9c6f4b5df0f,f86d69189bb7,0,temporal,train,all,0.7,0.15,0.15,C,noise_curve_c
BPIC_2020_DomesticDeclarations,lstm,lll,0.2,0,0.906293,0.477985,0.975262,0.001254,0.042721,0.0,0.003792,0.915194,0.741689,0.835961,0.081769,0.0,0.001533,0.99079,4566,2|3|4,1,7776,0.509729,2.07,12.44,0.06,0.18,0.0,0.6,4.49,NVIDIA A100-SXM4-80GB,a7eeb9c6f4b5df0f,f86d69189bb7,0,temporal,train,all,0.7,0.15,0.15,C,noise_curve_c
BPIC_2020_DomesticDeclarations,lstm,gll,0.2,0,0.906179,0.520402,0.975262,0.001254,0.114173,0.001368,0.104477,0.91392,0.738682,0.835742,0.081606,0.000813,0.00219,0.992666,4566,2|3|4,2,7776,0.509729,4.59,32.16,0.06,0.18,0.0,0.6,4.49,NVIDIA A100-SXM4-80GB,a7eeb9c6f4b5df0f,f86d69189bb7,0,temporal,train,all,0.7,0.15,0.15,C,noise_curve_c
BPIC_2020_DomesticDeclarations,lstm,baseline,0.3,0,0.902189,0.511024,0.99259,0.001482,0.251886,0.005472,0.262436,0.912835,0.789889,0.832457,0.079818,0.0825,0.009198,0.979581,4566,2|3|4,1,11665,0.374881,1.99,11.93,0.06,0.18,0.0,0.6,4.49,NVIDIA A100-SXM4-80GB,a7eeb9c6f4b5df0f,f86d69189bb7,0,temporal,train,all,0.7,0.15,0.15,C,noise_curve_c
BPIC_2020_DomesticDeclarations,lstm,checker,0.3,0,0.906293,0.52067,0.998062,0.00114,0.161572,0.001482,0.195403,0.916814,0.74364,0.835742,0.068439,0.068601,0.002409,0.981418,4566,2|3|4,9,11665,0.374881,1.83,25.59,0.06,0.18,0.0,0.6,4.49,NVIDIA A100-SXM4-80GB,a7eeb9c6f4b5df0f,f86d69189bb7,0,temporal,train,all,0.7,0.15,0.15,C,noise_curve_c
BPIC_2020_DomesticDeclarations,lstm,checker_net,0.3,0,0.906179,0.520402,0.993388,0.001254,0.178619,0.001368,0.175917,0.919985,0.749736,0.835742,0.062424,0.062505,0.00219,0.982822,4566,2|3|4,9,11665,0.374881,1.83,25.59,0.06,0.18,0.0,0.6,4.49,NVIDIA A100-SXM4-80GB,a7eeb9c6f4b5df0f,f86d69189bb7,0,temporal,train,all,0.7,0.15,0.15,C,noise_curve_c
BPIC_2020_DomesticDeclarations,lstm,checker_net_state,0.3,0,0.906179,0.520398,0.993502,0.001254,0.186515,0.001482,0.187139,0.917734,0.745753,0.835742,0.066325,0.066488,0.002409,0.982144,4566,2|3|4,9,11665,0.374881,1.87,26.13,0.06,0.18,0.0,0.6,4.49,NVIDIA A100-SXM4-80GB,a7eeb9c6f4b5df0f,f86d69189bb7,0,temporal,train,all,0.7,0.15,0.15,C,noise_curve_c
BPIC_2020_DomesticDeclarations,lstm,marking,0.3,0,0.906179,0.520402,0.976288,0.001254,0.234771,0.001368,0.252591,0.915989,0.798098,0.835742,0.080143,0.080224,0.00219,0.97991,4566,2|3|4,4,11665,0.374881,2.04,18.32,0.06,0.18,0.0,0.6,4.49,NVIDIA A100-SXM4-80GB,a7eeb9c6f4b5df0f,f86d69189bb7,0,temporal,train,all,0.7,0.15,0.15,C,noise_curve_c
BPIC_2020_DomesticDeclarations,lstm,gnn,0.3,0,0.902075,0.510974,0.980506,0.001482,0.229968,0.005472,0.2545,0.912741,0.789645,0.832457,0.083963,0.086646,0.009198,0.97914,4566,2|3|4,1,11665,0.374881,2.5,15.03,0.06,0.18,0.0,0.6,4.49,NVIDIA A100-SXM4-80GB,a7eeb9c6f4b5df0f,f86d69189bb7,0,temporal,train,all,0.7,0.15,0.15,C,noise_curve_c
BPIC_2020_DomesticDeclarations,lstm,seq,0.3,0,0.902303,0.511077,0.979024,0.001368,0.223813,0.005358,0.249986,0.912276,0.790214,0.832457,0.086402,0.089084,0.009198,0.978674,4566,2|3|4,1,11665,0.374881,3.81,22.84,0.06,0.18,0.0,0.6,4.49,NVIDIA A100-SXM4-80GB,a7eeb9c6f4b5df0f,f86d69189bb7,0,temporal,train,all,0.7,0.15,0.15,C,noise_curve_c
BPIC_2020_DomesticDeclarations,lstm,lll,0.3,0,0.905951,0.477317,0.975262,0.001596,0.067687,0.0,0.004734,0.916089,0.744534,0.835742,0.075347,0.0,0.001752,0.991313,4566,2|3|4,1,11665,0.374881,1.97,11.83,0.06,0.18,0.0,0.6,4.49,NVIDIA A100-SXM4-80GB,a7eeb9c6f4b5df0f,f86d69189bb7,0,temporal,train,all,0.7,0.15,0.15,C,noise_curve_c
BPIC_2020_DomesticDeclarations,lstm,gll,0.3,0,0.906179,0.520402,0.99259,0.001254,0.164993,0.001368,0.148552,0.913993,0.738682,0.835742,0.081525,0.000813,0.00219,0.992669,4566,2|3|4,9,11665,0.374881,4.62,64.63,0.06,0.18,0.0,0.6,4.49,NVIDIA A100-SXM4-80GB,a7eeb9c6f4b5df0f,f86d69189bb7,0,temporal,train,all,0.7,0.15,0.15,C,noise_curve_c
BPIC_2020_DomesticDeclarations,lstm,baseline,0.4,0,0.905951,0.51985,0.973666,0.001254,0.331036,0.00171,0.336204,0.916822,0.797041,0.835742,0.070389,0.070552,0.002409,0.981177,4566,2|3|4,6,15553,0.273234,1.78,19.63,0.06,0.18,0.0,0.6,4.49,NVIDIA A100-SXM4-80GB,a7eeb9c6f4b5df0f,f86d69189bb7,0,temporal,train,all,0.7,0.15,0.15,C,noise_curve_c
BPIC_2020_DomesticDeclarations,lstm,checker,0.4,0,0.902531,0.511185,0.980962,0.00114,0.244919,0.005244,0.276372,0.915675,0.793546,0.832457,0.071202,0.073884,0.009198,0.980974,4566,2|3|4,6,15553,0.273234,1.83,20.08,0.06,0.18,0.0,0.6,4.49,NVIDIA A100-SXM4-80GB,a7eeb9c6f4b5df0f,f86d69189bb7,0,temporal,train,all,0.7,0.15,0.15,C,noise_curve_c
BPIC_2020_DomesticDeclarations,lstm,checker_net,0.4,0,0.906065,0.520349,0.975262,0.001368,0.271203,0.001482,0.251992,0.918797,0.793628,0.835742,0.066976,0.067057,0.00219,0.981653,4566,2|3|4,6,15553,0.273234,1.83,20.11,0.06,0.18,0.0,0.6,4.49,NVIDIA A100-SXM4-80GB,a7eeb9c6f4b5df0f,f86d69189bb7,0,temporal,train,all,0.7,0.15,0.15,C,noise_curve_c
BPIC_2020_DomesticDeclarations,lstm,checker_net_state,0.4,0,0.906179,0.520398,0.976174,0.001254,0.286511,0.001482,0.273379,0.917906,0.800211,0.835742,0.069495,0.069658,0.002409,0.981355,4566,2|3|4,6,15553,0.273234,1.87,20.56,0.06,0.18,0.0,0.6,4.49,NVIDIA A100-SXM4-80GB,a7eeb9c6f4b5df0f,f86d69189bb7,0,temporal,train,all,0.7,0.15,0.15,C,noise_curve_c
BPIC_2020_DomesticDeclarations,lstm,marking,0.4,0,0.902303,0.511082,0.990196,0.001254,0.315127,0.005358,0.329631,0.914621,0.792977,0.832457,0.074453,0.077136,0.009198,0.980474,4566,2|3|4,2,15553,0.273234,2.04,14.3,0.06,0.18,0.0,0.6,4.49,NVIDIA A100-SXM4-80GB,a7eeb9c6f4b5df0f,f86d69189bb7,0,temporal,train,all,0.7,0.15,0.15,C,noise_curve_c
BPIC_2020_DomesticDeclarations,lstm,gnn,0.4,0,0.902645,0.517201,0.976174,0.001368,0.307396,0.005358,0.315655,0.914012,0.791921,0.832238,0.069983,0.072665,0.009198,0.981069,4566,2|3|4,12,15553,0.273234,2.67,45.36,0.06,0.18,0.0,0.6,4.49,NVIDIA A100-SXM4-80GB,a7eeb9c6f4b5df0f,f86d69189bb7,0,temporal,train,all,0.7,0.15,0.15,C,noise_curve_c
BPIC_2020_DomesticDeclarations,lstm,seq,0.4,0,0.901049,0.510466,0.978682,0.002508,0.303413,0.006384,0.312781,0.914393,0.792408,0.831581,0.07551,0.078111,0.010512,0.980377,4566,2|3|4,1,15553,0.273234,4.38,26.28,0.06,0.18,0.0,0.6,4.49,NVIDIA A100-SXM4-80GB,a7eeb9c6f4b5df0f,f86d69189bb7,0,temporal,train,all,0.7,0.15,0.15,C,noise_curve_c
BPIC_2020_DomesticDeclarations,lstm,lll,0.4,0,0.902303,0.469765,0.975262,0.005358,0.093493,0.0,0.0066,0.911297,0.734292,0.832457,0.08437,0.0,0.008322,0.990176,4566,2|3|4,1,15553,0.273234,2.05,12.32,0.06,0.18,0.0,0.6,4.49,NVIDIA A100-SXM4-80GB,a7eeb9c6f4b5df0f,f86d69189bb7,0,temporal,train,all,0.7,0.15,0.15,C,noise_curve_c
BPIC_2020_DomesticDeclarations,lstm,gll,0.4,0,0.905837,0.476919,0.97207,0.001368,0.257048,0.001368,0.204342,0.913993,0.738682,0.835742,0.081525,0.000813,0.00219,0.992669,4566,2|3|4,6,15553,0.273234,4.55,50.02,0.06,0.18,0.0,0.6,4.49,NVIDIA A100-SXM4-80GB,a7eeb9c6f4b5df0f,f86d69189bb7,0,temporal,train,all,0.7,0.15,0.15,C,noise_curve_c
BPIC_2020_DomesticDeclarations,lstm,baseline,0.5,0,0.901505,0.510441,0.974806,0.002166,0.394681,0.00627,0.401477,0.913241,0.789726,0.832457,0.075347,0.07803,0.009198,0.980465,4566,2|3|4,14,19441,0.202749,1.82,34.59,0.06,0.18,0.0,0.6,4.49,NVIDIA A100-SXM4-80GB,a7eeb9c6f4b5df0f,f86d69189bb7,0,temporal,train,all,0.7,0.15,0.15,C,noise_curve_c
BPIC_2020_DomesticDeclarations,lstm,checker,0.5,0,0.901961,0.51091,0.980962,0.001596,0.300681,0.0057,0.335329,0.915633,0.795334,0.832457,0.072015,0.074697,0.009198,0.9809,4566,2|3|4,5,19441,0.202749,1.83,18.31,0.06,0.18,0.0,0.6,4.49,NVIDIA A100-SXM4-80GB,a7eeb9c6f4b5df0f,f86d69189bb7,0,temporal,train,all,0.7,0.15,0.15,C,noise_curve_c
BPIC_2020_DomesticDeclarations,lstm,checker_net,0.5,0,0.902075,0.510969,0.97435,0.001482,0.34168,0.005586,0.312893,0.913807,0.791677,0.832457,0.080306,0.082988,0.009198,0.979702,4566,2|3|4,9,19441,0.202749,1.86,26.09,0.06,0.18,0.0,0.6,4.49,NVIDIA A100-SXM4-80GB,a7eeb9c6f4b5df0f,f86d69189bb7,0,temporal,train,all,0.7,0.15,0.15,C,noise_curve_c
BPIC_2020_DomesticDeclarations,lstm,checker_net_state,0.5,0,0.901847,0.510857,0.974236,0.00171,0.356368,0.005814,0.337289,0.913677,0.789401,0.832457,0.075591,0.078274,0.009198,0.980327,4566,2|3|4,9,19441,0.202749,1.86,26.09,0.06,0.18,0.0,0.6,4.49,NVIDIA A100-SXM4-80GB,a7eeb9c6f4b5df0f,f86d69189bb7,0,temporal,train,all,0.7,0.15,0.15,C,noise_curve_c
BPIC_2020_DomesticDeclarations,lstm,marking,0.5,0,0.900935,0.510406,0.974236,0.002622,0.412001,0.006612,0.413862,0.913475,0.792571,0.831581,0.082825,0.085508,0.010731,0.97946,4566,2|3|4,4,19441,0.202749,2.03,18.29,0.06,0.18,0.0,0.6,4.49,NVIDIA A100-SXM4-80GB,a7eeb9c6f4b5df0f,f86d69189bb7,0,temporal,train,all,0.7,0.15,0.15,C,noise_curve_c
BPIC_2020_DomesticDeclarations,lstm,gnn,0.5,0,0.900935,0.510402,0.976744,0.002622,0.414719,0.006612,0.419947,0.910245,0.786881,0.831581,0.093067,0.095749,0.010731,0.977008,4566,2|3|4,2,19441,0.202749,2.49,17.46,0.06,0.18,0.0,0.6,4.49,NVIDIA A100-SXM4-80GB,a7eeb9c6f4b5df0f,f86d69189bb7,0,temporal,train,all,0.7,0.15,0.15,C,noise_curve_c
BPIC_2020_DomesticDeclarations,lstm,seq,0.5,0,0.901277,0.510556,0.993388,0.002508,0.392282,0.006612,0.399013,0.914356,0.792408,0.831581,0.075591,0.078274,0.010731,0.980363,4566,2|3|4,6,19441,0.202749,3.77,41.51,0.06,0.18,0.0,0.6,4.49,NVIDIA A100-SXM4-80GB,a7eeb9c6f4b5df0f,f86d69189bb7,0,temporal,train,all,0.7,0.15,0.15,C,noise_curve_c
BPIC_2020_DomesticDeclarations,lstm,lll,0.5,0,0.902303,0.46977,0.97321,0.005358,0.133685,0.0,0.0085,0.911266,0.734455,0.832457,0.084451,0.0,0.008322,0.99016,4566,2|3|4,1,19441,0.202749,1.97,11.85,0.06,0.18,0.0,0.6,4.49,NVIDIA A100-SXM4-80GB,a7eeb9c6f4b5df0f,f86d69189bb7,0,temporal,train,all,0.7,0.15,0.15,C,noise_curve_c
BPIC_2020_DomesticDeclarations,lstm,gll,0.5,0,0.902531,0.511189,0.974236,0.001026,0.318984,0.00513,0.270753,0.908132,0.728115,0.832457,0.091279,0.003333,0.008979,0.991758,4566,2|3|4,5,19441,0.202749,4.63,46.28,0.06,0.18,0.0,0.6,4.49,NVIDIA A100-SXM4-80GB,a7eeb9c6f4b5df0f,f86d69189bb7,0,temporal,train,all,0.7,0.15,0.15,C,noise_curve_c
BPIC_2020_DomesticDeclarations,lstm,baseline,0.6,0,0.883265,0.428365,0.973894,0.020406,0.478622,0.024396,0.478134,0.886512,0.750955,0.808804,0.12501,0.127692,0.010731,0.973268,4566,2|3|4,2,23329,0.165873,1.83,12.78,0.06,0.18,0.0,0.6,4.49,NVIDIA A100-SXM4-80GB,a7eeb9c6f4b5df0f,f86d69189bb7,0,temporal,train,all,0.7,0.15,0.15,C,noise_curve_c
BPIC_2020_DomesticDeclarations,lstm,checker,0.6,0,0.902189,0.511016,0.979708,0.001482,0.375644,0.005472,0.409882,0.911301,0.789076,0.832457,0.088759,0.091441,0.009198,0.977673,4566,2|3|4,2,23329,0.165873,1.84,12.9,0.06,0.18,0.0,0.6,4.49,NVIDIA A100-SXM4-80GB,a7eeb9c6f4b5df0f,f86d69189bb7,0,temporal,train,all,0.7,0.15,0.15,C,noise_curve_c
BPIC_2020_DomesticDeclarations,lstm,checker_net,0.6,0,0.901163,0.510512,0.974236,0.002394,0.408907,0.006384,0.37358,0.910751,0.788019,0.831581,0.090547,0.093229,0.010731,0.977453,4566,2|3|4,2,23329,0.165873,1.85,12.93,0.06,0.18,0.0,0.6,4.49,NVIDIA A100-SXM4-80GB,a7eeb9c6f4b5df0f,f86d69189bb7,0,temporal,train,all,0.7,0.15,0.15,C,noise_curve_c
BPIC_2020_DomesticDeclarations,lstm,checker_net_state,0.6,0,0.883265,0.428361,0.973894,0.020406,0.44432,0.024396,0.423883,0.885432,0.749817,0.808804,0.127611,0.130293,0.010731,0.972212,4566,2|3|4,2,23329,0.165873,1.88,13.16,0.06,0.18,0.0,0.6,4.49,NVIDIA A100-SXM4-80GB,a7eeb9c6f4b5df0f,f86d69189bb7,0,temporal,train,all,0.7,0.15,0.15,C,noise_curve_c
BPIC_2020_DomesticDeclarations,lstm,marking,0.6,0,0.883493,0.428455,0.973438,0.020406,0.494033,0.02451,0.493071,0.889745,0.752581,0.808804,0.107697,0.11038,0.010731,0.976378,4566,2|3|4,2,23329,0.165873,2.05,14.34,0.06,0.18,0.0,0.6,4.49,NVIDIA A100-SXM4-80GB,a7eeb9c6f4b5df0f,f86d69189bb7,0,temporal,train,all,0.7,0.15,0.15,C,noise_curve_c
BPIC_2020_DomesticDeclarations,lstm,gnn,0.6,0,0.897401,0.508648,0.974122,0.006156,0.487325,0.010146,0.494654,0.913195,0.790051,0.828515,0.080306,0.082988,0.017083,0.979993,4566,2|3|4,3,23329,0.165873,2.58,20.66,0.06,0.18,0.0,0.6,4.49,NVIDIA A100-SXM4-80GB,a7eeb9c6f4b5df0f,f86d69189bb7,0,temporal,train,all,0.7,0.15,0.15,C,noise_curve_c
BPIC_2020_DomesticDeclarations,lstm,seq,0.6,0,0.856931,0.532559,0.972982,0.006156,0.502098,0.010146,0.49923,0.835693,0.682679,0.738502,0.03048,0.033163,0.017083,0.974117,4566,2|3|4,10,23329,0.165873,3.78,56.73,0.06,0.18,0.0,0.6,4.49,NVIDIA A100-SXM4-80GB,a7eeb9c6f4b5df0f,f86d69189bb7,0,temporal,train,all,0.7,0.15,0.15,C,noise_curve_c
BPIC_2020_DomesticDeclarations,lstm,lll,0.6,0,0.884861,0.465623,0.972184,0.0228,0.176956,0.0,0.008622,0.871745,0.666667,0.801796,0.195562,0.0,0.061761,0.976146,4566,2|3|4,1,23329,0.165873,1.98,11.86,0.06,0.18,0.0,0.6,4.49,NVIDIA A100-SXM4-80GB,a7eeb9c6f4b5df0f,f86d69189bb7,0,temporal,train,all,0.7,0.15,0.15,C,noise_curve_c
BPIC_2020_DomesticDeclarations,lstm,gll,0.6,0,0.901847,0.468316,0.974008,0.00171,0.404045,0.005472,0.350184,0.908205,0.728115,0.832457,0.091279,0.003333,0.008979,0.991761,4566,2|3|4,8,23329,0.165873,4.61,59.95,0.06,0.18,0.0,0.6,4.49,NVIDIA A100-SXM4-80GB,a7eeb9c6f4b5df0f,f86d69189bb7,0,temporal,train,all,0.7,0.15,0.15,C,noise_curve_c
BPIC_2020_DomesticDeclarations,lstm,baseline,0.7,0,0.900137,0.508134,0.968194,0.003648,0.582416,0.007638,0.56097,0.911197,0.786881,0.831581,0.082013,0.084695,0.010731,0.979306,4566,2|3|4,7,27217,0.154987,1.78,21.42,0.06,0.18,0.0,0.6,4.49,NVIDIA A100-SXM4-80GB,a7eeb9c6f4b5df0f,f86d69189bb7,0,temporal,train,all,0.7,0.15,0.15,C,noise_curve_c
BPIC_2020_DomesticDeclarations,lstm,checker,0.7,0,0.901049,0.510464,0.992818,0.002508,0.465372,0.006612,0.488848,0.911424,0.785256,0.831581,0.07998,0.082825,0.010731,0.979577,4566,2|3|4,7,27217,0.154987,1.83,21.93,0.06,0.18,0.0,0.6,4.49,NVIDIA A100-SXM4-80GB,a7eeb9c6f4b5df0f,f86d69189bb7,0,temporal,train,all,0.7,0.15,0.15,C,noise_curve_c
BPIC_2020_DomesticDeclarations,lstm,checker_net,0.7,0,0.901277,0.510555,0.968194,0.002508,0.509045,0.006498,0.448881,0.910209,0.786881,0.831581,0.093067,0.095749,0.010731,0.977002,4566,2|3|4,7,27217,0.154987,1.83,21.92,0.06,0.18,0.0,0.6,4.49,NVIDIA A100-SXM4-80GB,a7eeb9c6f4b5df0f,f86d69189bb7,0,temporal,train,all,0.7,0.15,0.15,C,noise_curve_c
BPIC_2020_DomesticDeclarations,lstm,checker_net_state,0.7,0,0.900137,0.508134,0.968308,0.003648,0.545804,0.007638,0.500073,0.911197,0.7868,0.831581,0.081931,0.084614,0.010731,0.979315,4566,2|3|4,7,27217,0.154987,1.86,22.37,0.06,0.18,0.0,0.6,4.49,NVIDIA A100-SXM4-80GB,a7eeb9c6f4b5df0f,f86d69189bb7,0,temporal,train,all,0.7,0.15,0.15,C,noise_curve_c
BPIC_2020_DomesticDeclarations,lstm,marking,0.7,0,0.879845,0.426672,0.968194,0.023826,0.550639,0.02793,0.535048,0.887061,0.747704,0.805738,0.116232,0.118914,0.017083,0.97455,4566,2|3|4,5,27217,0.154987,2.03,20.33,0.06,0.18,0.0,0.6,4.49,NVIDIA A100-SXM4-80GB,a7eeb9c6f4b5df0f,f86d69189bb7,0,temporal,train,all,0.7,0.15,0.15,C,noise_curve_c
BPIC_2020_DomesticDeclarations,lstm,gnn,0.7,0,0.879731,0.426615,0.97036,0.02394,0.568172,0.02793,0.553782,0.8826,0.743965,0.805738,0.137202,0.139885,0.017083,0.971019,4566,2|3|4,4,27217,0.154987,2.49,22.44,0.06,0.18,0.0,0.6,4.49,NVIDIA A100-SXM4-80GB,a7eeb9c6f4b5df0f,f86d69189bb7,0,temporal,train,all,0.7,0.15,0.15,C,noise_curve_c
BPIC_2020_DomesticDeclarations,lstm,seq,0.7,0,0.879731,0.426601,0.96808,0.02394,0.57755,0.028044,0.556066,0.885236,0.745103,0.805738,0.129074,0.131756,0.017083,0.972383,4566,2|3|4,4,27217,0.154987,3.78,34.0,0.06,0.18,0.0,0.6,4.49,NVIDIA A100-SXM4-80GB,a7eeb9c6f4b5df0f,f86d69189bb7,0,temporal,train,all,0.7,0.15,0.15,C,noise_curve_c
BPIC_2020_DomesticDeclarations,lstm,lll,0.7,0,0.867305,0.393526,0.972184,0.04047,0.240903,0.0,0.013927,0.866585,0.666992,0.792378,0.162399,0.0,0.061761,0.977999,4566,2|3|4,1,27217,0.154987,1.98,11.87,0.06,0.18,0.0,0.6,4.49,NVIDIA A100-SXM4-80GB,a7eeb9c6f4b5df0f,f86d69189bb7,0,temporal,train,all,0.7,0.15,0.15,C,noise_curve_c
BPIC_2020_DomesticDeclarations,lstm,gll,0.7,0,0.902531,0.511183,0.972184,0.00114,0.492411,0.00513,0.389163,0.908132,0.728115,0.832457,0.091279,0.003333,0.008979,0.991758,4566,2|3|4,7,27217,0.154987,4.61,55.35,0.06,0.18,0.0,0.6,4.49,NVIDIA A100-SXM4-80GB,a7eeb9c6f4b5df0f,f86d69189bb7,0,temporal,train,all,0.7,0.15,0.15,C,noise_curve_c
BPIC_2020_DomesticDeclarations,lstm,baseline,0.8,0,0.812016,0.392041,0.952576,0.092111,0.649705,0.096215,0.636603,0.813112,0.665204,0.69251,0.194505,0.197188,0.131406,0.959966,4566,2|3|4,7,31106,0.140291,1.79,21.45,0.06,0.18,0.0,0.6,4.49,NVIDIA A100-SXM4-80GB,a7eeb9c6f4b5df0f,f86d69189bb7,0,temporal,train,all,0.7,0.15,0.15,C,noise_curve_c
BPIC_2020_DomesticDeclarations,lstm,checker,0.8,0,0.880757,0.42714,0.976516,0.022914,0.539277,0.027018,0.570397,0.884608,0.741852,0.806614,0.106072,0.116557,0.01555,0.975205,4566,2|3|4,5,31106,0.140291,1.83,18.31,0.06,0.18,0.0,0.6,4.49,NVIDIA A100-SXM4-80GB,a7eeb9c6f4b5df0f,f86d69189bb7,0,temporal,train,all,0.7,0.15,0.15,C,noise_curve_c
BPIC_2020_DomesticDeclarations,lstm,checker_net,0.8,0,0.883607,0.392975,0.970132,0.020178,0.604762,0.023256,0.533014,0.88799,0.754938,0.808804,0.114119,0.080062,0.010731,0.97676,4566,2|3|4,5,31106,0.140291,1.83,18.3,0.06,0.18,0.0,0.6,4.49,NVIDIA A100-SXM4-80GB,a7eeb9c6f4b5df0f,f86d69189bb7,0,temporal,train,all,0.7,0.15,0.15,C,noise_curve_c
BPIC_2020_DomesticDeclarations,lstm,checker_net_state,0.8,0,0.804036,0.389232,0.968422,0.104993,0.63175,0.105107,0.575965,0.789014,0.548972,0.665791,0.250264,0.258555,0.170171,0.954383,4566,2|3|4,11,31106,0.140291,1.86,29.8,0.06,0.18,0.0,0.6,4.49,NVIDIA A100-SXM4-80GB,a7eeb9c6f4b5df0f,f86d69189bb7,0,temporal,train,all,0.7,0.15,0.15,C,noise_curve_c
BPIC_2020_DomesticDeclarations,lstm,marking,0.8,0,0.862403,0.418283,0.952576,0.045144,0.657326,0.045486,0.643717,0.879014,0.721531,0.792378,0.113631,0.113793,0.033071,0.976178,4566,2|3|4,4,31106,0.140291,2.04,18.32,0.06,0.18,0.0,0.6,4.49,NVIDIA A100-SXM4-80GB,a7eeb9c6f4b5df0f,f86d69189bb7,0,temporal,train,all,0.7,0.15,0.15,C,noise_curve_c
BPIC_2020_DomesticDeclarations,lstm,gnn,0.8,0,0.850661,0.411934,0.951436,0.054492,0.65917,0.058368,0.645405,0.866188,0.712509,0.779019,0.14216,0.144843,0.062637,0.969783,4566,2|3|4,5,31106,0.140291,2.49,24.87,0.06,0.18,0.0,0.6,4.49,NVIDIA A100-SXM4-80GB,a7eeb9c6f4b5df0f,f86d69189bb7,0,temporal,train,all,0.7,0.15,0.15,C,noise_curve_c
BPIC_2020_DomesticDeclarations,lstm,seq,0.8,0,0.875171,0.424275,0.967396,0.028842,0.642462,0.032718,0.632122,0.889315,0.748354,0.805738,0.106316,0.108998,0.017083,0.977526,4566,2|3|4,8,31106,0.140291,3.77,48.96,0.06,0.18,0.0,0.6,4.49,NVIDIA A100-SXM4-80GB,a7eeb9c6f4b5df0f,f86d69189bb7,0,temporal,train,all,0.7,0.15,0.15,C,noise_curve_c
BPIC_2020_DomesticDeclarations,lstm,lll,0.8,0,0.859211,0.389506,0.97435,0.035796,0.278987,0.0,0.001327,0.869445,0.659514,0.782085,0.139966,0.0,0.029566,0.983062,4566,2|3|4,8,31106,0.140291,1.96,25.48,0.06,0.18,0.0,0.6,4.49,NVIDIA A100-SXM4-80GB,a7eeb9c6f4b5df0f,f86d69189bb7,0,temporal,train,all,0.7,0.15,0.15,C,noise_curve_c
BPIC_2020_DomesticDeclarations,lstm,gll,0.8,0,0.867077,0.393445,0.97378,0.04047,0.569508,0.0,0.455011,0.868746,0.666342,0.792378,0.171096,0.0,0.038984,0.985121,4566,2|3|4,5,31106,0.140291,4.62,46.18,0.06,0.18,0.0,0.6,4.49,NVIDIA A100-SXM4-80GB,a7eeb9c6f4b5df0f,f86d69189bb7,0,temporal,train,all,0.7,0.15,0.15,C,noise_curve_c
BPIC_2020_DomesticDeclarations,lstm,baseline,0.0,1,0.907661,0.523842,0.998974,0.0,0.00076,0.00114,0.040738,0.916278,0.795741,0.837276,0.059173,0.069577,0.0,0.981822,4566,2|3|4,5,0,0.999456,2.0,20.01,0.06,0.17,0.0,0.6,4.42,NVIDIA A100-SXM4-80GB,a7eeb9c6f4b5df0f,f86d69189bb7,1,temporal,train,all,0.7,0.15,0.15,C,noise_curve_c_s14_BPIC_2020_DomesticDeclarations
BPIC_2020_DomesticDeclarations,lstm,checker,0.0,1,0.907661,0.523842,0.998974,0.0,0.000478,0.00114,0.040173,0.916204,0.795578,0.837276,0.058766,0.069495,0.0,0.981796,4566,2|3|4,5,0,0.999456,2.36,23.63,0.06,0.17,0.0,0.6,4.42,NVIDIA A100-SXM4-80GB,a7eeb9c6f4b5df0f,f86d69189bb7,1,temporal,train,all,0.7,0.15,0.15,C,noise_curve_c_s14_BPIC_2020_DomesticDeclarations
BPIC_2020_DomesticDeclarations,lstm,checker_net,0.0,1,0.907661,0.523842,0.998974,0.0,0.000572,0.00114,0.028126,0.916676,0.795416,0.837276,0.064781,0.071365,0.0,0.981466,4566,2|3|4,5,0,0.999456,2.02,20.24,0.06,0.17,0.0,0.6,4.42,NVIDIA A100-SXM4-80GB,a7eeb9c6f4b5df0f,f86d69189bb7,1,temporal,train,all,0.7,0.15,0.15,C,noise_curve_c_s14_BPIC_2020_DomesticDeclarations
BPIC_2020_DomesticDeclarations,lstm,checker_net_state,0.0,1,0.907661,0.523842,0.998974,0.0,0.000587,0.00114,0.029191,0.916676,0.795416,0.837276,0.064781,0.071365,0.0,0.981466,4566,2|3|4,5,0,0.999456,2.06,20.6,0.06,0.17,0.0,0.6,4.42,NVIDIA A100-SXM4-80GB,a7eeb9c6f4b5df0f,f86d69189bb7,1,temporal,train,all,0.7,0.15,0.15,C,noise_curve_c_s14_BPIC_2020_DomesticDeclarations
BPIC_2020_DomesticDeclarations,lstm,marking,0.0,1,0.907547,0.523588,0.998974,0.0,0.000766,0.001026,0.031851,0.916024,0.795009,0.837057,0.064618,0.071121,0.0,0.981648,4566,2|3|4,5,0,0.999456,2.23,22.35,0.06,0.17,0.0,0.6,4.42,NVIDIA A100-SXM4-80GB,a7eeb9c6f4b5df0f,f86d69189bb7,1,temporal,train,all,0.7,0.15,0.15,C,noise_curve_c_s14_BPIC_2020_DomesticDeclarations
BPIC_2020_DomesticDeclarations,lstm,gnn,0.0,1,0.907547,0.523588,0.99886,0.0,0.002945,0.001026,0.034738,0.918326,0.80078,0.837057,0.071202,0.071852,0.0,0.981041,4566,2|3|4,1,0,0.999456,3.14,18.86,0.06,0.17,0.0,0.6,4.42,NVIDIA A100-SXM4-80GB,a7eeb9c6f4b5df0f,f86d69189bb7,1,temporal,train,all,0.7,0.15,0.15,C,noise_curve_c_s14_BPIC_2020_DomesticDeclarations
BPIC_2020_DomesticDeclarations,lstm,seq,0.0,1,0.907661,0.523842,0.998974,0.0,0.000724,0.00114,0.038198,0.916748,0.795741,0.837276,0.070389,0.071121,0.0,0.981614,4566,2|3|4,6,0,0.999456,4.87,53.59,0.06,0.17,0.0,0.6,4.42,NVIDIA A100-SXM4-80GB,a7eeb9c6f4b5df0f,f86d69189bb7,1,temporal,train,all,0.7,0.15,0.15,C,noise_curve_c_s14_BPIC_2020_DomesticDeclarations
BPIC_2020_DomesticDeclarations,lstm,lll,0.0,1,0.906521,0.478034,0.97549,0.00114,0.00258,0.0,0.000407,0.915495,0.794522,0.835961,0.070958,0.064456,0.0,0.981383,4566,2|3|4,3,0,0.999456,2.21,17.66,0.06,0.17,0.0,0.6,4.42,NVIDIA A100-SXM4-80GB,a7eeb9c6f4b5df0f,f86d69189bb7,1,temporal,train,all,0.7,0.15,0.15,C,noise_curve_c_s14_BPIC_2020_DomesticDeclarations
BPIC_2020_DomesticDeclarations,lstm,gll,0.0,1,0.907547,0.523588,0.998404,0.0,0.004447,0.001026,0.02246,0.915735,0.741689,0.837057,0.078274,0.00065,0.0,0.992833,4566,2|3|4,8,0,0.999456,5.82,75.67,0.06,0.17,0.0,0.6,4.42,NVIDIA A100-SXM4-80GB,a7eeb9c6f4b5df0f,f86d69189bb7,1,temporal,train,all,0.7,0.15,0.15,C,noise_curve_c_s14_BPIC_2020_DomesticDeclarations
BPIC_2020_DomesticDeclarations,lstm,baseline,0.1,1,0.906179,0.520401,0.980392,0.001026,0.070703,0.001368,0.099326,0.918078,0.800618,0.835742,0.068845,0.069008,0.00219,0.981466,4566,2|3|4,4,3888,0.714655,2.01,18.08,0.06,0.17,0.0,0.6,4.42,NVIDIA A100-SXM4-80GB,a7eeb9c6f4b5df0f,f86d69189bb7,1,temporal,train,all,0.7,0.15,0.15,C,noise_curve_c_s14_BPIC_2020_DomesticDeclarations
BPIC_2020_DomesticDeclarations,lstm,checker,0.1,1,0.906293,0.520673,0.981076,0.000912,0.049156,0.001368,0.083304,0.918078,0.800618,0.835742,0.068845,0.069008,0.00219,0.981466,4566,2|3|4,4,3888,0.714655,2.21,19.89,0.06,0.17,0.0,0.6,4.42,NVIDIA A100-SXM4-80GB,a7eeb9c6f4b5df0f,f86d69189bb7,1,temporal,train,all,0.7,0.15,0.15,C,noise_curve_c_s14_BPIC_2020_DomesticDeclarations
BPIC_2020_DomesticDeclarations,lstm,checker_net,0.1,1,0.907547,0.523588,0.980506,0.0,0.053001,0.001026,0.070693,0.919105,0.80078,0.837057,0.065269,0.065919,0.0,0.982025,4566,2|3|4,20,3888,0.714655,1.99,49.8,0.06,0.17,0.0,0.6,4.42,NVIDIA A100-SXM4-80GB,a7eeb9c6f4b5df0f,f86d69189bb7,1,temporal,train,all,0.7,0.15,0.15,C,noise_curve_c_s14_BPIC_2020_DomesticDeclarations
BPIC_2020_DomesticDeclarations,lstm,checker_net_state,0.1,1,0.907091,0.52276,0.98062,0.000114,0.055087,0.001482,0.074611,0.918792,0.800455,0.836837,0.06535,0.066163,0.000438,0.981993,4566,2|3|4,20,3888,0.714655,2.04,51.1,0.06,0.17,0.0,0.6,4.42,NVIDIA A100-SXM4-80GB,a7eeb9c6f4b5df0f,f86d69189bb7,1,temporal,train,all,0.7,0.15,0.15,C,noise_curve_c_s14_BPIC_2020_DomesticDeclarations
BPIC_2020_DomesticDeclarations,lstm,marking,0.1,1,0.907547,0.523588,0.997834,0.0,0.074632,0.001026,0.103501,0.919027,0.802081,0.837057,0.067545,0.068195,0.0,0.981542,4566,2|3|4,5,3888,0.714655,2.18,21.85,0.06,0.17,0.0,0.6,4.42,NVIDIA A100-SXM4-80GB,a7eeb9c6f4b5df0f,f86d69189bb7,1,temporal,train,all,0.7,0.15,0.15,C,noise_curve_c_s14_BPIC_2020_DomesticDeclarations
BPIC_2020_DomesticDeclarations,lstm,gnn,0.1,1,0.907547,0.523588,0.998176,0.000114,0.077511,0.001026,0.111018,0.919178,0.800862,0.837057,0.065269,0.065838,0.0,0.982025,4566,2|3|4,6,3888,0.714655,2.68,29.53,0.06,0.17,0.0,0.6,4.42,NVIDIA A100-SXM4-80GB,a7eeb9c6f4b5df0f,f86d69189bb7,1,temporal,train,all,0.7,0.15,0.15,C,noise_curve_c_s14_BPIC_2020_DomesticDeclarations
BPIC_2020_DomesticDeclarations,lstm,seq,0.1,1,0.907205,0.522807,0.997948,0.0,0.071076,0.001368,0.109216,0.918773,0.802,0.836837,0.067545,0.068357,0.000438,0.981509,4566,2|3|4,6,3888,0.714655,4.38,48.13,0.06,0.17,0.0,0.6,4.42,NVIDIA A100-SXM4-80GB,a7eeb9c6f4b5df0f,f86d69189bb7,1,temporal,train,all,0.7,0.15,0.15,C,noise_curve_c_s14_BPIC_2020_DomesticDeclarations
BPIC_2020_DomesticDeclarations,lstm,lll,0.1,1,0.906521,0.478028,0.97435,0.001026,0.018336,0.0,0.001995,0.917765,0.744615,0.835961,0.069739,0.0,0.0,0.991947,4566,2|3|4,1,3888,0.714655,2.07,12.39,0.06,0.17,0.0,0.6,4.42,NVIDIA A100-SXM4-80GB,a7eeb9c6f4b5df0f,f86d69189bb7,1,temporal,train,all,0.7,0.15,0.15,C,noise_curve_c_s14_BPIC_2020_DomesticDeclarations
BPIC_2020_DomesticDeclarations,lstm,gll,0.1,1,0.906179,0.520402,0.979024,0.001254,0.046462,0.001368,0.052397,0.913993,0.738682,0.835742,0.081525,0.000813,0.00219,0.992669,4566,2|3|4,4,3888,0.714655,4.6,41.38,0.06,0.17,0.0,0.6,4.42,NVIDIA A100-SXM4-80GB,a7eeb9c6f4b5df0f,f86d69189bb7,1,temporal,train,all,0.7,0.15,0.15,C,noise_curve_c_s14_BPIC_2020_DomesticDeclarations
BPIC_2020_DomesticDeclarations,lstm,baseline,0.2,1,0.905723,0.520196,0.980278,0.001482,0.138627,0.001596,0.175098,0.917503,0.743802,0.835742,0.064944,0.065025,0.00219,0.982323,4566,2|3|4,2,7776,0.510818,2.1,14.69,0.06,0.17,0.0,0.6,4.42,NVIDIA A100-SXM4-80GB,a7eeb9c6f4b5df0f,f86d69189bb7,1,temporal,train,all,0.7,0.15,0.15,C,noise_curve_c_s14_BPIC_2020_DomesticDeclarations
BPIC_2020_DomesticDeclarations,lstm,checker,0.2,1,0.906293,0.520674,0.998518,0.001026,0.114062,0.001368,0.155655,0.916876,0.74494,0.835742,0.068439,0.068601,0.00219,0.981487,4566,2|3|4,5,7776,0.510818,1.96,19.56,0.06,0.17,0.0,0.6,4.42,NVIDIA A100-SXM4-80GB,a7eeb9c6f4b5df0f,f86d69189bb7,1,temporal,train,all,0.7,0.15,0.15,C,noise_curve_c_s14_BPIC_2020_DomesticDeclarations
BPIC_2020_DomesticDeclarations,lstm,checker_net,0.2,1,0.905723,0.520196,0.997378,0.001482,0.104297,0.001596,0.12349,0.917503,0.743802,0.835742,0.064944,0.065025,0.00219,0.982323,4566,2|3|4,2,7776,0.510818,1.97,13.79,0.06,0.17,0.0,0.6,4.42,NVIDIA A100-SXM4-80GB,a7eeb9c6f4b5df0f,f86d69189bb7,1,temporal,train,all,0.7,0.15,0.15,C,noise_curve_c_s14_BPIC_2020_DomesticDeclarations
BPIC_2020_DomesticDeclarations,lstm,checker_net_state,0.2,1,0.905723,0.520196,0.980278,0.001482,0.113644,0.001596,0.135711,0.917503,0.743802,0.835742,0.064944,0.065025,0.00219,0.982323,4566,2|3|4,2,7776,0.510818,1.99,13.92,0.06,0.17,0.0,0.6,4.42,NVIDIA A100-SXM4-80GB,a7eeb9c6f4b5df0f,f86d69189bb7,1,temporal,train,all,0.7,0.15,0.15,C,noise_curve_c_s14_BPIC_2020_DomesticDeclarations
BPIC_2020_DomesticDeclarations,lstm,marking,0.2,1,0.905951,0.520308,0.97948,0.001368,0.152906,0.001482,0.181684,0.917503,0.743802,0.835742,0.064944,0.065025,0.00219,0.982323,4566,2|3|4,1,7776,0.510818,2.15,12.92,0.06,0.17,0.0,0.6,4.42,NVIDIA A100-SXM4-80GB,a7eeb9c6f4b5df0f,f86d69189bb7,1,temporal,train,all,0.7,0.15,0.15,C,noise_curve_c_s14_BPIC_2020_DomesticDeclarations
BPIC_2020_DomesticDeclarations,lstm,gnn,0.2,1,0.905951,0.520296,0.997492,0.001482,0.15247,0.001596,0.173245,0.916649,0.798586,0.835742,0.075104,0.075185,0.00219,0.980604,4566,2|3|4,1,7776,0.510818,2.72,16.31,0.06,0.17,0.0,0.6,4.42,NVIDIA A100-SXM4-80GB,a7eeb9c6f4b5df0f,f86d69189bb7,1,temporal,train,all,0.7,0.15,0.15,C,noise_curve_c_s14_BPIC_2020_DomesticDeclarations
BPIC_2020_DomesticDeclarations,lstm,seq,0.2,1,0.906293,0.520674,0.997948,0.001026,0.154864,0.001368,0.177748,0.916932,0.798504,0.835742,0.07104,0.071202,0.00219,0.981119,4566,2|3|4,11,7776,0.510818,4.36,69.73,0.06,0.17,0.0,0.6,4.42,NVIDIA A100-SXM4-80GB,a7eeb9c6f4b5df0f,f86d69189bb7,1,temporal,train,all,0.7,0.15,0.15,C,noise_curve_c_s14_BPIC_2020_DomesticDeclarations
BPIC_2020_DomesticDeclarations,lstm,lll,0.2,1,0.906521,0.478028,0.974236,0.001026,0.034554,0.0,0.002941,0.915879,0.742908,0.835961,0.073478,0.0,0.0,0.991612,4566,2|3|4,1,7776,0.510818,2.07,12.42,0.06,0.17,0.0,0.6,4.42,NVIDIA A100-SXM4-80GB,a7eeb9c6f4b5df0f,f86d69189bb7,1,temporal,train,all,0.7,0.15,0.15,C,noise_curve_c_s14_BPIC_2020_DomesticDeclarations
BPIC_2020_DomesticDeclarations,lstm,gll,0.2,1,0.906179,0.520402,0.99715,0.001254,0.122004,0.001368,0.12172,0.913993,0.738682,0.835742,0.081525,0.000813,0.00219,0.992669,4566,2|3|4,8,7776,0.510818,4.57,59.46,0.06,0.17,0.0,0.6,4.42,NVIDIA A100-SXM4-80GB,a7eeb9c6f4b5df0f,f86d69189bb7,1,temporal,train,all,0.7,0.15,0.15,C,noise_curve_c_s14_BPIC_2020_DomesticDeclarations
BPIC_2020_DomesticDeclarations,lstm,baseline,0.3,1,0.905837,0.520327,0.997606,0.001482,0.237611,0.00171,0.26215,0.917703,0.797773,0.835742,0.068601,0.068764,0.000657,0.981483,4566,2|3|4,8,11665,0.367805,1.79,23.32,0.06,0.17,0.0,0.6,4.42,NVIDIA A100-SXM4-80GB,a7eeb9c6f4b5df0f,f86d69189bb7,1,temporal,train,all,0.7,0.15,0.15,C,noise_curve_c_s14_BPIC_2020_DomesticDeclarations
BPIC_2020_DomesticDeclarations,lstm,checker,0.3,1,0.905951,0.520381,0.998062,0.001482,0.167302,0.001596,0.209303,0.917953,0.798261,0.835742,0.068113,0.068195,0.000438,0.981556,4566,2|3|4,8,11665,0.367805,1.91,24.87,0.06,0.17,0.0,0.6,4.42,NVIDIA A100-SXM4-80GB,a7eeb9c6f4b5df0f,f86d69189bb7,1,temporal,train,all,0.7,0.15,0.15,C,noise_curve_c_s14_BPIC_2020_DomesticDeclarations
BPIC_2020_DomesticDeclarations,lstm,checker_net,0.3,1,0.905723,0.520281,0.993958,0.001482,0.185355,0.001596,0.188632,0.919675,0.74876,0.835742,0.062505,0.062586,0.000438,0.98284,4566,2|3|4,8,11665,0.367805,1.99,25.85,0.06,0.17,0.0,0.6,4.42,NVIDIA A100-SXM4-80GB,a7eeb9c6f4b5df0f,f86d69189bb7,1,temporal,train,all,0.7,0.15,0.15,C,noise_curve_c_s14_BPIC_2020_DomesticDeclarations
BPIC_2020_DomesticDeclarations,lstm,checker_net_state,0.3,1,0.905837,0.520331,0.993958,0.001482,0.195361,0.001596,0.201769,0.917739,0.797773,0.835742,0.06852,0.068601,0.000438,0.981496,4566,2|3|4,8,11665,0.367805,2.03,26.36,0.06,0.17,0.0,0.6,4.42,NVIDIA A100-SXM4-80GB,a7eeb9c6f4b5df0f,f86d69189bb7,1,temporal,train,all,0.7,0.15,0.15,C,noise_curve_c_s14_BPIC_2020_DomesticDeclarations
BPIC_2020_DomesticDeclarations,lstm,marking,0.3,1,0.902189,0.511028,0.98005,0.001482,0.227948,0.005358,0.256516,0.914643,0.792815,0.832457,0.074453,0.077054,0.008979,0.980478,4566,2|3|4,4,11665,0.367805,2.18,19.61,0.06,0.17,0.0,0.6,4.42,NVIDIA A100-SXM4-80GB,a7eeb9c6f4b5df0f,f86d69189bb7,1,temporal,train,all,0.7,0.15,0.15,C,noise_curve_c_s14_BPIC_2020_DomesticDeclarations
BPIC_2020_DomesticDeclarations,lstm,gnn,0.3,1,0.905951,0.520296,0.997378,0.001482,0.242712,0.001596,0.256838,0.917121,0.787938,0.835742,0.069983,0.070064,0.00219,0.981568,4566,2|3|4,6,11665,0.367805,2.69,29.61,0.06,0.17,0.0,0.6,4.42,NVIDIA A100-SXM4-80GB,a7eeb9c6f4b5df0f,f86d69189bb7,1,temporal,train,all,0.7,0.15,0.15,C,noise_curve_c_s14_BPIC_2020_DomesticDeclarations
BPIC_2020_DomesticDeclarations,lstm,seq,0.3,1,0.902645,0.512045,0.997948,0.001482,0.227353,0.00513,0.253909,0.915568,0.794603,0.832457,0.07169,0.074291,0.008979,0.980957,4566,2|3|4,11,11665,0.367805,4.35,69.66,0.06,0.17,0.0,0.6,4.42,NVIDIA A100-SXM4-80GB,a7eeb9c6f4b5df0f,f86d69189bb7,1,temporal,train,all,0.7,0.15,0.15,C,noise_curve_c_s14_BPIC_2020_DomesticDeclarations
BPIC_2020_DomesticDeclarations,lstm,lll,0.3,1,0.906521,0.478029,0.974236,0.001254,0.060489,0.0,0.001381,0.91598,0.742908,0.835961,0.074128,0.0,0.001533,0.991439,4566,2|3|4,3,11665,0.367805,2.05,16.41,0.06,0.17,0.0,0.6,4.42,NVIDIA A100-SXM4-80GB,a7eeb9c6f4b5df0f,f86d69189bb7,1,temporal,train,all,0.7,0.15,0.15,C,noise_curve_c_s14_BPIC_2020_DomesticDeclarations
BPIC_2020_DomesticDeclarations,lstm,gll,0.3,1,0.905723,0.520281,0.995896,0.001482,0.176312,0.001596,0.167521,0.913993,0.738682,0.835742,0.080956,0.000813,0.000438,0.992867,4566,2|3|4,8,11665,0.367805,4.56,59.3,0.06,0.17,0.0,0.6,4.42,NVIDIA A100-SXM4-80GB,a7eeb9c6f4b5df0f,f86d69189bb7,1,temporal,train,all,0.7,0.15,0.15,C,noise_curve_c_s14_BPIC_2020_DomesticDeclarations
BPIC_2020_DomesticDeclarations,lstm,baseline,0.4,1,0.897401,0.508651,0.97492,0.006156,0.297765,0.010146,0.313436,0.913122,0.78997,0.828515,0.080387,0.083069,0.017083,0.979995,4566,2|3|4,1,15553,0.269424,2.39,14.37,0.06,0.17,0.0,0.6,4.42,NVIDIA A100-SXM4-80GB,a7eeb9c6f4b5df0f,f86d69189bb7,1,temporal,train,all,0.7,0.15,0.15,C,noise_curve_c_s14_BPIC_2020_DomesticDeclarations
BPIC_2020_DomesticDeclarations,lstm,checker,0.4,1,0.900935,0.510414,0.98062,0.002508,0.216398,0.006612,0.254211,0.914283,0.792327,0.831581,0.075673,0.078355,0.010731,0.980366,4566,2|3|4,1,15553,0.269424,2.49,14.96,0.06,0.17,0.0,0.6,4.42,NVIDIA A100-SXM4-80GB,a7eeb9c6f4b5df0f,f86d69189bb7,1,temporal,train,all,0.7,0.15,0.15,C,noise_curve_c_s14_BPIC_2020_DomesticDeclarations
BPIC_2020_DomesticDeclarations,lstm,checker_net,0.4,1,0.900935,0.510408,0.976174,0.002622,0.23551,0.006612,0.23102,0.914283,0.792327,0.831581,0.075673,0.078355,0.010731,0.980366,4566,2|3|4,1,15553,0.269424,2.5,14.98,0.06,0.17,0.0,0.6,4.42,NVIDIA A100-SXM4-80GB,a7eeb9c6f4b5df0f,f86d69189bb7,1,temporal,train,all,0.7,0.15,0.15,C,noise_curve_c_s14_BPIC_2020_DomesticDeclarations
BPIC_2020_DomesticDeclarations,lstm,checker_net_state,0.4,1,0.897401,0.508651,0.97492,0.006156,0.265314,0.010146,0.267455,0.913122,0.78997,0.828515,0.080387,0.083069,0.017083,0.979995,4566,2|3|4,1,15553,0.269424,2.2,13.19,0.06,0.17,0.0,0.6,4.42,NVIDIA A100-SXM4-80GB,a7eeb9c6f4b5df0f,f86d69189bb7,1,temporal,train,all,0.7,0.15,0.15,C,noise_curve_c_s14_BPIC_2020_DomesticDeclarations
BPIC_2020_DomesticDeclarations,lstm,marking,0.4,1,0.902417,0.511652,0.976288,0.001482,0.33128,0.005244,0.345494,0.911928,0.788669,0.832457,0.084126,0.086808,0.009198,0.979115,4566,2|3|4,6,15553,0.269424,2.15,23.7,0.06,0.17,0.0,0.6,4.42,NVIDIA A100-SXM4-80GB,a7eeb9c6f4b5df0f,f86d69189bb7,1,temporal,train,all,0.7,0.15,0.15,C,noise_curve_c_s14_BPIC_2020_DomesticDeclarations
BPIC_2020_DomesticDeclarations,lstm,gnn,0.4,1,0.901847,0.510853,0.97549,0.00171,0.316491,0.0057,0.331385,0.913642,0.790376,0.832457,0.078274,0.080956,0.009198,0.979943,4566,2|3|4,7,15553,0.269424,2.69,32.31,0.06,0.17,0.0,0.6,4.42,NVIDIA A100-SXM4-80GB,a7eeb9c6f4b5df0f,f86d69189bb7,1,temporal,train,all,0.7,0.15,0.15,C,noise_curve_c_s14_BPIC_2020_DomesticDeclarations
BPIC_2020_DomesticDeclarations,lstm,seq,0.4,1,0.902189,0.511016,0.993274,0.001482,0.311995,0.005586,0.323275,0.913121,0.789564,0.832457,0.07933,0.082013,0.009198,0.979775,4566,2|3|4,2,15553,0.269424,4.43,30.98,0.06,0.17,0.0,0.6,4.42,NVIDIA A100-SXM4-80GB,a7eeb9c6f4b5df0f,f86d69189bb7,1,temporal,train,all,0.7,0.15,0.15,C,noise_curve_c_s14_BPIC_2020_DomesticDeclarations
BPIC_2020_DomesticDeclarations,lstm,lll,0.4,1,0.902303,0.469776,0.974236,0.005358,0.079019,0.0,0.006417,0.909468,0.731854,0.832457,0.097131,0.0,0.008322,0.988845,4566,2|3|4,1,15553,0.269424,2.08,12.45,0.06,0.17,0.0,0.6,4.42,NVIDIA A100-SXM4-80GB,a7eeb9c6f4b5df0f,f86d69189bb7,1,temporal,train,all,0.7,0.15,0.15,C,noise_curve_c_s14_BPIC_2020_DomesticDeclarations
BPIC_2020_DomesticDeclarations,lstm,gll,0.4,1,0.905609,0.520125,0.975148,0.00171,0.263292,0.001938,0.228827,0.913847,0.738682,0.835742,0.081769,0.000894,0.002409,0.992637,4566,2|3|4,7,15553,0.269424,4.58,55.02,0.06,0.17,0.0,0.6,4.42,NVIDIA A100-SXM4-80GB,a7eeb9c6f4b5df0f,f86d69189bb7,1,temporal,train,all,0.7,0.15,0.15,C,noise_curve_c_s14_BPIC_2020_DomesticDeclarations
BPIC_2020_DomesticDeclarations,lstm,baseline,0.5,1,0.901505,0.51069,0.99088,0.00228,0.420103,0.00627,0.415916,0.910483,0.78745,0.831581,0.092335,0.095017,0.010731,0.977132,4566,2|3|4,8,19441,0.214995,1.91,24.81,0.06,0.17,0.0,0.6,4.42,NVIDIA A100-SXM4-80GB,a7eeb9c6f4b5df0f,f86d69189bb7,1,temporal,train,all,0.7,0.15,0.15,C,noise_curve_c_s14_BPIC_2020_DomesticDeclarations
BPIC_2020_DomesticDeclarations,lstm,checker,0.5,1,0.902303,0.511155,0.995098,0.001482,0.318685,0.005472,0.343351,0.912298,0.790214,0.832457,0.085589,0.088271,0.007446,0.978985,4566,2|3|4,8,19441,0.214995,1.87,24.31,0.06,0.17,0.0,0.6,4.42,NVIDIA A100-SXM4-80GB,a7eeb9c6f4b5df0f,f86d69189bb7,1,temporal,train,all,0.7,0.15,0.15,C,noise_curve_c_s14_BPIC_2020_DomesticDeclarations
BPIC_2020_DomesticDeclarations,lstm,checker_net,0.5,1,0.902645,0.511764,0.990538,0.001368,0.347523,0.00513,0.312538,0.912423,0.790214,0.832457,0.085345,0.088027,0.009198,0.978989,4566,2|3|4,8,19441,0.214995,1.87,24.35,0.06,0.17,0.0,0.6,4.42,NVIDIA A100-SXM4-80GB,a7eeb9c6f4b5df0f,f86d69189bb7,1,temporal,train,all,0.7,0.15,0.15,C,noise_curve_c_s14_BPIC_2020_DomesticDeclarations
BPIC_2020_DomesticDeclarations,lstm,checker_net_state,0.5,1,0.898997,0.515765,0.973324,0.005016,0.340677,0.008778,0.309796,0.907868,0.778265,0.828953,0.087946,0.079249,0.013798,0.980249,4566,2|3|4,16,19441,0.214995,1.92,40.32,0.06,0.17,0.0,0.6,4.42,NVIDIA A100-SXM4-80GB,a7eeb9c6f4b5df0f,f86d69189bb7,1,temporal,train,all,0.7,0.15,0.15,C,noise_curve_c_s14_BPIC_2020_DomesticDeclarations
BPIC_2020_DomesticDeclarations,lstm,marking,0.5,1,0.902303,0.517084,0.992134,0.001824,0.398323,0.005472,0.402015,0.912232,0.790458,0.832238,0.08315,0.085751,0.007227,0.979135,4566,2|3|4,18,19441,0.214995,2.13,49.01,0.06,0.17,0.0,0.6,4.42,NVIDIA A100-SXM4-80GB,a7eeb9c6f4b5df0f,f86d69189bb7,1,temporal,train,all,0.7,0.15,0.15,C,noise_curve_c_s14_BPIC_2020_DomesticDeclarations
BPIC_2020_DomesticDeclarations,lstm,gnn,0.5,1,0.901277,0.510575,0.972526,0.002394,0.393086,0.006384,0.393655,0.912635,0.78932,0.831581,0.082175,0.084857,0.010731,0.979388,4566,2|3|4,5,19441,0.214995,2.69,26.93,0.06,0.17,0.0,0.6,4.42,NVIDIA A100-SXM4-80GB,a7eeb9c6f4b5df0f,f86d69189bb7,1,temporal,train,all,0.7,0.15,0.15,C,noise_curve_c_s14_BPIC_2020_DomesticDeclarations
BPIC_2020_DomesticDeclarations,lstm,seq,0.5,1,0.901847,0.51086,0.990538,0.00171,0.397784,0.0057,0.401697,0.914621,0.792977,0.832457,0.074453,0.077136,0.009198,0.980474,4566,2|3|4,4,19441,0.214995,4.39,39.52,0.06,0.17,0.0,0.6,4.42,NVIDIA A100-SXM4-80GB,a7eeb9c6f4b5df0f,f86d69189bb7,1,temporal,train,all,0.7,0.15,0.15,C,noise_curve_c_s14_BPIC_2020_DomesticDeclarations
BPIC_2020_DomesticDeclarations,lstm,lll,0.5,1,0.902303,0.469776,0.975262,0.005358,0.129252,0.0,0.008511,0.909489,0.732098,0.832457,0.094611,0.0,0.008322,0.989194,4566,2|3|4,1,19441,0.214995,2.07,12.4,0.06,0.17,0.0,0.6,4.42,NVIDIA A100-SXM4-80GB,a7eeb9c6f4b5df0f,f86d69189bb7,1,temporal,train,all,0.7,0.15,0.15,C,noise_curve_c_s14_BPIC_2020_DomesticDeclarations
BPIC_2020_DomesticDeclarations,lstm,gll,0.5,1,0.906179,0.520411,0.972184,0.001254,0.321757,0.001368,0.26051,0.913993,0.738682,0.835742,0.081525,0.000813,0.00219,0.992669,4566,2|3|4,9,19441,0.214995,4.56,63.82,0.06,0.17,0.0,0.6,4.42,NVIDIA A100-SXM4-80GB,a7eeb9c6f4b5df0f,f86d69189bb7,1,temporal,train,all,0.7,0.15,0.15,C,noise_curve_c_s14_BPIC_2020_DomesticDeclarations
BPIC_2020_DomesticDeclarations,lstm,baseline,0.6,1,0.879845,0.391106,0.990538,0.024168,0.490169,0.028158,0.487921,0.881979,0.738682,0.805738,0.116963,0.111274,0.017083,0.977343,4566,2|3|4,13,23329,0.169139,2.16,38.84,0.06,0.17,0.0,0.6,4.42,NVIDIA A100-SXM4-80GB,a7eeb9c6f4b5df0f,f86d69189bb7,1,temporal,train,all,0.7,0.15,0.15,C,noise_curve_c_s14_BPIC_2020_DomesticDeclarations
BPIC_2020_DomesticDeclarations,lstm,checker,0.6,1,0.902531,0.473397,0.99373,0.001482,0.359678,0.0057,0.389611,0.911557,0.785012,0.832676,0.07486,0.077461,0.007446,0.980765,4566,2|3|4,17,23329,0.169139,2.01,44.2,0.06,0.17,0.0,0.6,4.42,NVIDIA A100-SXM4-80GB,a7eeb9c6f4b5df0f,f86d69189bb7,1,temporal,train,all,0.7,0.15,0.15,C,noise_curve_c_s14_BPIC_2020_DomesticDeclarations
BPIC_2020_DomesticDeclarations,lstm,checker_net,0.6,1,0.901961,0.51091,0.972298,0.001596,0.435186,0.005586,0.392205,0.913215,0.790295,0.832457,0.079493,0.082094,0.008979,0.979766,4566,2|3|4,6,23329,0.169139,2.21,24.3,0.06,0.17,0.0,0.6,4.42,NVIDIA A100-SXM4-80GB,a7eeb9c6f4b5df0f,f86d69189bb7,1,temporal,train,all,0.7,0.15,0.15,C,noise_curve_c_s14_BPIC_2020_DomesticDeclarations
BPIC_2020_DomesticDeclarations,lstm,checker_net_state,0.6,1,0.884747,0.403631,0.967966,0.01881,0.424906,0.022572,0.386506,0.889824,0.752499,0.809899,0.107372,0.107941,0.007446,0.976708,4566,2|3|4,17,23329,0.169139,1.92,42.28,0.06,0.17,0.0,0.6,4.42,NVIDIA A100-SXM4-80GB,a7eeb9c6f4b5df0f,f86d69189bb7,1,temporal,train,all,0.7,0.15,0.15,C,noise_curve_c_s14_BPIC_2020_DomesticDeclarations
BPIC_2020_DomesticDeclarations,lstm,marking,0.6,1,0.897401,0.508388,0.972868,0.00627,0.494622,0.01026,0.485307,0.911762,0.7868,0.828515,0.085101,0.087783,0.017083,0.979295,4566,2|3|4,6,23329,0.169139,2.06,22.67,0.06,0.17,0.0,0.6,4.42,NVIDIA A100-SXM4-80GB,a7eeb9c6f4b5df0f,f86d69189bb7,1,temporal,train,all,0.7,0.15,0.15,C,noise_curve_c_s14_BPIC_2020_DomesticDeclarations
BPIC_2020_DomesticDeclarations,lstm,gnn,0.6,1,0.879959,0.426698,0.955084,0.02394,0.491441,0.028044,0.481096,0.888129,0.749004,0.805738,0.112249,0.114931,0.017083,0.975967,4566,2|3|4,1,23329,0.169139,2.68,16.1,0.06,0.17,0.0,0.6,4.42,NVIDIA A100-SXM4-80GB,a7eeb9c6f4b5df0f,f86d69189bb7,1,temporal,train,all,0.7,0.15,0.15,C,noise_curve_c_s14_BPIC_2020_DomesticDeclarations
BPIC_2020_DomesticDeclarations,lstm,seq,0.6,1,0.879845,0.426652,0.988486,0.02394,0.487868,0.028044,0.478292,0.888919,0.749329,0.805738,0.108998,0.11168,0.017083,0.976522,4566,2|3|4,2,23329,0.169139,4.11,28.8,0.06,0.17,0.0,0.6,4.42,NVIDIA A100-SXM4-80GB,a7eeb9c6f4b5df0f,f86d69189bb7,1,temporal,train,all,0.7,0.15,0.15,C,noise_curve_c_s14_BPIC_2020_DomesticDeclarations
BPIC_2020_DomesticDeclarations,lstm,lll,0.6,1,0.906521,0.478028,0.972412,0.001026,0.160967,0.0,0.005574,0.915907,0.742908,0.835961,0.074128,0.0,0.001533,0.991425,4566,2|3|4,2,23329,0.169139,2.07,14.49,0.06,0.17,0.0,0.6,4.42,NVIDIA A100-SXM4-80GB,a7eeb9c6f4b5df0f,f86d69189bb7,1,temporal,train,all,0.7,0.15,0.15,C,noise_curve_c_s14_BPIC_2020_DomesticDeclarations
BPIC_2020_DomesticDeclarations,lstm,gll,0.6,1,0.902303,0.469118,0.972184,0.001482,0.387517,0.004902,0.300184,0.908059,0.728115,0.832457,0.090953,0.003333,0.007227,0.991928,4566,2|3|4,17,23329,0.169139,4.58,100.85,0.06,0.17,0.0,0.6,4.42,NVIDIA A100-SXM4-80GB,a7eeb9c6f4b5df0f,f86d69189bb7,1,temporal,train,all,0.7,0.15,0.15,C,noise_curve_c_s14_BPIC_2020_DomesticDeclarations
BPIC_2020_DomesticDeclarations,lstm,baseline,0.7,1,0.879845,0.426649,0.950638,0.02394,0.570835,0.028044,0.557718,0.88979,0.752012,0.805738,0.106397,0.109079,0.017083,0.976803,4566,2|3|4,2,27217,0.146959,2.39,16.74,0.06,0.17,0.0,0.6,4.42,NVIDIA A100-SXM4-80GB,a7eeb9c6f4b5df0f,f86d69189bb7,1,temporal,train,all,0.7,0.15,0.15,C,noise_curve_c_s14_BPIC_2020_DomesticDeclarations
BPIC_2020_DomesticDeclarations,lstm,checker,0.7,1,0.901961,0.510905,0.993388,0.001596,0.454496,0.0057,0.483489,0.914585,0.792896,0.832457,0.074372,0.077054,0.008979,0.980489,4566,2|3|4,2,27217,0.146959,2.47,17.27,0.06,0.17,0.0,0.6,4.42,NVIDIA A100-SXM4-80GB,a7eeb9c6f4b5df0f,f86d69189bb7,1,temporal,train,all,0.7,0.15,0.15,C,noise_curve_c_s14_BPIC_2020_DomesticDeclarations
BPIC_2020_DomesticDeclarations,lstm,checker_net,0.7,1,0.901277,0.510561,0.970474,0.002394,0.498925,0.006498,0.447858,0.914283,0.792327,0.831581,0.075673,0.078355,0.010731,0.980366,4566,2|3|4,2,27217,0.146959,2.3,16.1,0.06,0.17,0.0,0.6,4.42,NVIDIA A100-SXM4-80GB,a7eeb9c6f4b5df0f,f86d69189bb7,1,temporal,train,all,0.7,0.15,0.15,C,noise_curve_c_s14_BPIC_2020_DomesticDeclarations
BPIC_2020_DomesticDeclarations,lstm,checker_net_state,0.7,1,0.879845,0.426649,0.953488,0.02394,0.542142,0.028044,0.508555,0.888418,0.749167,0.805738,0.109323,0.112005,0.017083,0.976292,4566,2|3|4,2,27217,0.146959,1.99,13.91,0.06,0.17,0.0,0.6,4.42,NVIDIA A100-SXM4-80GB,a7eeb9c6f4b5df0f,f86d69189bb7,1,temporal,train,all,0.7,0.15,0.15,C,noise_curve_c_s14_BPIC_2020_DomesticDeclarations
BPIC_2020_DomesticDeclarations,lstm,marking,0.7,1,0.876995,0.373318,0.971386,0.022686,0.566165,0.026904,0.558782,0.886844,0.700073,0.793035,0.088596,0.091279,0.017083,0.978331,4566,2|3|4,12,27217,0.146959,2.06,34.99,0.06,0.17,0.0,0.6,4.42,NVIDIA A100-SXM4-80GB,a7eeb9c6f4b5df0f,f86d69189bb7,1,temporal,train,all,0.7,0.15,0.15,C,noise_curve_c_s14_BPIC_2020_DomesticDeclarations
BPIC_2020_DomesticDeclarations,lstm,gnn,0.7,1,0.897059,0.513888,0.986092,0.006954,0.57056,0.010944,0.562336,0.911868,0.787125,0.828515,0.082744,0.085426,0.017083,0.979627,4566,2|3|4,8,27217,0.146959,2.65,34.39,0.06,0.17,0.0,0.6,4.42,NVIDIA A100-SXM4-80GB,a7eeb9c6f4b5df0f,f86d69189bb7,1,temporal,train,all,0.7,0.15,0.15,C,noise_curve_c_s14_BPIC_2020_DomesticDeclarations
BPIC_2020_DomesticDeclarations,lstm,seq,0.7,1,0.901163,0.510496,0.972184,0.002622,0.57692,0.006726,0.564588,0.914006,0.788344,0.831581,0.075266,0.077948,0.010731,0.98037,4566,2|3|4,6,27217,0.146959,4.21,46.33,0.06,0.17,0.0,0.6,4.42,NVIDIA A100-SXM4-80GB,a7eeb9c6f4b5df0f,f86d69189bb7,1,temporal,train,all,0.7,0.15,0.15,C,noise_curve_c_s14_BPIC_2020_DomesticDeclarations
BPIC_2020_DomesticDeclarations,lstm,lll,0.7,1,0.861833,0.391344,0.974236,0.04047,0.236551,0.0,0.017968,0.866585,0.667154,0.792378,0.162399,0.0,0.061761,0.977997,4566,2|3|4,1,27217,0.146959,2.06,12.37,0.06,0.17,0.0,0.6,4.42,NVIDIA A100-SXM4-80GB,a7eeb9c6f4b5df0f,f86d69189bb7,1,temporal,train,all,0.7,0.15,0.15,C,noise_curve_c_s14_BPIC_2020_DomesticDeclarations
BPIC_2020_DomesticDeclarations,lstm,gll,0.7,1,0.902303,0.469518,0.972184,0.005472,0.484179,0.00114,0.389157,0.908059,0.728115,0.832457,0.094286,0.000732,0.00876,0.991758,4566,2|3|4,5,27217,0.146959,4.57,45.68,0.06,0.17,0.0,0.6,4.42,NVIDIA A100-SXM4-80GB,a7eeb9c6f4b5df0f,f86d69189bb7,1,temporal,train,all,0.7,0.15,0.15,C,noise_curve_c_s14_BPIC_2020_DomesticDeclarations
BPIC_2020_DomesticDeclarations,lstm,baseline,0.8,1,0.879047,0.426351,0.967852,0.024852,0.665394,0.028956,0.640953,0.890676,0.707795,0.805738,0.098269,0.100951,0.017083,0.978108,4566,2|3|4,10,31106,0.12995,2.32,34.77,0.06,0.17,0.0,0.6,4.42,NVIDIA A100-SXM4-80GB,a7eeb9c6f4b5df0f,f86d69189bb7,1,temporal,train,all,0.7,0.15,0.15,C,noise_curve_c_s14_BPIC_2020_DomesticDeclarations
BPIC_2020_DomesticDeclarations,lstm,checker,0.8,1,0.897743,0.508545,0.989626,0.005814,0.548671,0.010032,0.57957,0.914611,0.743802,0.828515,0.065756,0.06852,0.017083,0.982317,4566,2|3|4,7,31106,0.12995,2.06,24.73,0.06,0.17,0.0,0.6,4.42,NVIDIA A100-SXM4-80GB,a7eeb9c6f4b5df0f,f86d69189bb7,1,temporal,train,all,0.7,0.15,0.15,C,noise_curve_c_s14_BPIC_2020_DomesticDeclarations
BPIC_2020_DomesticDeclarations,lstm,checker_net,0.8,1,0.897857,0.509056,0.970246,0.006156,0.611423,0.009918,0.540531,0.910312,0.733805,0.828515,0.081362,0.01203,0.017083,0.989951,4566,2|3|4,7,31106,0.12995,1.96,23.52,0.06,0.17,0.0,0.6,4.42,NVIDIA A100-SXM4-80GB,a7eeb9c6f4b5df0f,f86d69189bb7,1,temporal,train,all,0.7,0.15,0.15,C,noise_curve_c_s14_BPIC_2020_DomesticDeclarations
BPIC_2020_DomesticDeclarations,lstm,checker_net_state,0.8,1,0.878363,0.431494,0.950068,0.02565,0.641059,0.029754,0.583375,0.884992,0.737056,0.805738,0.09705,0.099813,0.015331,0.979129,4566,2|3|4,10,31106,0.12995,1.98,29.68,0.06,0.17,0.0,0.6,4.42,NVIDIA A100-SXM4-80GB,a7eeb9c6f4b5df0f,f86d69189bb7,1,temporal,train,all,0.7,0.15,0.15,C,noise_curve_c_s14_BPIC_2020_DomesticDeclarations
BPIC_2020_DomesticDeclarations,lstm,marking,0.8,1,0.867191,0.420376,0.967624,0.036594,0.654434,0.040698,0.63376,0.880263,0.732748,0.792378,0.134764,0.137365,0.040079,0.973294,4566,2|3|4,7,31106,0.12995,2.14,25.67,0.06,0.17,0.0,0.6,4.42,NVIDIA A100-SXM4-80GB,a7eeb9c6f4b5df0f,f86d69189bb7,1,temporal,train,all,0.7,0.15,0.15,C,noise_curve_c_s14_BPIC_2020_DomesticDeclarations
BPIC_2020_DomesticDeclarations,lstm,gnn,0.8,1,0.880301,0.42687,0.969904,0.023826,0.660848,0.027588,0.638184,0.889817,0.707388,0.806614,0.109892,0.112412,0.01555,0.975932,4566,2|3|4,9,31106,0.12995,2.69,37.59,0.06,0.17,0.0,0.6,4.42,NVIDIA A100-SXM4-80GB,a7eeb9c6f4b5df0f,f86d69189bb7,1,temporal,train,all,0.7,0.15,0.15,C,noise_curve_c_s14_BPIC_2020_DomesticDeclarations
BPIC_2020_DomesticDeclarations,lstm,seq,0.8,1,0.875513,0.424411,0.967396,0.0285,0.662765,0.032604,0.641723,0.888298,0.74429,0.805738,0.108591,0.111274,0.017083,0.97636,4566,2|3|4,6,31106,0.12995,4.38,48.2,0.06,0.17,0.0,0.6,4.42,NVIDIA A100-SXM4-80GB,a7eeb9c6f4b5df0f,f86d69189bb7,1,temporal,train,all,0.7,0.15,0.15,C,noise_curve_c_s14_BPIC_2020_DomesticDeclarations
BPIC_2020_DomesticDeclarations,lstm,lll,0.8,1,0.889991,0.514242,0.906521,0.001026,0.319901,0.0,0.002083,0.886978,0.659758,0.788874,0.102414,0.0,0.0,0.989348,4566,2|3|4,6,31106,0.12995,2.05,22.59,0.06,0.17,0.0,0.6,4.42,NVIDIA A100-SXM4-80GB,a7eeb9c6f4b5df0f,f86d69189bb7,1,temporal,train,all,0.7,0.15,0.15,C,noise_curve_c_s14_BPIC_2020_DomesticDeclarations
BPIC_2020_DomesticDeclarations,lstm,gll,0.8,1,0.856247,0.391642,0.971842,0.051414,0.554513,0.000114,0.437202,0.84485,0.634236,0.779019,0.231732,8.1e-05,0.055191,0.978607,4566,2|3|4,9,31106,0.12995,4.58,64.14,0.06,0.17,0.0,0.6,4.42,NVIDIA A100-SXM4-80GB,a7eeb9c6f4b5df0f,f86d69189bb7,1,temporal,train,all,0.7,0.15,0.15,C,noise_curve_c_s14_BPIC_2020_DomesticDeclarations
BPIC_2020_DomesticDeclarations,lstm,baseline,0.0,2,0.907661,0.480213,0.981874,0.0,0.000353,0.00114,0.040927,0.920597,0.748679,0.837057,0.058929,0.059579,0.0,0.984229,4566,2|3|4,20,0,0.999456,1.86,46.59,0.06,0.17,0.0,0.6,4.42,NVIDIA A100-SXM4-80GB,a7eeb9c6f4b5df0f,f86d69189bb7,1,temporal,train,all,0.7,0.15,0.15,C,noise_curve_c_s14_BPIC_2020_DomesticDeclarations
BPIC_2020_DomesticDeclarations,lstm,checker,0.0,2,0.907547,0.523588,0.98176,0.0,0.000124,0.001026,0.037833,0.917913,0.794928,0.837057,0.064944,0.065594,0.0,0.982402,4566,2|3|4,20,0,0.999456,1.88,46.9,0.06,0.17,0.0,0.6,4.42,NVIDIA A100-SXM4-80GB,a7eeb9c6f4b5df0f,f86d69189bb7,1,temporal,train,all,0.7,0.15,0.15,C,noise_curve_c_s14_BPIC_2020_DomesticDeclarations
BPIC_2020_DomesticDeclarations,lstm,checker_net,0.0,2,0.907661,0.523842,0.981874,0.0,0.000166,0.00114,0.025909,0.917913,0.794928,0.837057,0.064944,0.065594,0.0,0.982402,4566,2|3|4,20,0,0.999456,1.96,48.89,0.06,0.17,0.0,0.6,4.42,NVIDIA A100-SXM4-80GB,a7eeb9c6f4b5df0f,f86d69189bb7,1,temporal,train,all,0.7,0.15,0.15,C,noise_curve_c_s14_BPIC_2020_DomesticDeclarations
BPIC_2020_DomesticDeclarations,lstm,checker_net_state,0.0,2,0.907661,0.523842,0.981874,0.0,0.000169,0.00114,0.024849,0.918373,0.80013,0.837057,0.064537,0.065675,0.0,0.982309,4566,2|3|4,13,0,0.999456,1.98,35.62,0.06,0.17,0.0,0.6,4.42,NVIDIA A100-SXM4-80GB,a7eeb9c6f4b5df0f,f86d69189bb7,1,temporal,train,all,0.7,0.15,0.15,C,noise_curve_c_s14_BPIC_2020_DomesticDeclarations
BPIC_2020_DomesticDeclarations,lstm,marking,0.0,2,0.907547,0.523588,0.998974,0.0,0.000861,0.001026,0.035417,0.916589,0.798342,0.837057,0.075998,0.076648,0.0,0.980441,4566,2|3|4,4,0,0.999456,2.13,19.21,0.06,0.17,0.0,0.6,4.42,NVIDIA A100-SXM4-80GB,a7eeb9c6f4b5df0f,f86d69189bb7,1,temporal,train,all,0.7,0.15,0.15,C,noise_curve_c_s14_BPIC_2020_DomesticDeclarations
BPIC_2020_DomesticDeclarations,lstm,gnn,0.0,2,0.907547,0.523588,0.998974,0.0,0.001008,0.001026,0.04406,0.917781,0.800699,0.837057,0.072909,0.076729,0.0,0.980308,4566,2|3|4,4,0,0.999456,2.69,24.18,0.06,0.17,0.0,0.6,4.42,NVIDIA A100-SXM4-80GB,a7eeb9c6f4b5df0f,f86d69189bb7,1,temporal,train,all,0.7,0.15,0.15,C,noise_curve_c_s14_BPIC_2020_DomesticDeclarations
BPIC_2020_DomesticDeclarations,lstm,seq,0.0,2,0.907547,0.523588,0.981874,0.0,0.001486,0.001026,0.042285,0.916734,0.795009,0.837057,0.068439,0.069089,0.0,0.981858,4566,2|3|4,2,0,0.999456,4.4,30.77,0.06,0.17,0.0,0.6,4.42,NVIDIA A100-SXM4-80GB,a7eeb9c6f4b5df0f,f86d69189bb7,1,temporal,train,all,0.7,0.15,0.15,C,noise_curve_c_s14_BPIC_2020_DomesticDeclarations
BPIC_2020_DomesticDeclarations,lstm,lll,0.0,2,0.906179,0.477536,0.975832,0.001254,0.006188,0.0,0.001987,0.914999,0.792327,0.835961,0.078274,0.063806,0.0,0.981645,4566,2|3|4,1,0,0.999456,2.06,12.38,0.06,0.17,0.0,0.6,4.42,NVIDIA A100-SXM4-80GB,a7eeb9c6f4b5df0f,f86d69189bb7,1,temporal,train,all,0.7,0.15,0.15,C,noise_curve_c_s14_BPIC_2020_DomesticDeclarations
BPIC_2020_DomesticDeclarations,lstm,gll,0.0,2,0.906863,0.478729,0.981532,0.000912,0.000759,0.000342,0.020707,0.914442,0.739494,0.83618,0.081606,8.1e-05,0.0,0.992667,4566,2|3|4,20,0,0.999456,4.58,114.39,0.06,0.17,0.0,0.6,4.42,NVIDIA A100-SXM4-80GB,a7eeb9c6f4b5df0f,f86d69189bb7,1,temporal,train,all,0.7,0.15,0.15,C,noise_curve_c_s14_BPIC_2020_DomesticDeclarations
BPIC_2020_DomesticDeclarations,lstm,baseline,0.1,2,0.907319,0.523061,0.980962,0.000114,0.06655,0.001596,0.095073,0.916729,0.799724,0.836837,0.07868,0.079493,0.000657,0.979978,4566,2|3|4,5,3888,0.707035,1.89,18.87,0.06,0.17,0.0,0.6,4.42,NVIDIA A100-SXM4-80GB,a7eeb9c6f4b5df0f,f86d69189bb7,1,temporal,train,all,0.7,0.15,0.15,C,noise_curve_c_s14_BPIC_2020_DomesticDeclarations
BPIC_2020_DomesticDeclarations,lstm,checker,0.1,2,0.907433,0.523321,0.981418,0.0,0.044383,0.001596,0.077258,0.916875,0.80013,0.837057,0.078436,0.07933,0.000438,0.980006,4566,2|3|4,5,3888,0.707035,1.96,19.63,0.06,0.17,0.0,0.6,4.42,NVIDIA A100-SXM4-80GB,a7eeb9c6f4b5df0f,f86d69189bb7,1,temporal,train,all,0.7,0.15,0.15,C,noise_curve_c_s14_BPIC_2020_DomesticDeclarations
BPIC_2020_DomesticDeclarations,lstm,checker_net,0.1,2,0.907547,0.523584,0.981076,0.000114,0.049248,0.001254,0.06485,0.916802,0.799724,0.836837,0.078517,0.079249,0.000438,0.980005,4566,2|3|4,5,3888,0.707035,1.96,19.64,0.06,0.17,0.0,0.6,4.42,NVIDIA A100-SXM4-80GB,a7eeb9c6f4b5df0f,f86d69189bb7,1,temporal,train,all,0.7,0.15,0.15,C,noise_curve_c_s14_BPIC_2020_DomesticDeclarations
BPIC_2020_DomesticDeclarations,lstm,checker_net_state,0.1,2,0.907319,0.523061,0.980962,0.000114,0.052671,0.001596,0.069802,0.916729,0.799724,0.836837,0.078599,0.079412,0.000657,0.979989,4566,2|3|4,5,3888,0.707035,1.98,19.76,0.06,0.17,0.0,0.6,4.42,NVIDIA A100-SXM4-80GB,a7eeb9c6f4b5df0f,f86d69189bb7,1,temporal,train,all,0.7,0.15,0.15,C,noise_curve_c_s14_BPIC_2020_DomesticDeclarations
BPIC_2020_DomesticDeclarations,lstm,marking,0.1,2,0.907547,0.523588,0.998062,0.000228,0.077245,0.001026,0.118801,0.917683,0.799724,0.837057,0.071771,0.07234,0.0,0.98093,4566,2|3|4,3,3888,0.707035,2.14,17.09,0.06,0.17,0.0,0.6,4.42,NVIDIA A100-SXM4-80GB,a7eeb9c6f4b5df0f,f86d69189bb7,1,temporal,train,all,0.7,0.15,0.15,C,noise_curve_c_s14_BPIC_2020_DomesticDeclarations
BPIC_2020_DomesticDeclarations,lstm,gnn,0.1,2,0.906521,0.521299,0.979822,0.001026,0.089916,0.001026,0.11604,0.916526,0.797448,0.835961,0.073478,0.073478,0.0,0.980837,4566,2|3|4,1,3888,0.707035,2.71,16.25,0.06,0.17,0.0,0.6,4.42,NVIDIA A100-SXM4-80GB,a7eeb9c6f4b5df0f,f86d69189bb7,1,temporal,train,all,0.7,0.15,0.15,C,noise_curve_c_s14_BPIC_2020_DomesticDeclarations
BPIC_2020_DomesticDeclarations,lstm,seq,0.1,2,0.907547,0.523588,0.981076,0.000114,0.062573,0.001026,0.091657,0.91775,0.798098,0.837057,0.069414,0.069983,0.0,0.981266,4566,2|3|4,3,3888,0.707035,4.38,35.03,0.06,0.17,0.0,0.6,4.42,NVIDIA A100-SXM4-80GB,a7eeb9c6f4b5df0f,f86d69189bb7,1,temporal,train,all,0.7,0.15,0.15,C,noise_curve_c_s14_BPIC_2020_DomesticDeclarations
BPIC_2020_DomesticDeclarations,lstm,lll,0.1,2,0.906521,0.478039,0.975262,0.001026,0.020347,0.0,0.002162,0.915121,0.741608,0.835961,0.08185,0.0,0.001533,0.990785,4566,2|3|4,1,3888,0.707035,2.06,12.35,0.06,0.17,0.0,0.6,4.42,NVIDIA A100-SXM4-80GB,a7eeb9c6f4b5df0f,f86d69189bb7,1,temporal,train,all,0.7,0.15,0.15,C,noise_curve_c_s14_BPIC_2020_DomesticDeclarations
BPIC_2020_DomesticDeclarations,lstm,gll,0.1,2,0.907547,0.47998,0.979366,0.000114,0.046165,0.001026,0.05341,0.915808,0.741689,0.837057,0.078274,0.00065,0.0,0.992835,4566,2|3|4,5,3888,0.707035,4.59,45.86,0.06,0.17,0.0,0.6,4.42,NVIDIA A100-SXM4-80GB,a7eeb9c6f4b5df0f,f86d69189bb7,1,temporal,train,all,0.7,0.15,0.15,C,noise_curve_c_s14_BPIC_2020_DomesticDeclarations
BPIC_2020_DomesticDeclarations,lstm,baseline,0.2,2,0.906293,0.520674,0.98062,0.00114,0.146754,0.001368,0.175189,0.917911,0.80013,0.835742,0.069495,0.069577,0.00219,0.981368,4566,2|3|4,3,7776,0.51041,1.9,15.16,0.06,0.17,0.0,0.6,4.42,NVIDIA A100-SXM4-80GB,a7eeb9c6f4b5df0f,f86d69189bb7,1,temporal,train,all,0.7,0.15,0.15,C,noise_curve_c_s14_BPIC_2020_DomesticDeclarations
BPIC_2020_DomesticDeclarations,lstm,checker,0.2,2,0.907205,0.522807,0.98062,0.000228,0.102368,0.001368,0.140936,0.917384,0.799724,0.836837,0.07169,0.072421,0.000438,0.98093,4566,2|3|4,3,7776,0.51041,1.96,15.71,0.06,0.17,0.0,0.6,4.42,NVIDIA A100-SXM4-80GB,a7eeb9c6f4b5df0f,f86d69189bb7,1,temporal,train,all,0.7,0.15,0.15,C,noise_curve_c_s14_BPIC_2020_DomesticDeclarations
BPIC_2020_DomesticDeclarations,lstm,checker_net,0.2,2,0.906293,0.520674,0.980164,0.00114,0.111833,0.001368,0.125082,0.917739,0.744615,0.835742,0.06535,0.065431,0.00219,0.982268,4566,2|3|4,3,7776,0.51041,1.97,15.73,0.06,0.17,0.0,0.6,4.42,NVIDIA A100-SXM4-80GB,a7eeb9c6f4b5df0f,f86d69189bb7,1,temporal,train,all,0.7,0.15,0.15,C,noise_curve_c_s14_BPIC_2020_DomesticDeclarations
BPIC_2020_DomesticDeclarations,lstm,checker_net_state,0.2,2,0.906293,0.520674,0.98062,0.00114,0.120238,0.001368,0.136147,0.917911,0.80013,0.835742,0.069495,0.069577,0.00219,0.981368,4566,2|3|4,3,7776,0.51041,1.99,15.92,0.06,0.17,0.0,0.6,4.42,NVIDIA A100-SXM4-80GB,a7eeb9c6f4b5df0f,f86d69189bb7,1,temporal,train,all,0.7,0.15,0.15,C,noise_curve_c_s14_BPIC_2020_DomesticDeclarations
BPIC_2020_DomesticDeclarations,lstm,marking,0.2,2,0.907205,0.522807,0.980392,0.000228,0.157355,0.001368,0.185951,0.917503,0.80013,0.836837,0.073966,0.074697,0.000438,0.980669,4566,2|3|4,4,7776,0.51041,2.14,19.3,0.06,0.17,0.0,0.6,4.42,NVIDIA A100-SXM4-80GB,a7eeb9c6f4b5df0f,f86d69189bb7,1,temporal,train,all,0.7,0.15,0.15,C,noise_curve_c_s14_BPIC_2020_DomesticDeclarations
BPIC_2020_DomesticDeclarations,lstm,gnn,0.2,2,0.906179,0.520402,0.997606,0.001254,0.154778,0.001368,0.173924,0.916542,0.797773,0.835742,0.075835,0.075916,0.00219,0.980536,4566,2|3|4,8,7776,0.51041,2.69,34.95,0.06,0.17,0.0,0.6,4.42,NVIDIA A100-SXM4-80GB,a7eeb9c6f4b5df0f,f86d69189bb7,1,temporal,train,all,0.7,0.15,0.15,C,noise_curve_c_s14_BPIC_2020_DomesticDeclarations
BPIC_2020_DomesticDeclarations,lstm,seq,0.2,2,0.905495,0.520226,0.981076,0.001254,0.142806,0.001368,0.183136,0.916664,0.798423,0.835742,0.074941,0.075022,0.00219,0.980621,4566,2|3|4,2,7776,0.51041,4.42,30.96,0.06,0.17,0.0,0.6,4.42,NVIDIA A100-SXM4-80GB,a7eeb9c6f4b5df0f,f86d69189bb7,1,temporal,train,all,0.7,0.15,0.15,C,noise_curve_c_s14_BPIC_2020_DomesticDeclarations
BPIC_2020_DomesticDeclarations,lstm,lll,0.2,2,0.906293,0.477979,0.975262,0.001254,0.030161,0.0,0.001298,0.915907,0.742908,0.835961,0.074128,0.0,0.001533,0.991425,4566,2|3|4,2,7776,0.51041,2.07,14.48,0.06,0.17,0.0,0.6,4.42,NVIDIA A100-SXM4-80GB,a7eeb9c6f4b5df0f,f86d69189bb7,1,temporal,train,all,0.7,0.15,0.15,C,noise_curve_c_s14_BPIC_2020_DomesticDeclarations
BPIC_2020_DomesticDeclarations,lstm,gll,0.2,2,0.906179,0.520407,0.975262,0.00114,0.094968,0.001368,0.09667,0.913993,0.738682,0.835742,0.081525,0.000813,0.00219,0.992669,4566,2|3|4,3,7776,0.51041,4.61,36.84,0.06,0.17,0.0,0.6,4.42,NVIDIA A100-SXM4-80GB,a7eeb9c6f4b5df0f,f86d69189bb7,1,temporal,train,all,0.7,0.15,0.15,C,noise_curve_c_s14_BPIC_2020_DomesticDeclarations
BPIC_2020_DomesticDeclarations,lstm,baseline,0.3,2,0.906179,0.520398,0.997492,0.001254,0.237169,0.001482,0.257696,0.916742,0.798261,0.835742,0.072665,0.072828,0.002409,0.980909,4566,2|3|4,2,11665,0.36522,2.23,15.63,0.06,0.17,0.0,0.6,4.42,NVIDIA A100-SXM4-80GB,a7eeb9c6f4b5df0f,f86d69189bb7,1,temporal,train,all,0.7,0.15,0.15,C,noise_curve_c_s14_BPIC_2020_DomesticDeclarations
BPIC_2020_DomesticDeclarations,lstm,checker,0.3,2,0.906293,0.52067,0.99772,0.00114,0.171187,0.001482,0.210094,0.916725,0.798342,0.835742,0.073072,0.073234,0.002409,0.980861,4566,2|3|4,2,11665,0.36522,2.21,15.46,0.06,0.17,0.0,0.6,4.42,NVIDIA A100-SXM4-80GB,a7eeb9c6f4b5df0f,f86d69189bb7,1,temporal,train,all,0.7,0.15,0.15,C,noise_curve_c_s14_BPIC_2020_DomesticDeclarations
BPIC_2020_DomesticDeclarations,lstm,checker_net,0.3,2,0.906179,0.520398,0.993388,0.001254,0.1877,0.001482,0.190293,0.918115,0.800699,0.835742,0.068926,0.069089,0.002409,0.981451,4566,2|3|4,2,11665,0.36522,1.97,13.8,0.06,0.17,0.0,0.6,4.42,NVIDIA A100-SXM4-80GB,a7eeb9c6f4b5df0f,f86d69189bb7,1,temporal,train,all,0.7,0.15,0.15,C,noise_curve_c_s14_BPIC_2020_DomesticDeclarations
BPIC_2020_DomesticDeclarations,lstm,checker_net_state,0.3,2,0.906179,0.520398,0.993388,0.001254,0.204784,0.001482,0.211277,0.916505,0.796391,0.835742,0.072015,0.072178,0.002409,0.980983,4566,2|3|4,2,11665,0.36522,1.99,13.96,0.06,0.17,0.0,0.6,4.42,NVIDIA A100-SXM4-80GB,a7eeb9c6f4b5df0f,f86d69189bb7,1,temporal,train,all,0.7,0.15,0.15,C,noise_curve_c_s14_BPIC_2020_DomesticDeclarations
BPIC_2020_DomesticDeclarations,lstm,marking,0.3,2,0.905951,0.520292,0.980392,0.001482,0.245996,0.00171,0.266896,0.916504,0.797692,0.835742,0.073722,0.073884,0.002409,0.980755,4566,2|3|4,5,11665,0.36522,2.15,21.49,0.06,0.17,0.0,0.6,4.42,NVIDIA A100-SXM4-80GB,a7eeb9c6f4b5df0f,f86d69189bb7,1,temporal,train,all,0.7,0.15,0.15,C,noise_curve_c_s14_BPIC_2020_DomesticDeclarations
BPIC_2020_DomesticDeclarations,lstm,gnn,0.3,2,0.902303,0.511067,0.997264,0.001482,0.232913,0.005472,0.245023,0.910722,0.787938,0.832457,0.09136,0.094042,0.009198,0.97721,4566,2|3|4,4,11665,0.36522,2.7,24.27,0.06,0.17,0.0,0.6,4.42,NVIDIA A100-SXM4-80GB,a7eeb9c6f4b5df0f,f86d69189bb7,1,temporal,train,all,0.7,0.15,0.15,C,noise_curve_c_s14_BPIC_2020_DomesticDeclarations
BPIC_2020_DomesticDeclarations,lstm,seq,0.3,2,0.902645,0.511759,0.980392,0.001368,0.23336,0.005016,0.245769,0.914492,0.793465,0.832457,0.07551,0.078111,0.008979,0.980408,4566,2|3|4,5,11665,0.36522,4.43,44.26,0.06,0.17,0.0,0.6,4.42,NVIDIA A100-SXM4-80GB,a7eeb9c6f4b5df0f,f86d69189bb7,1,temporal,train,all,0.7,0.15,0.15,C,noise_curve_c_s14_BPIC_2020_DomesticDeclarations
BPIC_2020_DomesticDeclarations,lstm,lll,0.3,2,0.906521,0.478029,0.97321,0.001254,0.050419,0.0,0.00163,0.916147,0.742421,0.835961,0.073559,0.0,0.0,0.991655,4566,2|3|4,2,11665,0.36522,2.07,14.49,0.06,0.17,0.0,0.6,4.42,NVIDIA A100-SXM4-80GB,a7eeb9c6f4b5df0f,f86d69189bb7,1,temporal,train,all,0.7,0.15,0.15,C,noise_curve_c_s14_BPIC_2020_DomesticDeclarations
BPIC_2020_DomesticDeclarations,lstm,gll,0.3,2,0.906179,0.520402,0.97321,0.001254,0.185223,0.001368,0.169247,0.913993,0.738682,0.835742,0.081525,0.000813,0.00219,0.992669,4566,2|3|4,3,11665,0.36522,4.59,36.74,0.06,0.17,0.0,0.6,4.42,NVIDIA A100-SXM4-80GB,a7eeb9c6f4b5df0f,f86d69189bb7,1,temporal,train,all,0.7,0.15,0.15,C,noise_curve_c_s14_BPIC_2020_DomesticDeclarations
BPIC_2020_DomesticDeclarations,lstm,baseline,0.4,2,0.906179,0.520402,0.993388,0.001254,0.320303,0.001368,0.334979,0.917922,0.798261,0.835742,0.068764,0.068845,0.00219,0.981443,4566,2|3|4,4,15553,0.269288,1.9,17.09,0.06,0.17,0.0,0.6,4.42,NVIDIA A100-SXM4-80GB,a7eeb9c6f4b5df0f,f86d69189bb7,1,temporal,train,all,0.7,0.15,0.15,C,noise_curve_c_s14_BPIC_2020_DomesticDeclarations
BPIC_2020_DomesticDeclarations,lstm,checker,0.4,2,0.902531,0.51118,0.998518,0.001254,0.244577,0.005244,0.282652,0.912792,0.789807,0.832457,0.079249,0.081931,0.009198,0.979637,4566,2|3|4,2,15553,0.269288,1.98,13.84,0.06,0.17,0.0,0.6,4.42,NVIDIA A100-SXM4-80GB,a7eeb9c6f4b5df0f,f86d69189bb7,1,temporal,train,all,0.7,0.15,0.15,C,noise_curve_c_s14_BPIC_2020_DomesticDeclarations
BPIC_2020_DomesticDeclarations,lstm,checker_net,0.4,2,0.906065,0.520352,0.993388,0.001254,0.259874,0.001368,0.24982,0.916522,0.797448,0.835742,0.073397,0.073478,0.00219,0.980804,4566,2|3|4,4,15553,0.269288,1.97,17.77,0.06,0.17,0.0,0.6,4.42,NVIDIA A100-SXM4-80GB,a7eeb9c6f4b5df0f,f86d69189bb7,1,temporal,train,all,0.7,0.15,0.15,C,noise_curve_c_s14_BPIC_2020_DomesticDeclarations
BPIC_2020_DomesticDeclarations,lstm,checker_net_state,0.4,2,0.906065,0.520349,0.993616,0.001368,0.279669,0.001482,0.276809,0.917861,0.799967,0.835742,0.069902,0.069983,0.00219,0.981326,4566,2|3|4,4,15553,0.269288,2.0,17.96,0.06,0.17,0.0,0.6,4.42,NVIDIA A100-SXM4-80GB,a7eeb9c6f4b5df0f,f86d69189bb7,1,temporal,train,all,0.7,0.15,0.15,C,noise_curve_c_s14_BPIC_2020_DomesticDeclarations
BPIC_2020_DomesticDeclarations,lstm,marking,0.4,2,0.902417,0.511131,0.980392,0.001368,0.32463,0.005244,0.344062,0.914699,0.789726,0.832457,0.073559,0.07616,0.008979,0.980575,4566,2|3|4,11,15553,0.269288,2.14,34.32,0.06,0.17,0.0,0.6,4.42,NVIDIA A100-SXM4-80GB,a7eeb9c6f4b5df0f,f86d69189bb7,1,temporal,train,all,0.7,0.15,0.15,C,noise_curve_c_s14_BPIC_2020_DomesticDeclarations
BPIC_2020_DomesticDeclarations,lstm,gnn,0.4,2,0.905837,0.520231,0.976516,0.001596,0.313084,0.001824,0.326504,0.917844,0.799642,0.835742,0.069495,0.069658,0.002409,0.981364,4566,2|3|4,5,15553,0.269288,2.69,26.94,0.06,0.17,0.0,0.6,4.42,NVIDIA A100-SXM4-80GB,a7eeb9c6f4b5df0f,f86d69189bb7,1,temporal,train,all,0.7,0.15,0.15,C,noise_curve_c_s14_BPIC_2020_DomesticDeclarations
BPIC_2020_DomesticDeclarations,lstm,seq,0.4,2,0.901847,0.51086,0.975376,0.00171,0.293325,0.0057,0.305714,0.914571,0.792815,0.832457,0.07486,0.077542,0.009198,0.980432,4566,2|3|4,2,15553,0.269288,4.42,30.97,0.06,0.17,0.0,0.6,4.42,NVIDIA A100-SXM4-80GB,a7eeb9c6f4b5df0f,f86d69189bb7,1,temporal,train,all,0.7,0.15,0.15,C,noise_curve_c_s14_BPIC_2020_DomesticDeclarations
BPIC_2020_DomesticDeclarations,lstm,lll,0.4,2,0.902531,0.469814,0.97321,0.005358,0.08549,0.0,0.006524,0.911266,0.734292,0.832457,0.084532,0.0,0.008322,0.990162,4566,2|3|4,1,15553,0.269288,2.08,12.47,0.06,0.17,0.0,0.6,4.42,NVIDIA A100-SXM4-80GB,a7eeb9c6f4b5df0f,f86d69189bb7,1,temporal,train,all,0.7,0.15,0.15,C,noise_curve_c_s14_BPIC_2020_DomesticDeclarations
BPIC_2020_DomesticDeclarations,lstm,gll,0.4,2,0.902303,0.469612,0.99031,0.005016,0.260728,0.000456,0.222741,0.908205,0.728115,0.832457,0.096806,0.000163,0.001971,0.991502,4566,2|3|4,2,15553,0.269288,4.59,32.16,0.06,0.17,0.0,0.6,4.42,NVIDIA A100-SXM4-80GB,a7eeb9c6f4b5df0f,f86d69189bb7,1,temporal,train,all,0.7,0.15,0.15,C,noise_curve_c_s14_BPIC_2020_DomesticDeclarations
BPIC_2020_DomesticDeclarations,lstm,baseline,0.5,2,0.902303,0.512868,0.976174,0.001368,0.405728,0.005244,0.408957,0.914612,0.791596,0.832457,0.073559,0.076242,0.009198,0.980659,4566,2|3|4,11,19441,0.210913,1.89,30.24,0.06,0.17,0.0,0.6,4.42,NVIDIA A100-SXM4-80GB,a7eeb9c6f4b5df0f,f86d69189bb7,1,temporal,train,all,0.7,0.15,0.15,C,noise_curve_c_s14_BPIC_2020_DomesticDeclarations
BPIC_2020_DomesticDeclarations,lstm,checker,0.5,2,0.902645,0.512011,0.98062,0.001254,0.293213,0.005244,0.3286,0.910927,0.785093,0.832457,0.069577,0.081362,0.009198,0.980246,4566,2|3|4,11,19441,0.210913,1.96,31.37,0.06,0.17,0.0,0.6,4.42,NVIDIA A100-SXM4-80GB,a7eeb9c6f4b5df0f,f86d69189bb7,1,temporal,train,all,0.7,0.15,0.15,C,noise_curve_c_s14_BPIC_2020_DomesticDeclarations
BPIC_2020_DomesticDeclarations,lstm,checker_net,0.5,2,0.905609,0.520834,0.976174,0.001254,0.324948,0.001596,0.29685,0.917989,0.799073,0.835742,0.067219,0.067382,0.002409,0.981858,4566,2|3|4,12,19441,0.210913,1.99,33.77,0.06,0.17,0.0,0.6,4.42,NVIDIA A100-SXM4-80GB,a7eeb9c6f4b5df0f,f86d69189bb7,1,temporal,train,all,0.7,0.15,0.15,C,noise_curve_c_s14_BPIC_2020_DomesticDeclarations
BPIC_2020_DomesticDeclarations,lstm,checker_net_state,0.5,2,0.902303,0.512856,0.975946,0.001254,0.346904,0.00513,0.327014,0.914582,0.790132,0.832457,0.072178,0.07486,0.009198,0.980961,4566,2|3|4,11,19441,0.210913,1.97,31.59,0.06,0.17,0.0,0.6,4.42,NVIDIA A100-SXM4-80GB,a7eeb9c6f4b5df0f,f86d69189bb7,1,temporal,train,all,0.7,0.15,0.15,C,noise_curve_c_s14_BPIC_2020_DomesticDeclarations
BPIC_2020_DomesticDeclarations,lstm,marking,0.5,2,0.883379,0.428421,0.974236,0.020292,0.39757,0.024282,0.40129,0.890776,0.753962,0.808804,0.10217,0.104852,0.010731,0.977085,4566,2|3|4,1,19441,0.210913,2.16,12.96,0.06,0.17,0.0,0.6,4.42,NVIDIA A100-SXM4-80GB,a7eeb9c6f4b5df0f,f86d69189bb7,1,temporal,train,all,0.7,0.15,0.15,C,noise_curve_c_s14_BPIC_2020_DomesticDeclarations
BPIC_2020_DomesticDeclarations,lstm,gnn,0.5,2,0.901961,0.513456,0.988828,0.002052,0.402943,0.006042,0.401295,0.913893,0.792083,0.831581,0.071527,0.07421,0.010731,0.980751,4566,2|3|4,16,19441,0.210913,2.68,56.19,0.06,0.17,0.0,0.6,4.42,NVIDIA A100-SXM4-80GB,a7eeb9c6f4b5df0f,f86d69189bb7,1,temporal,train,all,0.7,0.15,0.15,C,noise_curve_c_s14_BPIC_2020_DomesticDeclarations
BPIC_2020_DomesticDeclarations,lstm,seq,0.5,2,0.902417,0.511127,0.974008,0.001368,0.407841,0.005358,0.403766,0.914431,0.792327,0.832457,0.077136,0.079818,0.009198,0.980166,4566,2|3|4,4,19441,0.210913,4.41,39.65,0.06,0.17,0.0,0.6,4.42,NVIDIA A100-SXM4-80GB,a7eeb9c6f4b5df0f,f86d69189bb7,1,temporal,train,all,0.7,0.15,0.15,C,noise_curve_c_s14_BPIC_2020_DomesticDeclarations
BPIC_2020_DomesticDeclarations,lstm,lll,0.5,2,0.884633,0.397413,0.97321,0.023142,0.112278,0.0,0.007306,0.898164,0.722019,0.80968,0.096806,0.0,0.008322,0.988831,4566,2|3|4,1,19441,0.210913,2.07,12.39,0.06,0.17,0.0,0.6,4.42,NVIDIA A100-SXM4-80GB,a7eeb9c6f4b5df0f,f86d69189bb7,1,temporal,train,all,0.7,0.15,0.15,C,noise_curve_c_s14_BPIC_2020_DomesticDeclarations
BPIC_2020_DomesticDeclarations,lstm,gll,0.5,2,0.902075,0.469315,0.968194,0.005244,0.343671,0.001596,0.266138,0.908059,0.728115,0.832457,0.096562,0.000894,0.002409,0.991476,4566,2|3|4,2,19441,0.210913,4.58,32.07,0.06,0.17,0.0,0.6,4.42,NVIDIA A100-SXM4-80GB,a7eeb9c6f4b5df0f,f86d69189bb7,1,temporal,train,all,0.7,0.15,0.15,C,noise_curve_c_s14_BPIC_2020_DomesticDeclarations
BPIC_2020_DomesticDeclarations,lstm,baseline,0.6,2,0.884291,0.434707,0.974236,0.019608,0.500601,0.023712,0.500083,0.889893,0.752256,0.808804,0.104121,0.106803,0.010731,0.976835,4566,2|3|4,3,23329,0.161519,2.0,16.03,0.06,0.17,0.0,0.6,4.42,NVIDIA A100-SXM4-80GB,a7eeb9c6f4b5df0f,f86d69189bb7,1,temporal,train,all,0.7,0.15,0.15,C,noise_curve_c_s14_BPIC_2020_DomesticDeclarations
BPIC_2020_DomesticDeclarations,lstm,checker,0.6,2,0.902531,0.511185,0.98005,0.00114,0.394986,0.005244,0.426723,0.914498,0.792733,0.832457,0.074941,0.077623,0.009198,0.980434,4566,2|3|4,3,23329,0.161519,1.97,15.76,0.06,0.17,0.0,0.6,4.42,NVIDIA A100-SXM4-80GB,a7eeb9c6f4b5df0f,f86d69189bb7,1,temporal,train,all,0.7,0.15,0.15,C,noise_curve_c_s14_BPIC_2020_DomesticDeclarations
BPIC_2020_DomesticDeclarations,lstm,checker_net,0.6,2,0.902417,0.511128,0.974122,0.001254,0.430274,0.005358,0.393358,0.914499,0.792815,0.832457,0.07486,0.077542,0.009198,0.980434,4566,2|3|4,3,23329,0.161519,1.98,15.8,0.06,0.17,0.0,0.6,4.42,NVIDIA A100-SXM4-80GB,a7eeb9c6f4b5df0f,f86d69189bb7,1,temporal,train,all,0.7,0.15,0.15,C,noise_curve_c_s14_BPIC_2020_DomesticDeclarations
BPIC_2020_DomesticDeclarations,lstm,checker_net_state,0.6,2,0.880187,0.426811,0.975148,0.023712,0.463712,0.027816,0.438337,0.888842,0.750061,0.805738,0.108266,0.110949,0.017083,0.976527,4566,2|3|4,3,23329,0.161519,1.99,15.93,0.06,0.17,0.0,0.6,4.42,NVIDIA A100-SXM4-80GB,a7eeb9c6f4b5df0f,f86d69189bb7,1,temporal,train,all,0.7,0.15,0.15,C,noise_curve_c_s14_BPIC_2020_DomesticDeclarations
BPIC_2020_DomesticDeclarations,lstm,marking,0.6,2,0.884405,0.435577,0.972868,0.01938,0.487684,0.02337,0.478584,0.890719,0.752337,0.808804,0.100138,0.10282,0.010731,0.977498,4566,2|3|4,8,23329,0.161519,2.19,28.48,0.06,0.17,0.0,0.6,4.42,NVIDIA A100-SXM4-80GB,a7eeb9c6f4b5df0f,f86d69189bb7,1,temporal,train,all,0.7,0.15,0.15,C,noise_curve_c_s14_BPIC_2020_DomesticDeclarations
BPIC_2020_DomesticDeclarations,lstm,gnn,0.6,2,0.897743,0.508808,0.968422,0.005928,0.510011,0.009918,0.509421,0.910227,0.785987,0.828515,0.092742,0.095424,0.017083,0.977407,4566,2|3|4,3,23329,0.161519,2.7,21.62,0.06,0.17,0.0,0.6,4.42,NVIDIA A100-SXM4-80GB,a7eeb9c6f4b5df0f,f86d69189bb7,1,temporal,train,all,0.7,0.15,0.15,C,noise_curve_c_s14_BPIC_2020_DomesticDeclarations
BPIC_2020_DomesticDeclarations,lstm,seq,0.6,2,0.884291,0.435521,0.97207,0.01938,0.499067,0.02337,0.493312,0.889439,0.756482,0.808804,0.113712,0.116394,0.010731,0.975364,4566,2|3|4,5,23329,0.161519,4.41,44.14,0.06,0.17,0.0,0.6,4.42,NVIDIA A100-SXM4-80GB,a7eeb9c6f4b5df0f,f86d69189bb7,1,temporal,train,all,0.7,0.15,0.15,C,noise_curve_c_s14_BPIC_2020_DomesticDeclarations
BPIC_2020_DomesticDeclarations,lstm,lll,0.6,2,0.906521,0.478028,0.974236,0.001026,0.166356,0.0,0.00426,0.91573,0.742421,0.835961,0.074616,0.0,0.001533,0.991375,4566,2|3|4,2,23329,0.161519,2.07,14.52,0.06,0.17,0.0,0.6,4.42,NVIDIA A100-SXM4-80GB,a7eeb9c6f4b5df0f,f86d69189bb7,1,temporal,train,all,0.7,0.15,0.15,C,noise_curve_c_s14_BPIC_2020_DomesticDeclarations
BPIC_2020_DomesticDeclarations,lstm,gll,0.6,2,0.902417,0.468561,0.968422,0.001368,0.409198,0.00513,0.316665,0.908205,0.728115,0.832457,0.091279,0.003333,0.008979,0.991761,4566,2|3|4,3,23329,0.161519,4.6,36.78,0.06,0.17,0.0,0.6,4.42,NVIDIA A100-SXM4-80GB,a7eeb9c6f4b5df0f,f86d69189bb7,1,temporal,train,all,0.7,0.15,0.15,C,noise_curve_c_s14_BPIC_2020_DomesticDeclarations
BPIC_2020_DomesticDeclarations,lstm,baseline,0.7,2,0.867077,0.420315,0.950752,0.036822,0.585121,0.040926,0.586333,0.878567,0.733642,0.792378,0.133301,0.135983,0.03986,0.972771,4566,2|3|4,2,27217,0.158933,2.18,15.28,0.06,0.17,0.0,0.6,4.42,NVIDIA A100-SXM4-80GB,a7eeb9c6f4b5df0f,f86d69189bb7,1,temporal,train,all,0.7,0.15,0.15,C,noise_curve_c_s14_BPIC_2020_DomesticDeclarations
BPIC_2020_DomesticDeclarations,lstm,checker,0.7,2,0.902075,0.510958,0.980392,0.001596,0.467474,0.0057,0.512937,0.912643,0.789076,0.832457,0.077542,0.080224,0.009198,0.980015,4566,2|3|4,6,27217,0.158933,2.37,26.07,0.06,0.17,0.0,0.6,4.42,NVIDIA A100-SXM4-80GB,a7eeb9c6f4b5df0f,f86d69189bb7,1,temporal,train,all,0.7,0.15,0.15,C,noise_curve_c_s14_BPIC_2020_DomesticDeclarations
BPIC_2020_DomesticDeclarations,lstm,checker_net,0.7,2,0.901163,0.510502,0.971842,0.002622,0.519318,0.006726,0.475884,0.912869,0.736324,0.831581,0.075266,0.077948,0.010731,0.980356,4566,2|3|4,3,27217,0.158933,1.99,15.95,0.06,0.17,0.0,0.6,4.42,NVIDIA A100-SXM4-80GB,a7eeb9c6f4b5df0f,f86d69189bb7,1,temporal,train,all,0.7,0.15,0.15,C,noise_curve_c_s14_BPIC_2020_DomesticDeclarations
BPIC_2020_DomesticDeclarations,lstm,checker_net_state,0.7,2,0.901049,0.510271,0.968536,0.002736,0.555294,0.00684,0.533677,0.915344,0.742258,0.831581,0.068926,0.071609,0.008979,0.981382,4566,2|3|4,5,27217,0.158933,2.0,19.97,0.06,0.17,0.0,0.6,4.42,NVIDIA A100-SXM4-80GB,a7eeb9c6f4b5df0f,f86d69189bb7,1,temporal,train,all,0.7,0.15,0.15,C,noise_curve_c_s14_BPIC_2020_DomesticDeclarations
BPIC_2020_DomesticDeclarations,lstm,marking,0.7,2,0.880187,0.426905,0.968422,0.023712,0.587283,0.027816,0.578987,0.893858,0.708039,0.805738,0.093473,0.096155,0.015331,0.978973,4566,2|3|4,5,27217,0.158933,2.12,21.16,0.06,0.17,0.0,0.6,4.42,NVIDIA A100-SXM4-80GB,a7eeb9c6f4b5df0f,f86d69189bb7,1,temporal,train,all,0.7,0.15,0.15,C,noise_curve_c_s14_BPIC_2020_DomesticDeclarations
BPIC_2020_DomesticDeclarations,lstm,gnn,0.7,2,0.879731,0.426583,0.96808,0.024168,0.580498,0.028272,0.577606,0.886525,0.750467,0.805738,0.117045,0.119727,0.017083,0.974344,4566,2|3|4,4,27217,0.158933,2.68,24.09,0.06,0.17,0.0,0.6,4.42,NVIDIA A100-SXM4-80GB,a7eeb9c6f4b5df0f,f86d69189bb7,1,temporal,train,all,0.7,0.15,0.15,C,noise_curve_c_s14_BPIC_2020_DomesticDeclarations
BPIC_2020_DomesticDeclarations,lstm,seq,0.7,2,0.900821,0.510366,0.975946,0.002964,0.590045,0.007068,0.591385,0.914889,0.739901,0.831581,0.068276,0.070958,0.008979,0.981453,4566,2|3|4,9,27217,0.158933,4.08,57.15,0.06,0.17,0.0,0.6,4.42,NVIDIA A100-SXM4-80GB,a7eeb9c6f4b5df0f,f86d69189bb7,1,temporal,train,all,0.7,0.15,0.15,C,noise_curve_c_s14_BPIC_2020_DomesticDeclarations
BPIC_2020_DomesticDeclarations,lstm,lll,0.7,2,0.901619,0.470331,0.972184,0.006042,0.218798,0.0,0.006327,0.910557,0.732911,0.8318,0.086239,0.0,0.009855,0.989893,4566,2|3|4,2,27217,0.158933,2.03,14.19,0.06,0.17,0.0,0.6,4.42,NVIDIA A100-SXM4-80GB,a7eeb9c6f4b5df0f,f86d69189bb7,1,temporal,train,all,0.7,0.15,0.15,C,noise_curve_c_s14_BPIC_2020_DomesticDeclarations
BPIC_2020_DomesticDeclarations,lstm,gll,0.7,2,0.901619,0.473186,0.972412,0.006156,0.48765,0.001368,0.371369,0.907504,0.728928,0.8318,0.094367,0.000813,0.010293,0.991511,4566,2|3|4,14,27217,0.158933,4.59,87.12,0.06,0.17,0.0,0.6,4.42,NVIDIA A100-SXM4-80GB,a7eeb9c6f4b5df0f,f86d69189bb7,1,temporal,train,all,0.7,0.15,0.15,C,noise_curve_c_s14_BPIC_2020_DomesticDeclarations
BPIC_2020_DomesticDeclarations,lstm,baseline,0.8,2,0.865937,0.419652,0.941632,0.03819,0.669708,0.042294,0.652156,0.870842,0.724945,0.792378,0.149069,0.151752,0.03986,0.96738,4566,2|3|4,5,31106,0.133079,2.4,24.02,0.06,0.17,0.0,0.6,4.42,NVIDIA A100-SXM4-80GB,a7eeb9c6f4b5df0f,f86d69189bb7,1,temporal,train,all,0.7,0.15,0.15,C,noise_curve_c_s14_BPIC_2020_DomesticDeclarations
BPIC_2020_DomesticDeclarations,lstm,checker,0.8,2,0.867761,0.419878,0.97435,0.01824,0.558607,0.040128,0.588123,0.869082,0.694546,0.792378,0.083963,0.120702,0.039641,0.977688,4566,2|3|4,5,31106,0.133079,2.34,23.36,0.06,0.17,0.0,0.6,4.42,NVIDIA A100-SXM4-80GB,a7eeb9c6f4b5df0f,f86d69189bb7,1,temporal,train,all,0.7,0.15,0.15,C,noise_curve_c_s14_BPIC_2020_DomesticDeclarations
BPIC_2020_DomesticDeclarations,lstm,checker_net,0.8,2,0.880073,0.391196,0.967738,0.02451,0.613068,0.027474,0.535828,0.876931,0.682354,0.806614,0.110054,0.03365,0.015331,0.986897,4566,2|3|4,11,31106,0.133079,1.99,31.89,0.06,0.17,0.0,0.6,4.42,NVIDIA A100-SXM4-80GB,a7eeb9c6f4b5df0f,f86d69189bb7,1,temporal,train,all,0.7,0.15,0.15,C,noise_curve_c_s14_BPIC_2020_DomesticDeclarations
BPIC_2020_DomesticDeclarations,lstm,checker_net_state,0.8,2,0.867191,0.420297,0.946192,0.036822,0.647034,0.040926,0.60371,0.86812,0.720312,0.792378,0.149963,0.152646,0.03986,0.967231,4566,2|3|4,5,31106,0.133079,1.98,19.8,0.06,0.17,0.0,0.6,4.42,NVIDIA A100-SXM4-80GB,a7eeb9c6f4b5df0f,f86d69189bb7,1,temporal,train,all,0.7,0.15,0.15,C,noise_curve_c_s14_BPIC_2020_DomesticDeclarations
BPIC_2020_DomesticDeclarations,lstm,marking,0.8,2,0.875285,0.424697,0.94984,0.024282,0.667292,0.028386,0.651157,0.886482,0.689344,0.805738,0.102414,0.105096,0.017083,0.976624,4566,2|3|4,8,31106,0.133079,2.14,27.76,0.06,0.17,0.0,0.6,4.42,NVIDIA A100-SXM4-80GB,a7eeb9c6f4b5df0f,f86d69189bb7,1,temporal,train,all,0.7,0.15,0.15,C,noise_curve_c_s14_BPIC_2020_DomesticDeclarations
BPIC_2020_DomesticDeclarations,lstm,gnn,0.8,2,0.874145,0.423747,0.954172,0.030096,0.65431,0.033972,0.64006,0.884802,0.742502,0.805738,0.110461,0.112818,0.03986,0.97546,4566,2|3|4,8,31106,0.133079,2.68,34.87,0.06,0.17,0.0,0.6,4.42,NVIDIA A100-SXM4-80GB,a7eeb9c6f4b5df0f,f86d69189bb7,1,temporal,train,all,0.7,0.15,0.15,C,noise_curve_c_s14_BPIC_2020_DomesticDeclarations
BPIC_2020_DomesticDeclarations,lstm,seq,0.8,2,0.862973,0.418205,0.950524,0.04104,0.671344,0.045144,0.651858,0.870444,0.714948,0.792378,0.151752,0.154434,0.03986,0.966691,4566,2|3|4,5,31106,0.133079,4.39,43.85,0.06,0.17,0.0,0.6,4.42,NVIDIA A100-SXM4-80GB,a7eeb9c6f4b5df0f,f86d69189bb7,1,temporal,train,all,0.7,0.15,0.15,C,noise_curve_c_s14_BPIC_2020_DomesticDeclarations
BPIC_2020_DomesticDeclarations,lstm,lll,0.8,2,0.884861,0.38588,0.972184,0.0228,0.323133,0.0,0.003862,0.882693,0.693002,0.807052,0.135983,0.0,0.02431,0.984273,4566,2|3|4,4,31106,0.133079,2.06,18.5,0.06,0.17,0.0,0.6,4.42,NVIDIA A100-SXM4-80GB,a7eeb9c6f4b5df0f,f86d69189bb7,1,temporal,train,all,0.7,0.15,0.15,C,noise_curve_c_s14_BPIC_2020_DomesticDeclarations
BPIC_2020_DomesticDeclarations,lstm,gll,0.8,2,0.884861,0.397451,0.972184,0.022914,0.555057,0.0,0.447936,0.879502,0.685036,0.80968,0.13834,0.0,0.031099,0.986255,4566,2|3|4,16,31106,0.133079,4.56,95.72,0.06,0.17,0.0,0.6,4.42,NVIDIA A100-SXM4-80GB,a7eeb9c6f4b5df0f,f86d69189bb7,1,temporal,train,all,0.7,0.15,0.15,C,noise_curve_c_s14_BPIC_2020_DomesticDeclarations
BPIC_2020_DomesticDeclarations,lstm,baseline,0.0,3,0.907547,0.523588,0.981304,0.0,0.000799,0.001026,0.035501,0.916043,0.795091,0.837057,0.070633,0.071283,0.0,0.981659,4566,2|3|4,5,0,0.999456,1.9,18.96,0.06,0.17,0.0,0.6,4.42,NVIDIA A100-SXM4-80GB,a7eeb9c6f4b5df0f,f86d69189bb7,1,temporal,train,all,0.7,0.15,0.15,C,noise_curve_c_s14_BPIC_2020_DomesticDeclarations
BPIC_2020_DomesticDeclarations,lstm,checker,0.0,3,0.907547,0.523588,0.981646,0.0,0.000518,0.001026,0.03463,0.916043,0.795091,0.837057,0.070633,0.071283,0.0,0.981659,4566,2|3|4,5,0,0.999456,1.96,19.59,0.06,0.17,0.0,0.6,4.42,NVIDIA A100-SXM4-80GB,a7eeb9c6f4b5df0f,f86d69189bb7,1,temporal,train,all,0.7,0.15,0.15,C,noise_curve_c_s14_BPIC_2020_DomesticDeclarations
BPIC_2020_DomesticDeclarations,lstm,checker_net,0.0,3,0.907661,0.523842,0.981304,0.0,0.000745,0.00114,0.026716,0.918453,0.800049,0.837276,0.0647,0.065512,0.0,0.982325,4566,2|3|4,4,0,0.999456,1.96,17.66,0.06,0.17,0.0,0.6,4.42,NVIDIA A100-SXM4-80GB,a7eeb9c6f4b5df0f,f86d69189bb7,1,temporal,train,all,0.7,0.15,0.15,C,noise_curve_c_s14_BPIC_2020_DomesticDeclarations
BPIC_2020_DomesticDeclarations,lstm,checker_net_state,0.0,3,0.907547,0.523588,0.981304,0.0,0.001155,0.001026,0.031484,0.91652,0.795091,0.837057,0.070552,0.071283,0.0,0.981577,4566,2|3|4,3,0,0.999456,1.99,15.9,0.06,0.17,0.0,0.6,4.42,NVIDIA A100-SXM4-80GB,a7eeb9c6f4b5df0f,f86d69189bb7,1,temporal,train,all,0.7,0.15,0.15,C,noise_curve_c_s14_BPIC_2020_DomesticDeclarations
BPIC_2020_DomesticDeclarations,lstm,marking,0.0,3,0.907547,0.523588,0.998974,0.0,0.000808,0.001026,0.037413,0.91618,0.79444,0.837057,0.064862,0.068764,0.0,0.981954,4566,2|3|4,5,0,0.999456,2.14,21.38,0.06,0.17,0.0,0.6,4.42,NVIDIA A100-SXM4-80GB,a7eeb9c6f4b5df0f,f86d69189bb7,1,temporal,train,all,0.7,0.15,0.15,C,noise_curve_c_s14_BPIC_2020_DomesticDeclarations
BPIC_2020_DomesticDeclarations,lstm,gnn,0.0,3,0.907547,0.523614,0.99886,0.0,0.000338,0.00114,0.040321,0.917059,0.799967,0.837057,0.07738,0.078355,0.0,0.980172,4566,2|3|4,9,0,0.999456,2.68,37.58,0.06,0.17,0.0,0.6,4.42,NVIDIA A100-SXM4-80GB,a7eeb9c6f4b5df0f,f86d69189bb7,1,temporal,train,all,0.7,0.15,0.15,C,noise_curve_c_s14_BPIC_2020_DomesticDeclarations
BPIC_2020_DomesticDeclarations,lstm,seq,0.0,3,0.907547,0.523614,0.998404,0.0,0.000535,0.00114,0.037487,0.916732,0.795253,0.837057,0.058929,0.065512,0.0,0.982444,4566,2|3|4,7,0,0.999456,4.38,52.52,0.06,0.17,0.0,0.6,4.42,NVIDIA A100-SXM4-80GB,a7eeb9c6f4b5df0f,f86d69189bb7,1,temporal,train,all,0.7,0.15,0.15,C,noise_curve_c_s14_BPIC_2020_DomesticDeclarations
BPIC_2020_DomesticDeclarations,lstm,lll,0.0,3,0.906521,0.478029,0.975832,0.001254,0.008136,0.0,0.002193,0.914984,0.792083,0.835961,0.07933,0.058197,0.0,0.982438,4566,2|3|4,1,0,0.999456,2.07,12.41,0.06,0.17,0.0,0.6,4.42,NVIDIA A100-SXM4-80GB,a7eeb9c6f4b5df0f,f86d69189bb7,1,temporal,train,all,0.7,0.15,0.15,C,noise_curve_c_s14_BPIC_2020_DomesticDeclarations
BPIC_2020_DomesticDeclarations,lstm,gll,0.0,3,0.907547,0.523588,0.99829,0.0,0.000418,0.001026,0.023409,0.915735,0.741689,0.837057,0.078274,0.00065,0.0,0.992833,4566,2|3|4,12,0,0.999456,4.56,77.47,0.06,0.17,0.0,0.6,4.42,NVIDIA A100-SXM4-80GB,a7eeb9c6f4b5df0f,f86d69189bb7,1,temporal,train,all,0.7,0.15,0.15,C,noise_curve_c_s14_BPIC_2020_DomesticDeclarations
BPIC_2020_DomesticDeclarations,lstm,baseline,0.1,3,0.907547,0.523588,0.998062,0.000228,0.078844,0.001026,0.112775,0.917867,0.795172,0.837057,0.065512,0.066081,0.0,0.982373,4566,2|3|4,12,3888,0.706899,1.89,32.08,0.06,0.17,0.0,0.6,4.42,NVIDIA A100-SXM4-80GB,a7eeb9c6f4b5df0f,f86d69189bb7,1,temporal,train,all,0.7,0.15,0.15,C,noise_curve_c_s14_BPIC_2020_DomesticDeclarations
BPIC_2020_DomesticDeclarations,lstm,checker,0.1,3,0.907547,0.523588,0.99829,0.000114,0.056801,0.001026,0.101973,0.9191,0.802162,0.837057,0.067545,0.068113,0.0,0.98154,4566,2|3|4,3,3888,0.706899,1.97,15.76,0.06,0.17,0.0,0.6,4.42,NVIDIA A100-SXM4-80GB,a7eeb9c6f4b5df0f,f86d69189bb7,1,temporal,train,all,0.7,0.15,0.15,C,noise_curve_c_s14_BPIC_2020_DomesticDeclarations
BPIC_2020_DomesticDeclarations,lstm,checker_net,0.1,3,0.906521,0.521214,0.997492,0.00114,0.061968,0.001026,0.086201,0.91811,0.799561,0.835961,0.06917,0.069089,0.001752,0.981453,4566,2|3|4,3,3888,0.706899,1.97,15.74,0.06,0.17,0.0,0.6,4.42,NVIDIA A100-SXM4-80GB,a7eeb9c6f4b5df0f,f86d69189bb7,1,temporal,train,all,0.7,0.15,0.15,C,noise_curve_c_s14_BPIC_2020_DomesticDeclarations
BPIC_2020_DomesticDeclarations,lstm,checker_net_state,0.1,3,0.906521,0.521214,0.997492,0.00114,0.065906,0.001026,0.092263,0.91811,0.799561,0.835961,0.06917,0.069089,0.001752,0.981453,4566,2|3|4,3,3888,0.706899,1.99,15.9,0.06,0.17,0.0,0.6,4.42,NVIDIA A100-SXM4-80GB,a7eeb9c6f4b5df0f,f86d69189bb7,1,temporal,train,all,0.7,0.15,0.15,C,noise_curve_c_s14_BPIC_2020_DomesticDeclarations
BPIC_2020_DomesticDeclarations,lstm,marking,0.1,3,0.904127,0.531108,0.980848,0.000228,0.074043,0.00114,0.113909,0.909728,0.780948,0.818003,0.059254,0.059823,0.0,0.980828,4566,2|3|4,2,3888,0.706899,2.15,15.08,0.06,0.17,0.0,0.6,4.42,NVIDIA A100-SXM4-80GB,a7eeb9c6f4b5df0f,f86d69189bb7,1,temporal,train,all,0.7,0.15,0.15,C,noise_curve_c_s14_BPIC_2020_DomesticDeclarations
BPIC_2020_DomesticDeclarations,lstm,gnn,0.1,3,0.907547,0.523588,0.981418,0.000114,0.072031,0.001026,0.094448,0.9191,0.802162,0.837057,0.067545,0.068113,0.0,0.98154,4566,2|3|4,5,3888,0.706899,2.69,26.95,0.06,0.17,0.0,0.6,4.42,NVIDIA A100-SXM4-80GB,a7eeb9c6f4b5df0f,f86d69189bb7,1,temporal,train,all,0.7,0.15,0.15,C,noise_curve_c_s14_BPIC_2020_DomesticDeclarations
BPIC_2020_DomesticDeclarations,lstm,seq,0.1,3,0.907547,0.523588,0.997606,0.000228,0.071789,0.001026,0.101305,0.916603,0.795172,0.837057,0.070796,0.071365,0.0,0.98129,4566,2|3|4,9,3888,0.706899,4.39,61.42,0.06,0.17,0.0,0.6,4.42,NVIDIA A100-SXM4-80GB,a7eeb9c6f4b5df0f,f86d69189bb7,1,temporal,train,all,0.7,0.15,0.15,C,noise_curve_c_s14_BPIC_2020_DomesticDeclarations
BPIC_2020_DomesticDeclarations,lstm,lll,0.1,3,0.906521,0.478028,0.975262,0.001026,0.014317,0.0,0.000833,0.915194,0.741689,0.835961,0.081769,0.0,0.001533,0.99079,4566,2|3|4,3,3888,0.706899,2.07,16.57,0.06,0.17,0.0,0.6,4.42,NVIDIA A100-SXM4-80GB,a7eeb9c6f4b5df0f,f86d69189bb7,1,temporal,train,all,0.7,0.15,0.15,C,noise_curve_c_s14_BPIC_2020_DomesticDeclarations
BPIC_2020_DomesticDeclarations,lstm,gll,0.1,3,0.906521,0.521214,0.980278,0.001254,0.054508,0.001026,0.065824,0.914369,0.739007,0.835961,0.0812,0.00065,0.001752,0.99271,4566,2|3|4,4,3888,0.706899,4.58,41.18,0.06,0.17,0.0,0.6,4.42,NVIDIA A100-SXM4-80GB,a7eeb9c6f4b5df0f,f86d69189bb7,1,temporal,train,all,0.7,0.15,0.15,C,noise_curve_c_s14_BPIC_2020_DomesticDeclarations
BPIC_2020_DomesticDeclarations,lstm,baseline,0.2,3,0.907205,0.522807,0.980392,0.000228,0.136828,0.001368,0.165945,0.918787,0.801837,0.836837,0.067707,0.068439,0.000438,0.981495,4566,2|3|4,4,7776,0.511498,1.9,17.06,0.06,0.17,0.0,0.6,4.42,NVIDIA A100-SXM4-80GB,a7eeb9c6f4b5df0f,f86d69189bb7,1,temporal,train,all,0.7,0.15,0.15,C,noise_curve_c_s14_BPIC_2020_DomesticDeclarations
BPIC_2020_DomesticDeclarations,lstm,checker,0.2,3,0.907205,0.522807,0.98119,0.000114,0.094287,0.001368,0.133357,0.918787,0.801837,0.836837,0.067707,0.068439,0.000438,0.981495,4566,2|3|4,4,7776,0.511498,1.97,17.7,0.06,0.17,0.0,0.6,4.42,NVIDIA A100-SXM4-80GB,a7eeb9c6f4b5df0f,f86d69189bb7,1,temporal,train,all,0.7,0.15,0.15,C,noise_curve_c_s14_BPIC_2020_DomesticDeclarations
BPIC_2020_DomesticDeclarations,lstm,checker_net,0.2,3,0.907319,0.523069,0.980392,0.000228,0.103843,0.001254,0.117416,0.918787,0.801837,0.836837,0.067707,0.068439,0.000438,0.981495,4566,2|3|4,4,7776,0.511498,1.96,17.67,0.06,0.17,0.0,0.6,4.42,NVIDIA A100-SXM4-80GB,a7eeb9c6f4b5df0f,f86d69189bb7,1,temporal,train,all,0.7,0.15,0.15,C,noise_curve_c_s14_BPIC_2020_DomesticDeclarations
BPIC_2020_DomesticDeclarations,lstm,checker_net_state,0.2,3,0.907205,0.522807,0.980392,0.000228,0.112488,0.001368,0.12921,0.918787,0.801837,0.836837,0.067707,0.068439,0.000438,0.981495,4566,2|3|4,4,7776,0.511498,1.99,17.87,0.06,0.17,0.0,0.6,4.42,NVIDIA A100-SXM4-80GB,a7eeb9c6f4b5df0f,f86d69189bb7,1,temporal,train,all,0.7,0.15,0.15,C,noise_curve_c_s14_BPIC_2020_DomesticDeclarations
BPIC_2020_DomesticDeclarations,lstm,marking,0.2,3,0.907205,0.522807,0.997492,0.0,0.152715,0.001368,0.181399,0.918066,0.800374,0.836837,0.065512,0.066325,0.000438,0.981786,4566,2|3|4,11,7776,0.511498,2.13,34.07,0.06,0.17,0.0,0.6,4.42,NVIDIA A100-SXM4-80GB,a7eeb9c6f4b5df0f,f86d69189bb7,1,temporal,train,all,0.7,0.15,0.15,C,noise_curve_c_s14_BPIC_2020_DomesticDeclarations
BPIC_2020_DomesticDeclarations,lstm,gnn,0.2,3,0.907091,0.522754,0.998062,0.000342,0.165505,0.001482,0.192518,0.918882,0.800699,0.836837,0.06535,0.066081,0.000438,0.981981,4566,2|3|4,4,7776,0.511498,2.69,24.22,0.06,0.17,0.0,0.6,4.42,NVIDIA A100-SXM4-80GB,a7eeb9c6f4b5df0f,f86d69189bb7,1,temporal,train,all,0.7,0.15,0.15,C,noise_curve_c_s14_BPIC_2020_DomesticDeclarations
BPIC_2020_DomesticDeclarations,lstm,seq,0.2,3,0.906179,0.520402,0.979366,0.001254,0.144947,0.001368,0.179253,0.917911,0.80013,0.835742,0.069495,0.069577,0.00219,0.981368,4566,2|3|4,1,7776,0.511498,4.41,26.46,0.06,0.17,0.0,0.6,4.42,NVIDIA A100-SXM4-80GB,a7eeb9c6f4b5df0f,f86d69189bb7,1,temporal,train,all,0.7,0.15,0.15,C,noise_curve_c_s14_BPIC_2020_DomesticDeclarations
BPIC_2020_DomesticDeclarations,lstm,lll,0.2,3,0.906521,0.478028,0.975832,0.00114,0.03543,0.0,0.003721,0.915907,0.742908,0.835961,0.074128,0.0,0.001533,0.991425,4566,2|3|4,1,7776,0.511498,2.06,12.37,0.06,0.17,0.0,0.6,4.42,NVIDIA A100-SXM4-80GB,a7eeb9c6f4b5df0f,f86d69189bb7,1,temporal,train,all,0.7,0.15,0.15,C,noise_curve_c_s14_BPIC_2020_DomesticDeclarations
BPIC_2020_DomesticDeclarations,lstm,gll,0.2,3,0.905951,0.520299,0.976174,0.001368,0.103047,0.001482,0.094237,0.913993,0.738682,0.835742,0.081525,0.000813,0.00219,0.992669,4566,2|3|4,4,7776,0.511498,4.58,41.18,0.06,0.17,0.0,0.6,4.42,NVIDIA A100-SXM4-80GB,a7eeb9c6f4b5df0f,f86d69189bb7,1,temporal,train,all,0.7,0.15,0.15,C,noise_curve_c_s14_BPIC_2020_DomesticDeclarations
BPIC_2020_DomesticDeclarations,lstm,baseline,0.3,3,0.905837,0.520246,0.980278,0.001482,0.243103,0.001596,0.257123,0.918195,0.798911,0.835742,0.068276,0.068357,0.00219,0.981543,4566,2|3|4,8,11665,0.367669,1.94,25.16,0.06,0.17,0.0,0.6,4.42,NVIDIA A100-SXM4-80GB,a7eeb9c6f4b5df0f,f86d69189bb7,1,temporal,train,all,0.7,0.15,0.15,C,noise_curve_c_s14_BPIC_2020_DomesticDeclarations
BPIC_2020_DomesticDeclarations,lstm,checker,0.3,3,0.905951,0.520296,0.980734,0.001482,0.173913,0.001596,0.206723,0.918151,0.800699,0.835742,0.068845,0.068926,0.00219,0.981464,4566,2|3|4,8,11665,0.367669,1.97,25.62,0.06,0.17,0.0,0.6,4.42,NVIDIA A100-SXM4-80GB,a7eeb9c6f4b5df0f,f86d69189bb7,1,temporal,train,all,0.7,0.15,0.15,C,noise_curve_c_s14_BPIC_2020_DomesticDeclarations
BPIC_2020_DomesticDeclarations,lstm,checker_net,0.3,3,0.905951,0.520296,0.976288,0.001482,0.192218,0.001596,0.183713,0.91806,0.80013,0.835742,0.06917,0.069251,0.00219,0.981429,4566,2|3|4,8,11665,0.367669,1.97,25.63,0.06,0.17,0.0,0.6,4.42,NVIDIA A100-SXM4-80GB,a7eeb9c6f4b5df0f,f86d69189bb7,1,temporal,train,all,0.7,0.15,0.15,C,noise_curve_c_s14_BPIC_2020_DomesticDeclarations
BPIC_2020_DomesticDeclarations,lstm,checker_net_state,0.3,3,0.905837,0.520246,0.976288,0.001482,0.20343,0.001596,0.199322,0.918136,0.800536,0.835742,0.068926,0.069008,0.00219,0.981456,4566,2|3|4,8,11665,0.367669,1.99,25.9,0.06,0.17,0.0,0.6,4.42,NVIDIA A100-SXM4-80GB,a7eeb9c6f4b5df0f,f86d69189bb7,1,temporal,train,all,0.7,0.15,0.15,C,noise_curve_c_s14_BPIC_2020_DomesticDeclarations
BPIC_2020_DomesticDeclarations,lstm,marking,0.3,3,0.902075,0.510974,0.990766,0.001482,0.245088,0.005472,0.260997,0.911257,0.788995,0.832457,0.0825,0.085182,0.009198,0.978519,4566,2|3|4,1,11665,0.367669,2.18,13.08,0.06,0.17,0.0,0.6,4.42,NVIDIA A100-SXM4-80GB,a7eeb9c6f4b5df0f,f86d69189bb7,1,temporal,train,all,0.7,0.15,0.15,C,noise_curve_c_s14_BPIC_2020_DomesticDeclarations
BPIC_2020_DomesticDeclarations,lstm,gnn,0.3,3,0.905951,0.520296,0.979936,0.001482,0.232186,0.001596,0.250483,0.918151,0.800699,0.835742,0.068845,0.068926,0.00219,0.981464,4566,2|3|4,9,11665,0.367669,2.69,37.71,0.06,0.17,0.0,0.6,4.42,NVIDIA A100-SXM4-80GB,a7eeb9c6f4b5df0f,f86d69189bb7,1,temporal,train,all,0.7,0.15,0.15,C,noise_curve_c_s14_BPIC_2020_DomesticDeclarations
BPIC_2020_DomesticDeclarations,lstm,seq,0.3,3,0.905951,0.520296,0.98005,0.001482,0.249906,0.001596,0.267118,0.91826,0.799642,0.835742,0.066488,0.066569,0.00219,0.981959,4566,2|3|4,11,11665,0.367669,4.41,70.59,0.06,0.17,0.0,0.6,4.42,NVIDIA A100-SXM4-80GB,a7eeb9c6f4b5df0f,f86d69189bb7,1,temporal,train,all,0.7,0.15,0.15,C,noise_curve_c_s14_BPIC_2020_DomesticDeclarations
BPIC_2020_DomesticDeclarations,lstm,lll,0.3,3,0.902531,0.469824,0.975262,0.00513,0.061973,0.0,0.005175,0.911297,0.734455,0.832457,0.08437,0.0,0.008322,0.990174,4566,2|3|4,1,11665,0.367669,2.1,12.58,0.06,0.17,0.0,0.6,4.42,NVIDIA A100-SXM4-80GB,a7eeb9c6f4b5df0f,f86d69189bb7,1,temporal,train,all,0.7,0.15,0.15,C,noise_curve_c_s14_BPIC_2020_DomesticDeclarations
BPIC_2020_DomesticDeclarations,lstm,gll,0.3,3,0.905723,0.47687,0.974464,0.001482,0.192301,0.001482,0.169992,0.913993,0.738682,0.835742,0.081525,0.000813,0.00219,0.992669,4566,2|3|4,3,11665,0.367669,4.6,36.79,0.06,0.17,0.0,0.6,4.42,NVIDIA A100-SXM4-80GB,a7eeb9c6f4b5df0f,f86d69189bb7,1,temporal,train,all,0.7,0.15,0.15,C,noise_curve_c_s14_BPIC_2020_DomesticDeclarations
BPIC_2020_DomesticDeclarations,lstm,baseline,0.4,3,0.902075,0.510967,0.975262,0.001596,0.315659,0.005472,0.333215,0.914668,0.789645,0.832457,0.073641,0.076242,0.008979,0.980562,4566,2|3|4,3,15553,0.274459,1.92,15.34,0.06,0.17,0.0,0.6,4.42,NVIDIA A100-SXM4-80GB,a7eeb9c6f4b5df0f,f86d69189bb7,1,temporal,train,all,0.7,0.15,0.15,C,noise_curve_c_s14_BPIC_2020_DomesticDeclarations
BPIC_2020_DomesticDeclarations,lstm,checker,0.4,3,0.902417,0.511124,0.980848,0.001368,0.235522,0.005358,0.269744,0.910983,0.779972,0.832457,0.066976,0.072828,0.009198,0.981732,4566,2|3|4,10,15553,0.274459,1.97,29.5,0.06,0.17,0.0,0.6,4.42,NVIDIA A100-SXM4-80GB,a7eeb9c6f4b5df0f,f86d69189bb7,1,temporal,train,all,0.7,0.15,0.15,C,noise_curve_c_s14_BPIC_2020_DomesticDeclarations
BPIC_2020_DomesticDeclarations,lstm,checker_net,0.4,3,0.906293,0.522265,0.975946,0.001254,0.250463,0.001482,0.236372,0.914772,0.79444,0.835304,0.075591,0.077786,0.00219,0.980251,4566,2|3|4,21,15553,0.274459,1.93,50.26,0.06,0.17,0.0,0.6,4.42,NVIDIA A100-SXM4-80GB,a7eeb9c6f4b5df0f,f86d69189bb7,1,temporal,train,all,0.7,0.15,0.15,C,noise_curve_c_s14_BPIC_2020_DomesticDeclarations
BPIC_2020_DomesticDeclarations,lstm,checker_net_state,0.4,3,0.902531,0.512903,0.975718,0.001368,0.259124,0.00513,0.253779,0.913724,0.785499,0.832019,0.069414,0.072015,0.008979,0.981644,4566,2|3|4,18,15553,0.274459,2.01,46.32,0.06,0.17,0.0,0.6,4.42,NVIDIA A100-SXM4-80GB,a7eeb9c6f4b5df0f,f86d69189bb7,1,temporal,train,all,0.7,0.15,0.15,C,noise_curve_c_s14_BPIC_2020_DomesticDeclarations
BPIC_2020_DomesticDeclarations,lstm,marking,0.4,3,0.902417,0.51141,0.97663,0.001482,0.327116,0.005358,0.336705,0.915904,0.793953,0.832457,0.070714,0.073315,0.008979,0.981075,4566,2|3|4,8,15553,0.274459,2.29,29.83,0.06,0.17,0.0,0.6,4.42,NVIDIA A100-SXM4-80GB,a7eeb9c6f4b5df0f,f86d69189bb7,1,temporal,train,all,0.7,0.15,0.15,C,noise_curve_c_s14_BPIC_2020_DomesticDeclarations
BPIC_2020_DomesticDeclarations,lstm,gnn,0.4,3,0.902645,0.511763,0.97663,0.001368,0.316199,0.005016,0.326227,0.915669,0.795334,0.832457,0.071934,0.074535,0.008979,0.980913,4566,2|3|4,6,15553,0.274459,2.88,31.65,0.06,0.17,0.0,0.6,4.42,NVIDIA A100-SXM4-80GB,a7eeb9c6f4b5df0f,f86d69189bb7,1,temporal,train,all,0.7,0.15,0.15,C,noise_curve_c_s14_BPIC_2020_DomesticDeclarations
BPIC_2020_DomesticDeclarations,lstm,seq,0.4,3,0.902303,0.511074,0.976858,0.001482,0.331021,0.005472,0.339269,0.914594,0.792815,0.832457,0.074372,0.077054,0.009198,0.9805,4566,2|3|4,5,15553,0.274459,4.35,43.54,0.06,0.17,0.0,0.6,4.42,NVIDIA A100-SXM4-80GB,a7eeb9c6f4b5df0f,f86d69189bb7,1,temporal,train,all,0.7,0.15,0.15,C,noise_curve_c_s14_BPIC_2020_DomesticDeclarations
BPIC_2020_DomesticDeclarations,lstm,lll,0.4,3,0.902303,0.469765,0.97321,0.005358,0.086995,0.0,0.006179,0.911297,0.734292,0.832457,0.08437,0.0,0.008322,0.990176,4566,2|3|4,1,15553,0.274459,2.08,12.49,0.06,0.17,0.0,0.6,4.42,NVIDIA A100-SXM4-80GB,a7eeb9c6f4b5df0f,f86d69189bb7,1,temporal,train,all,0.7,0.15,0.15,C,noise_curve_c_s14_BPIC_2020_DomesticDeclarations
BPIC_2020_DomesticDeclarations,lstm,gll,0.4,3,0.905951,0.476986,0.975148,0.001482,0.25604,0.001368,0.218248,0.913993,0.738682,0.835742,0.081525,0.000813,0.00219,0.992669,4566,2|3|4,5,15553,0.274459,4.59,45.87,0.06,0.17,0.0,0.6,4.42,NVIDIA A100-SXM4-80GB,a7eeb9c6f4b5df0f,f86d69189bb7,1,temporal,train,all,0.7,0.15,0.15,C,noise_curve_c_s14_BPIC_2020_DomesticDeclarations
BPIC_2020_DomesticDeclarations,lstm,baseline,0.5,3,0.902303,0.511074,0.992476,0.001482,0.404294,0.005472,0.415322,0.915664,0.795416,0.832457,0.071934,0.074616,0.009198,0.9809,4566,2|3|4,5,19441,0.212818,2.37,23.72,0.06,0.17,0.0,0.6,4.42,NVIDIA A100-SXM4-80GB,a7eeb9c6f4b5df0f,f86d69189bb7,1,temporal,train,all,0.7,0.15,0.15,C,noise_curve_c_s14_BPIC_2020_DomesticDeclarations
BPIC_2020_DomesticDeclarations,lstm,checker,0.5,3,0.902303,0.511074,0.997948,0.001482,0.300465,0.005472,0.340747,0.914621,0.792977,0.832457,0.074453,0.077136,0.009198,0.980474,4566,2|3|4,5,19441,0.212818,1.83,18.33,0.06,0.17,0.0,0.6,4.42,NVIDIA A100-SXM4-80GB,a7eeb9c6f4b5df0f,f86d69189bb7,1,temporal,train,all,0.7,0.15,0.15,C,noise_curve_c_s14_BPIC_2020_DomesticDeclarations
BPIC_2020_DomesticDeclarations,lstm,checker_net,0.5,3,0.902303,0.511074,0.992362,0.001482,0.331057,0.005472,0.312457,0.913304,0.791108,0.832457,0.0812,0.083882,0.009198,0.979585,4566,2|3|4,5,19441,0.212818,1.95,19.54,0.06,0.17,0.0,0.6,4.42,NVIDIA A100-SXM4-80GB,a7eeb9c6f4b5df0f,f86d69189bb7,1,temporal,train,all,0.7,0.15,0.15,C,noise_curve_c_s14_BPIC_2020_DomesticDeclarations
BPIC_2020_DomesticDeclarations,lstm,checker_net_state,0.5,3,0.902303,0.511074,0.992362,0.001482,0.35678,0.005472,0.346978,0.915873,0.795903,0.832457,0.071365,0.074047,0.009198,0.980996,4566,2|3|4,5,19441,0.212818,1.95,19.47,0.06,0.17,0.0,0.6,4.42,NVIDIA A100-SXM4-80GB,a7eeb9c6f4b5df0f,f86d69189bb7,1,temporal,train,all,0.7,0.15,0.15,C,noise_curve_c_s14_BPIC_2020_DomesticDeclarations
BPIC_2020_DomesticDeclarations,lstm,marking,0.5,3,0.902303,0.511082,0.975262,0.001368,0.419657,0.005472,0.427271,0.915465,0.73982,0.832457,0.067707,0.070389,0.009198,0.981653,4566,2|3|4,10,19441,0.212818,2.03,30.41,0.06,0.17,0.0,0.6,4.42,NVIDIA A100-SXM4-80GB,a7eeb9c6f4b5df0f,f86d69189bb7,1,temporal,train,all,0.7,0.15,0.15,C,noise_curve_c_s14_BPIC_2020_DomesticDeclarations
BPIC_2020_DomesticDeclarations,lstm,gnn,0.5,3,0.901961,0.510914,0.974578,0.001596,0.394939,0.005586,0.396056,0.915673,0.740307,0.832457,0.067138,0.06982,0.009198,0.981749,4566,2|3|4,7,19441,0.212818,2.49,29.88,0.06,0.17,0.0,0.6,4.42,NVIDIA A100-SXM4-80GB,a7eeb9c6f4b5df0f,f86d69189bb7,1,temporal,train,all,0.7,0.15,0.15,C,noise_curve_c_s14_BPIC_2020_DomesticDeclarations
BPIC_2020_DomesticDeclarations,lstm,seq,0.5,3,0.902075,0.510966,0.992248,0.001596,0.414245,0.0057,0.415905,0.91319,0.790783,0.832457,0.078517,0.0812,0.009198,0.979886,4566,2|3|4,3,19441,0.212818,3.8,30.41,0.06,0.17,0.0,0.6,4.42,NVIDIA A100-SXM4-80GB,a7eeb9c6f4b5df0f,f86d69189bb7,1,temporal,train,all,0.7,0.15,0.15,C,noise_curve_c_s14_BPIC_2020_DomesticDeclarations
BPIC_2020_DomesticDeclarations,lstm,lll,0.5,3,0.883721,0.397207,0.975262,0.024054,0.127425,0.0,0.008286,0.887214,0.699342,0.808804,0.123547,0.0,0.032633,0.983274,4566,2|3|4,1,19441,0.212818,1.98,11.86,0.06,0.17,0.0,0.6,4.42,NVIDIA A100-SXM4-80GB,a7eeb9c6f4b5df0f,f86d69189bb7,1,temporal,train,all,0.7,0.15,0.15,C,noise_curve_c_s14_BPIC_2020_DomesticDeclarations
BPIC_2020_DomesticDeclarations,lstm,gll,0.5,3,0.902531,0.51118,0.974236,0.001254,0.312119,0.005244,0.270445,0.908059,0.728115,0.832457,0.091522,0.003414,0.009198,0.991717,4566,2|3|4,5,19441,0.212818,4.64,46.38,0.06,0.17,0.0,0.6,4.42,NVIDIA A100-SXM4-80GB,a7eeb9c6f4b5df0f,f86d69189bb7,1,temporal,train,all,0.7,0.15,0.15,C,noise_curve_c_s14_BPIC_2020_DomesticDeclarations
BPIC_2020_DomesticDeclarations,lstm,baseline,0.6,3,0.901163,0.50865,0.973096,0.002964,0.468174,0.006726,0.464063,0.913817,0.790864,0.832457,0.07803,0.080712,0.009198,0.979999,4566,2|3|4,7,23329,0.170363,2.24,26.86,0.06,0.17,0.0,0.6,4.42,NVIDIA A100-SXM4-80GB,a7eeb9c6f4b5df0f,f86d69189bb7,1,temporal,train,all,0.7,0.15,0.15,C,noise_curve_c_s14_BPIC_2020_DomesticDeclarations
BPIC_2020_DomesticDeclarations,lstm,checker,0.6,3,0.902075,0.510963,0.980962,0.001596,0.363174,0.005472,0.396095,0.914112,0.791596,0.832457,0.073641,0.076811,0.008979,0.98047,4566,2|3|4,9,23329,0.170363,2.42,33.93,0.06,0.17,0.0,0.6,4.42,NVIDIA A100-SXM4-80GB,a7eeb9c6f4b5df0f,f86d69189bb7,1,temporal,train,all,0.7,0.15,0.15,C,noise_curve_c_s14_BPIC_2020_DomesticDeclarations
BPIC_2020_DomesticDeclarations,lstm,checker_net,0.6,3,0.901847,0.510903,0.969334,0.005586,0.401039,0.0057,0.360196,0.914136,0.792165,0.832457,0.075591,0.075673,0.00219,0.980711,4566,2|3|4,7,23329,0.170363,2.45,29.45,0.06,0.17,0.0,0.6,4.42,NVIDIA A100-SXM4-80GB,a7eeb9c6f4b5df0f,f86d69189bb7,1,temporal,train,all,0.7,0.15,0.15,C,noise_curve_c_s14_BPIC_2020_DomesticDeclarations
BPIC_2020_DomesticDeclarations,lstm,checker_net_state,0.6,3,0.901961,0.510647,0.974008,0.001824,0.422949,0.005814,0.392481,0.913363,0.789238,0.832457,0.079574,0.082256,0.009198,0.979776,4566,2|3|4,9,23329,0.170363,2.42,33.82,0.06,0.17,0.0,0.6,4.42,NVIDIA A100-SXM4-80GB,a7eeb9c6f4b5df0f,f86d69189bb7,1,temporal,train,all,0.7,0.15,0.15,C,noise_curve_c_s14_BPIC_2020_DomesticDeclarations
BPIC_2020_DomesticDeclarations,lstm,marking,0.6,3,0.901961,0.510643,0.968992,0.001824,0.470646,0.005814,0.469049,0.912833,0.78932,0.832457,0.0825,0.085182,0.009198,0.979338,4566,2|3|4,11,23329,0.170363,2.62,41.86,0.06,0.17,0.0,0.6,4.42,NVIDIA A100-SXM4-80GB,a7eeb9c6f4b5df0f,f86d69189bb7,1,temporal,train,all,0.7,0.15,0.15,C,noise_curve_c_s14_BPIC_2020_DomesticDeclarations
BPIC_2020_DomesticDeclarations,lstm,gnn,0.6,3,0.898199,0.518778,0.977998,0.00171,0.489148,0.005586,0.488297,0.906328,0.774201,0.813403,0.063562,0.066163,0.008979,0.980201,4566,2|3|4,8,23329,0.170363,2.67,34.77,0.06,0.17,0.0,0.6,4.42,NVIDIA A100-SXM4-80GB,a7eeb9c6f4b5df0f,f86d69189bb7,1,temporal,train,all,0.7,0.15,0.15,C,noise_curve_c_s14_BPIC_2020_DomesticDeclarations
BPIC_2020_DomesticDeclarations,lstm,seq,0.6,3,0.901163,0.510804,0.971386,0.006384,0.481591,0.006612,0.48169,0.913122,0.78997,0.831581,0.080143,0.080306,0.003942,0.980124,4566,2|3|4,7,23329,0.170363,4.16,49.87,0.06,0.17,0.0,0.6,4.42,NVIDIA A100-SXM4-80GB,a7eeb9c6f4b5df0f,f86d69189bb7,1,temporal,train,all,0.7,0.15,0.15,C,noise_curve_c_s14_BPIC_2020_DomesticDeclarations
BPIC_2020_DomesticDeclarations,lstm,lll,0.6,3,0.884633,0.397408,0.974236,0.023142,0.16216,0.0,0.010659,0.881933,0.691782,0.80968,0.139397,0.0,0.031099,0.981324,4566,2|3|4,1,23329,0.170363,2.06,12.39,0.06,0.17,0.0,0.6,4.42,NVIDIA A100-SXM4-80GB,a7eeb9c6f4b5df0f,f86d69189bb7,1,temporal,train,all,0.7,0.15,0.15,C,noise_curve_c_s14_BPIC_2020_DomesticDeclarations
BPIC_2020_DomesticDeclarations,lstm,gll,0.6,3,0.902531,0.469727,0.968536,0.005016,0.399525,0.000456,0.323833,0.908059,0.728115,0.832457,0.094042,0.000244,0.00876,0.991763,4566,2|3|4,7,23329,0.170363,4.57,54.8,0.06,0.17,0.0,0.6,4.42,NVIDIA A100-SXM4-80GB,a7eeb9c6f4b5df0f,f86d69189bb7,1,temporal,train,all,0.7,0.15,0.15,C,noise_curve_c_s14_BPIC_2020_DomesticDeclarations
BPIC_2020_DomesticDeclarations,lstm,baseline,0.7,3,0.879959,0.426698,0.950866,0.02394,0.571929,0.028044,0.573603,0.889615,0.751605,0.805738,0.106884,0.109567,0.017083,0.976714,4566,2|3|4,2,27217,0.150633,2.41,16.87,0.06,0.17,0.0,0.6,4.42,NVIDIA A100-SXM4-80GB,a7eeb9c6f4b5df0f,f86d69189bb7,1,temporal,train,all,0.7,0.15,0.15,C,noise_curve_c_s14_BPIC_2020_DomesticDeclarations
BPIC_2020_DomesticDeclarations,lstm,checker,0.7,3,0.897857,0.508855,0.97549,0.005928,0.462528,0.009918,0.502142,0.91175,0.787206,0.828515,0.083313,0.085995,0.017083,0.97949,4566,2|3|4,6,27217,0.150633,2.27,24.95,0.06,0.17,0.0,0.6,4.42,NVIDIA A100-SXM4-80GB,a7eeb9c6f4b5df0f,f86d69189bb7,1,temporal,train,all,0.7,0.15,0.15,C,noise_curve_c_s14_BPIC_2020_DomesticDeclarations
BPIC_2020_DomesticDeclarations,lstm,checker_net,0.7,3,0.897857,0.508861,0.970246,0.005814,0.503715,0.009918,0.453124,0.912911,0.789564,0.828515,0.080956,0.083638,0.017083,0.979877,4566,2|3|4,6,27217,0.150633,1.96,21.57,0.06,0.17,0.0,0.6,4.42,NVIDIA A100-SXM4-80GB,a7eeb9c6f4b5df0f,f86d69189bb7,1,temporal,train,all,0.7,0.15,0.15,C,noise_curve_c_s14_BPIC_2020_DomesticDeclarations
BPIC_2020_DomesticDeclarations,lstm,checker_net_state,0.7,3,0.879959,0.426704,0.970246,0.02394,0.537191,0.02793,0.502267,0.889355,0.750711,0.805738,0.107291,0.109973,0.017083,0.976654,4566,2|3|4,6,27217,0.150633,1.98,21.81,0.06,0.17,0.0,0.6,4.42,NVIDIA A100-SXM4-80GB,a7eeb9c6f4b5df0f,f86d69189bb7,1,temporal,train,all,0.7,0.15,0.15,C,noise_curve_c_s14_BPIC_2020_DomesticDeclarations
BPIC_2020_DomesticDeclarations,lstm,marking,0.7,3,0.895919,0.506064,0.967282,0.00798,0.585789,0.01197,0.570501,0.914131,0.737137,0.828515,0.075104,0.077217,0.016864,0.982565,4566,2|3|4,12,27217,0.150633,2.11,35.9,0.06,0.17,0.0,0.6,4.42,NVIDIA A100-SXM4-80GB,a7eeb9c6f4b5df0f,f86d69189bb7,1,temporal,train,all,0.7,0.15,0.15,C,noise_curve_c_s14_BPIC_2020_DomesticDeclarations
BPIC_2020_DomesticDeclarations,lstm,gnn,0.7,3,0.879959,0.426791,0.950752,0.02394,0.567703,0.028044,0.560803,0.889603,0.751199,0.805738,0.106153,0.108835,0.015331,0.976869,4566,2|3|4,2,27217,0.150633,2.71,18.95,0.06,0.17,0.0,0.6,4.42,NVIDIA A100-SXM4-80GB,a7eeb9c6f4b5df0f,f86d69189bb7,1,temporal,train,all,0.7,0.15,0.15,C,noise_curve_c_s14_BPIC_2020_DomesticDeclarations
BPIC_2020_DomesticDeclarations,lstm,seq,0.7,3,0.878819,0.426163,0.96751,0.02508,0.577366,0.02907,0.571759,0.891618,0.755994,0.805738,0.094367,0.09705,0.03986,0.979178,4566,2|3|4,10,27217,0.150633,4.39,65.84,0.06,0.17,0.0,0.6,4.42,NVIDIA A100-SXM4-80GB,a7eeb9c6f4b5df0f,f86d69189bb7,1,temporal,train,all,0.7,0.15,0.15,C,noise_curve_c_s14_BPIC_2020_DomesticDeclarations
BPIC_2020_DomesticDeclarations,lstm,lll,0.7,3,0.862517,0.392459,0.972184,0.04047,0.23864,0.0,0.014475,0.871028,0.672519,0.792378,0.165488,0.0,0.06198,0.977807,4566,2|3|4,1,27217,0.150633,2.08,12.46,0.06,0.17,0.0,0.6,4.42,NVIDIA A100-SXM4-80GB,a7eeb9c6f4b5df0f,f86d69189bb7,1,temporal,train,all,0.7,0.15,0.15,C,noise_curve_c_s14_BPIC_2020_DomesticDeclarations
BPIC_2020_DomesticDeclarations,lstm,gll,0.7,3,0.896717,0.468128,0.971956,0.010716,0.469502,0.001026,0.385991,0.901618,0.717955,0.828515,0.111355,0.00065,0.016645,0.990613,4566,2|3|4,6,27217,0.150633,4.6,50.58,0.06,0.17,0.0,0.6,4.42,NVIDIA A100-SXM4-80GB,a7eeb9c6f4b5df0f,f86d69189bb7,1,temporal,train,all,0.7,0.15,0.15,C,noise_curve_c_s14_BPIC_2020_DomesticDeclarations
BPIC_2020_DomesticDeclarations,lstm,baseline,0.8,3,0.849863,0.411087,0.941746,0.060762,0.665844,0.064865,0.650261,0.860928,0.709827,0.779019,0.193449,0.196131,0.062637,0.959803,4566,2|3|4,4,31106,0.139339,1.96,17.6,0.06,0.17,0.0,0.6,4.42,NVIDIA A100-SXM4-80GB,a7eeb9c6f4b5df0f,f86d69189bb7,1,temporal,train,all,0.7,0.15,0.15,C,noise_curve_c_s14_BPIC_2020_DomesticDeclarations
BPIC_2020_DomesticDeclarations,lstm,checker,0.8,3,0.875399,0.373153,0.974806,0.006612,0.541666,0.029412,0.57699,0.879028,0.730391,0.793254,0.099813,0.115907,0.016864,0.97385,4566,2|3|4,13,31106,0.139339,1.96,35.36,0.06,0.17,0.0,0.6,4.42,NVIDIA A100-SXM4-80GB,a7eeb9c6f4b5df0f,f86d69189bb7,1,temporal,train,all,0.7,0.15,0.15,C,noise_curve_c_s14_BPIC_2020_DomesticDeclarations
BPIC_2020_DomesticDeclarations,lstm,checker_net,0.8,3,0.895349,0.464232,0.972298,0.011286,0.617589,0.011742,0.550808,0.907427,0.781517,0.828515,0.10152,0.101683,0.010293,0.976956,4566,2|3|4,8,31106,0.139339,1.97,25.55,0.06,0.17,0.0,0.6,4.42,NVIDIA A100-SXM4-80GB,a7eeb9c6f4b5df0f,f86d69189bb7,1,temporal,train,all,0.7,0.15,0.15,C,noise_curve_c_s14_BPIC_2020_DomesticDeclarations
BPIC_2020_DomesticDeclarations,lstm,checker_net_state,0.8,3,0.872777,0.42745,0.959188,0.030894,0.642576,0.035112,0.59108,0.880749,0.742095,0.805738,0.141591,0.144274,0.017083,0.96953,4566,2|3|4,11,31106,0.139339,1.98,31.75,0.06,0.17,0.0,0.6,4.42,NVIDIA A100-SXM4-80GB,a7eeb9c6f4b5df0f,f86d69189bb7,1,temporal,train,all,0.7,0.15,0.15,C,noise_curve_c_s14_BPIC_2020_DomesticDeclarations
BPIC_2020_DomesticDeclarations,lstm,marking,0.8,3,0.874601,0.423968,0.96238,0.029298,0.660121,0.033402,0.638671,0.880823,0.741852,0.805738,0.141754,0.144436,0.017083,0.969706,4566,2|3|4,6,31106,0.139339,2.16,23.71,0.06,0.17,0.0,0.6,4.42,NVIDIA A100-SXM4-80GB,a7eeb9c6f4b5df0f,f86d69189bb7,1,temporal,train,all,0.7,0.15,0.15,C,noise_curve_c_s14_BPIC_2020_DomesticDeclarations
BPIC_2020_DomesticDeclarations,lstm,gnn,0.8,3,0.817715,0.394527,0.962836,0.086867,0.667572,0.090971,0.653675,0.84499,0.702918,0.69251,0.224092,0.226774,0.163601,0.950755,4566,2|3|4,7,31106,0.139339,2.69,32.29,0.06,0.17,0.0,0.6,4.42,NVIDIA A100-SXM4-80GB,a7eeb9c6f4b5df0f,f86d69189bb7,1,temporal,train,all,0.7,0.15,0.15,C,noise_curve_c_s14_BPIC_2020_DomesticDeclarations
BPIC_2020_DomesticDeclarations,lstm,seq,0.8,3,0.849977,0.411775,0.943228,0.054834,0.660446,0.058938,0.643897,0.863035,0.708526,0.779019,0.16687,0.169552,0.062637,0.967954,4566,2|3|4,7,31106,0.139339,4.44,53.33,0.06,0.17,0.0,0.6,4.42,NVIDIA A100-SXM4-80GB,a7eeb9c6f4b5df0f,f86d69189bb7,1,temporal,train,all,0.7,0.15,0.15,C,noise_curve_c_s14_BPIC_2020_DomesticDeclarations
BPIC_2020_DomesticDeclarations,lstm,lll,0.8,3,0.872435,0.447619,0.957706,0.018582,0.317695,0.0,0.002455,0.871631,0.663172,0.788874,0.134764,0.0,0.083881,0.984175,4566,2|3|4,5,31106,0.139339,2.09,20.86,0.06,0.17,0.0,0.6,4.42,NVIDIA A100-SXM4-80GB,a7eeb9c6f4b5df0f,f86d69189bb7,1,temporal,train,all,0.7,0.15,0.15,C,noise_curve_c_s14_BPIC_2020_DomesticDeclarations
BPIC_2020_DomesticDeclarations,lstm,gll,0.8,3,0.773028,0.37304,0.971386,0.205312,0.574723,0.0,0.437675,0.608402,0.440055,0.594831,0.546696,0.0,0.031099,0.942757,4566,2|3|4,8,31106,0.139339,4.57,59.43,0.06,0.17,0.0,0.6,4.42,NVIDIA A100-SXM4-80GB,a7eeb9c6f4b5df0f,f86d69189bb7,1,temporal,train,all,0.7,0.15,0.15,C,noise_curve_c_s14_BPIC_2020_DomesticDeclarations
BPIC_2020_DomesticDeclarations,lstm,baseline,0.0,4,0.907547,0.523588,0.998404,0.0,0.001102,0.001026,0.040258,0.917015,0.799724,0.837057,0.077867,0.078843,0.0,0.980109,4566,2|3|4,3,0,0.999456,1.9,15.18,0.06,0.17,0.0,0.6,4.42,NVIDIA A100-SXM4-80GB,a7eeb9c6f4b5df0f,f86d69189bb7,1,temporal,train,all,0.7,0.15,0.15,C,noise_curve_c_s14_BPIC_2020_DomesticDeclarations
BPIC_2020_DomesticDeclarations,lstm,checker,0.0,4,0.907547,0.523588,0.998974,0.0,0.00076,0.001026,0.040303,0.917059,0.799967,0.837057,0.078192,0.078924,0.0,0.980063,4566,2|3|4,3,0,0.999456,1.97,15.74,0.06,0.17,0.0,0.6,4.42,NVIDIA A100-SXM4-80GB,a7eeb9c6f4b5df0f,f86d69189bb7,1,temporal,train,all,0.7,0.15,0.15,C,noise_curve_c_s14_BPIC_2020_DomesticDeclarations
BPIC_2020_DomesticDeclarations,lstm,checker_net,0.0,4,0.907547,0.523588,0.998404,0.0,0.000825,0.001026,0.027991,0.917059,0.799967,0.837057,0.078192,0.078924,0.0,0.980063,4566,2|3|4,3,0,0.999456,1.97,15.77,0.06,0.17,0.0,0.6,4.42,NVIDIA A100-SXM4-80GB,a7eeb9c6f4b5df0f,f86d69189bb7,1,temporal,train,all,0.7,0.15,0.15,C,noise_curve_c_s14_BPIC_2020_DomesticDeclarations
BPIC_2020_DomesticDeclarations,lstm,checker_net_state,0.0,4,0.907547,0.523588,0.998404,0.0,0.000906,0.001026,0.028678,0.917163,0.799805,0.837057,0.075998,0.077217,0.0,0.980301,4566,2|3|4,3,0,0.999456,1.99,15.94,0.06,0.17,0.0,0.6,4.42,NVIDIA A100-SXM4-80GB,a7eeb9c6f4b5df0f,f86d69189bb7,1,temporal,train,all,0.7,0.15,0.15,C,noise_curve_c_s14_BPIC_2020_DomesticDeclarations
BPIC_2020_DomesticDeclarations,lstm,marking,0.0,4,0.907661,0.523842,0.981874,0.0,0.00038,0.00114,0.037302,0.916273,0.795172,0.837276,0.064537,0.070877,0.0,0.98169,4566,2|3|4,8,0,0.999456,2.12,27.6,0.06,0.17,0.0,0.6,4.42,NVIDIA A100-SXM4-80GB,a7eeb9c6f4b5df0f,f86d69189bb7,1,temporal,train,all,0.7,0.15,0.15,C,noise_curve_c_s14_BPIC_2020_DomesticDeclarations
BPIC_2020_DomesticDeclarations,lstm,gnn,0.0,4,0.907547,0.523588,0.981874,0.0,0.001383,0.001026,0.03016,0.919027,0.802081,0.837057,0.067545,0.068195,0.0,0.981542,4566,2|3|4,2,0,0.999456,2.67,18.69,0.06,0.17,0.0,0.6,4.42,NVIDIA A100-SXM4-80GB,a7eeb9c6f4b5df0f,f86d69189bb7,1,temporal,train,all,0.7,0.15,0.15,C,noise_curve_c_s14_BPIC_2020_DomesticDeclarations
BPIC_2020_DomesticDeclarations,lstm,seq,0.0,4,0.907433,0.524767,0.981646,0.0,0.001453,0.001026,0.039086,0.91679,0.79883,0.83618,0.076404,0.077054,0.0,0.98027,4566,2|3|4,3,0,0.999456,4.07,32.57,0.06,0.17,0.0,0.6,4.42,NVIDIA A100-SXM4-80GB,a7eeb9c6f4b5df0f,f86d69189bb7,1,temporal,train,all,0.7,0.15,0.15,C,noise_curve_c_s14_BPIC_2020_DomesticDeclarations
BPIC_2020_DomesticDeclarations,lstm,lll,0.0,4,0.906521,0.478029,0.97549,0.001254,0.00659,0.0,0.00189,0.915634,0.797204,0.835961,0.08185,0.077461,0.000219,0.979972,4566,2|3|4,1,0,0.999456,2.03,12.17,0.06,0.17,0.0,0.6,4.42,NVIDIA A100-SXM4-80GB,a7eeb9c6f4b5df0f,f86d69189bb7,1,temporal,train,all,0.7,0.15,0.15,C,noise_curve_c_s14_BPIC_2020_DomesticDeclarations
BPIC_2020_DomesticDeclarations,lstm,gll,0.0,4,0.907547,0.523588,0.997948,0.0,0.003102,0.001026,0.021121,0.915735,0.741689,0.837057,0.078274,0.00065,0.0,0.992833,4566,2|3|4,6,0,0.999456,4.59,50.5,0.06,0.17,0.0,0.6,4.42,NVIDIA A100-SXM4-80GB,a7eeb9c6f4b5df0f,f86d69189bb7,1,temporal,train,all,0.7,0.15,0.15,C,noise_curve_c_s14_BPIC_2020_DomesticDeclarations
BPIC_2020_DomesticDeclarations,lstm,baseline,0.1,4,0.907547,0.523588,0.980848,0.000228,0.078829,0.001026,0.112627,0.917146,0.800049,0.837057,0.078274,0.078843,0.0,0.980076,4566,2|3|4,3,3888,0.706082,2.02,16.18,0.06,0.17,0.0,0.6,4.42,NVIDIA A100-SXM4-80GB,a7eeb9c6f4b5df0f,f86d69189bb7,1,temporal,train,all,0.7,0.15,0.15,C,noise_curve_c_s14_BPIC_2020_DomesticDeclarations
BPIC_2020_DomesticDeclarations,lstm,checker,0.1,4,0.907547,0.523588,0.99829,0.000228,0.053205,0.001026,0.092524,0.918901,0.746566,0.837057,0.063318,0.063887,0.0,0.982483,4566,2|3|4,3,3888,0.706082,1.97,15.78,0.06,0.17,0.0,0.6,4.42,NVIDIA A100-SXM4-80GB,a7eeb9c6f4b5df0f,f86d69189bb7,1,temporal,train,all,0.7,0.15,0.15,C,noise_curve_c_s14_BPIC_2020_DomesticDeclarations
BPIC_2020_DomesticDeclarations,lstm,checker_net,0.1,4,0.907547,0.523588,0.997948,0.000228,0.059677,0.001026,0.078923,0.91826,0.79127,0.837057,0.071852,0.072421,0.0,0.981213,4566,2|3|4,3,3888,0.706082,1.97,15.77,0.06,0.17,0.0,0.6,4.42,NVIDIA A100-SXM4-80GB,a7eeb9c6f4b5df0f,f86d69189bb7,1,temporal,train,all,0.7,0.15,0.15,C,noise_curve_c_s14_BPIC_2020_DomesticDeclarations
BPIC_2020_DomesticDeclarations,lstm,checker_net_state,0.1,4,0.907547,0.523588,0.997948,0.000228,0.064438,0.001026,0.085544,0.918901,0.746647,0.837057,0.063562,0.064131,0.0,0.98245,4566,2|3|4,3,3888,0.706082,1.99,15.92,0.06,0.17,0.0,0.6,4.42,NVIDIA A100-SXM4-80GB,a7eeb9c6f4b5df0f,f86d69189bb7,1,temporal,train,all,0.7,0.15,0.15,C,noise_curve_c_s14_BPIC_2020_DomesticDeclarations
BPIC_2020_DomesticDeclarations,lstm,marking,0.1,4,0.907547,0.523588,0.980848,0.000114,0.067439,0.001026,0.106374,0.918511,0.801105,0.837057,0.064618,0.065594,0.0,0.981912,4566,2|3|4,7,3888,0.706082,2.13,25.51,0.06,0.17,0.0,0.6,4.42,NVIDIA A100-SXM4-80GB,a7eeb9c6f4b5df0f,f86d69189bb7,1,temporal,train,all,0.7,0.15,0.15,C,noise_curve_c_s14_BPIC_2020_DomesticDeclarations
BPIC_2020_DomesticDeclarations,lstm,gnn,0.1,4,0.907433,0.523329,0.980962,0.000228,0.077734,0.00114,0.109471,0.917146,0.800049,0.837057,0.078274,0.078843,0.0,0.980076,4566,2|3|4,6,3888,0.706082,2.66,29.26,0.06,0.17,0.0,0.6,4.42,NVIDIA A100-SXM4-80GB,a7eeb9c6f4b5df0f,f86d69189bb7,1,temporal,train,all,0.7,0.15,0.15,C,noise_curve_c_s14_BPIC_2020_DomesticDeclarations
BPIC_2020_DomesticDeclarations,lstm,seq,0.1,4,0.907433,0.523535,0.980734,0.000228,0.077889,0.00114,0.108027,0.917146,0.800049,0.837057,0.078274,0.078843,0.0,0.980076,4566,2|3|4,3,3888,0.706082,4.07,32.6,0.06,0.17,0.0,0.6,4.42,NVIDIA A100-SXM4-80GB,a7eeb9c6f4b5df0f,f86d69189bb7,1,temporal,train,all,0.7,0.15,0.15,C,noise_curve_c_s14_BPIC_2020_DomesticDeclarations
BPIC_2020_DomesticDeclarations,lstm,lll,0.1,4,0.906521,0.478028,0.975262,0.00114,0.018559,0.0,0.001051,0.915194,0.741689,0.835961,0.081769,0.0,0.001533,0.99079,4566,2|3|4,2,3888,0.706082,2.02,14.16,0.06,0.17,0.0,0.6,4.42,NVIDIA A100-SXM4-80GB,a7eeb9c6f4b5df0f,f86d69189bb7,1,temporal,train,all,0.7,0.15,0.15,C,noise_curve_c_s14_BPIC_2020_DomesticDeclarations
BPIC_2020_DomesticDeclarations,lstm,gll,0.1,4,0.907547,0.523588,0.997378,0.000228,0.056164,0.001026,0.061565,0.915808,0.741689,0.837057,0.078274,0.00065,0.0,0.992835,4566,2|3|4,8,3888,0.706082,4.58,59.56,0.06,0.17,0.0,0.6,4.42,NVIDIA A100-SXM4-80GB,a7eeb9c6f4b5df0f,f86d69189bb7,1,temporal,train,all,0.7,0.15,0.15,C,noise_curve_c_s14_BPIC_2020_DomesticDeclarations
BPIC_2020_DomesticDeclarations,lstm,baseline,0.2,4,0.906293,0.52067,0.997606,0.001026,0.151067,0.001482,0.178044,0.916044,0.793384,0.835742,0.072015,0.072178,0.002409,0.981136,4566,2|3|4,13,7776,0.513267,1.83,32.98,0.06,0.17,0.0,0.6,4.42,NVIDIA A100-SXM4-80GB,a7eeb9c6f4b5df0f,f86d69189bb7,1,temporal,train,all,0.7,0.15,0.15,C,noise_curve_c_s14_BPIC_2020_DomesticDeclarations
BPIC_2020_DomesticDeclarations,lstm,checker,0.2,4,0.907205,0.522807,0.998632,0.0,0.101843,0.001368,0.140962,0.918951,0.800618,0.836837,0.065106,0.065919,0.000438,0.982004,4566,2|3|4,13,7776,0.513267,1.96,35.32,0.06,0.17,0.0,0.6,4.42,NVIDIA A100-SXM4-80GB,a7eeb9c6f4b5df0f,f86d69189bb7,1,temporal,train,all,0.7,0.15,0.15,C,noise_curve_c_s14_BPIC_2020_DomesticDeclarations
BPIC_2020_DomesticDeclarations,lstm,checker_net,0.2,4,0.906407,0.520941,0.997606,0.001026,0.112735,0.001368,0.122484,0.917984,0.800943,0.835742,0.066325,0.066488,0.002409,0.981921,4566,2|3|4,13,7776,0.513267,1.96,35.21,0.06,0.17,0.0,0.6,4.42,NVIDIA A100-SXM4-80GB,a7eeb9c6f4b5df0f,f86d69189bb7,1,temporal,train,all,0.7,0.15,0.15,C,noise_curve_c_s14_BPIC_2020_DomesticDeclarations
BPIC_2020_DomesticDeclarations,lstm,checker_net_state,0.2,4,0.906293,0.52067,0.997834,0.001026,0.119743,0.001482,0.132105,0.916784,0.747297,0.835742,0.068601,0.068764,0.002409,0.981513,4566,2|3|4,13,7776,0.513267,1.98,35.62,0.06,0.17,0.0,0.6,4.42,NVIDIA A100-SXM4-80GB,a7eeb9c6f4b5df0f,f86d69189bb7,1,temporal,train,all,0.7,0.15,0.15,C,noise_curve_c_s14_BPIC_2020_DomesticDeclarations
BPIC_2020_DomesticDeclarations,lstm,marking,0.2,4,0.906179,0.520407,0.980392,0.00114,0.148172,0.001482,0.170747,0.918115,0.800699,0.835742,0.068926,0.069089,0.002409,0.981451,4566,2|3|4,5,7776,0.513267,2.06,20.62,0.06,0.17,0.0,0.6,4.42,NVIDIA A100-SXM4-80GB,a7eeb9c6f4b5df0f,f86d69189bb7,1,temporal,train,all,0.7,0.15,0.15,C,noise_curve_c_s14_BPIC_2020_DomesticDeclarations
BPIC_2020_DomesticDeclarations,lstm,gnn,0.2,4,0.906179,0.520407,0.997834,0.00114,0.130664,0.001368,0.155104,0.918151,0.800699,0.835742,0.068845,0.068926,0.00219,0.981464,4566,2|3|4,2,7776,0.513267,2.67,18.7,0.06,0.17,0.0,0.6,4.42,NVIDIA A100-SXM4-80GB,a7eeb9c6f4b5df0f,f86d69189bb7,1,temporal,train,all,0.7,0.15,0.15,C,noise_curve_c_s14_BPIC_2020_DomesticDeclarations
BPIC_2020_DomesticDeclarations,lstm,seq,0.2,4,0.906179,0.520402,0.997492,0.001254,0.165917,0.001368,0.193237,0.916811,0.797285,0.835742,0.073478,0.073966,0.00219,0.980811,4566,2|3|4,1,7776,0.513267,4.09,24.54,0.06,0.17,0.0,0.6,4.42,NVIDIA A100-SXM4-80GB,a7eeb9c6f4b5df0f,f86d69189bb7,1,temporal,train,all,0.7,0.15,0.15,C,noise_curve_c_s14_BPIC_2020_DomesticDeclarations
BPIC_2020_DomesticDeclarations,lstm,lll,0.2,4,0.906521,0.478028,0.975376,0.00114,0.040258,0.0,0.00346,0.915893,0.742827,0.835961,0.07421,0.0,0.001533,0.991423,4566,2|3|4,1,7776,0.513267,2.03,12.15,0.06,0.17,0.0,0.6,4.42,NVIDIA A100-SXM4-80GB,a7eeb9c6f4b5df0f,f86d69189bb7,1,temporal,train,all,0.7,0.15,0.15,C,noise_curve_c_s14_BPIC_2020_DomesticDeclarations
BPIC_2020_DomesticDeclarations,lstm,gll,0.2,4,0.906179,0.520407,0.993388,0.00114,0.109139,0.001368,0.111828,0.913993,0.738682,0.835742,0.081525,0.000813,0.00219,0.992669,4566,2|3|4,10,7776,0.513267,4.58,68.75,0.06,0.17,0.0,0.6,4.42,NVIDIA A100-SXM4-80GB,a7eeb9c6f4b5df0f,f86d69189bb7,1,temporal,train,all,0.7,0.15,0.15,C,noise_curve_c_s14_BPIC_2020_DomesticDeclarations
BPIC_2020_DomesticDeclarations,lstm,baseline,0.3,4,0.905951,0.520296,0.993388,0.001482,0.255608,0.001596,0.274468,0.916487,0.799236,0.835742,0.074047,0.074128,0.00219,0.980724,4566,2|3|4,2,11665,0.371207,1.9,13.33,0.06,0.17,0.0,0.6,4.42,NVIDIA A100-SXM4-80GB,a7eeb9c6f4b5df0f,f86d69189bb7,1,temporal,train,all,0.7,0.15,0.15,C,noise_curve_c_s14_BPIC_2020_DomesticDeclarations
BPIC_2020_DomesticDeclarations,lstm,checker,0.3,4,0.905951,0.520296,0.980848,0.001482,0.184481,0.001596,0.220771,0.91779,0.799399,0.835742,0.06982,0.069902,0.00219,0.981333,4566,2|3|4,2,11665,0.371207,1.97,13.82,0.06,0.17,0.0,0.6,4.42,NVIDIA A100-SXM4-80GB,a7eeb9c6f4b5df0f,f86d69189bb7,1,temporal,train,all,0.7,0.15,0.15,C,noise_curve_c_s14_BPIC_2020_DomesticDeclarations
BPIC_2020_DomesticDeclarations,lstm,checker_net,0.3,4,0.906065,0.520349,0.992362,0.001368,0.201782,0.001482,0.200601,0.917915,0.80013,0.835742,0.069495,0.069577,0.00219,0.981357,4566,2|3|4,2,11665,0.371207,1.98,13.85,0.06,0.17,0.0,0.6,4.42,NVIDIA A100-SXM4-80GB,a7eeb9c6f4b5df0f,f86d69189bb7,1,temporal,train,all,0.7,0.15,0.15,C,noise_curve_c_s14_BPIC_2020_DomesticDeclarations
BPIC_2020_DomesticDeclarations,lstm,checker_net_state,0.3,4,0.906179,0.520621,0.980278,0.00114,0.197347,0.001482,0.199389,0.919863,0.749655,0.835742,0.062586,0.062749,0.00219,0.982767,4566,2|3|4,12,11665,0.371207,1.98,33.64,0.06,0.17,0.0,0.6,4.42,NVIDIA A100-SXM4-80GB,a7eeb9c6f4b5df0f,f86d69189bb7,1,temporal,train,all,0.7,0.15,0.15,C,noise_curve_c_s14_BPIC_2020_DomesticDeclarations
BPIC_2020_DomesticDeclarations,lstm,marking,0.3,4,0.906065,0.520349,0.97663,0.001368,0.240158,0.001482,0.257843,0.918151,0.800699,0.835742,0.068845,0.068926,0.00219,0.981464,4566,2|3|4,5,11665,0.371207,2.15,21.53,0.06,0.17,0.0,0.6,4.42,NVIDIA A100-SXM4-80GB,a7eeb9c6f4b5df0f,f86d69189bb7,1,temporal,train,all,0.7,0.15,0.15,C,noise_curve_c_s14_BPIC_2020_DomesticDeclarations
BPIC_2020_DomesticDeclarations,lstm,gnn,0.3,4,0.905723,0.520189,0.995326,0.001596,0.240592,0.00171,0.259712,0.918151,0.800699,0.835742,0.068845,0.068926,0.00219,0.981464,4566,2|3|4,12,11665,0.371207,2.68,45.6,0.06,0.17,0.0,0.6,4.42,NVIDIA A100-SXM4-80GB,a7eeb9c6f4b5df0f,f86d69189bb7,1,temporal,train,all,0.7,0.15,0.15,C,noise_curve_c_s14_BPIC_2020_DomesticDeclarations
BPIC_2020_DomesticDeclarations,lstm,seq,0.3,4,0.905723,0.520196,0.980506,0.001482,0.225586,0.001596,0.246168,0.918833,0.788832,0.835742,0.065594,0.065675,0.00219,0.982232,4566,2|3|4,6,11665,0.371207,4.39,48.3,0.06,0.17,0.0,0.6,4.42,NVIDIA A100-SXM4-80GB,a7eeb9c6f4b5df0f,f86d69189bb7,1,temporal,train,all,0.7,0.15,0.15,C,noise_curve_c_s14_BPIC_2020_DomesticDeclarations
BPIC_2020_DomesticDeclarations,lstm,lll,0.3,4,0.906521,0.478028,0.974236,0.001026,0.056368,0.0,0.001764,0.915194,0.741689,0.835961,0.081769,0.0,0.001533,0.99079,4566,2|3|4,2,11665,0.371207,2.34,16.4,0.06,0.17,0.0,0.6,4.42,NVIDIA A100-SXM4-80GB,a7eeb9c6f4b5df0f,f86d69189bb7,1,temporal,train,all,0.7,0.15,0.15,C,noise_curve_c_s14_BPIC_2020_DomesticDeclarations
BPIC_2020_DomesticDeclarations,lstm,gll,0.3,4,0.905951,0.520295,0.992362,0.001368,0.194532,0.001596,0.162505,0.913847,0.738682,0.835742,0.081769,0.000894,0.002409,0.992637,4566,2|3|4,4,11665,0.371207,4.61,41.49,0.06,0.17,0.0,0.6,4.42,NVIDIA A100-SXM4-80GB,a7eeb9c6f4b5df0f,f86d69189bb7,1,temporal,train,all,0.7,0.15,0.15,C,noise_curve_c_s14_BPIC_2020_DomesticDeclarations
BPIC_2020_DomesticDeclarations,lstm,baseline,0.4,4,0.902303,0.511071,0.993388,0.001482,0.340833,0.005472,0.341451,0.914585,0.792977,0.832457,0.074453,0.077136,0.009198,0.980471,4566,2|3|4,3,15553,0.273507,2.16,17.26,0.06,0.17,0.0,0.6,4.42,NVIDIA A100-SXM4-80GB,a7eeb9c6f4b5df0f,f86d69189bb7,1,temporal,train,all,0.7,0.15,0.15,C,noise_curve_c_s14_BPIC_2020_DomesticDeclarations
BPIC_2020_DomesticDeclarations,lstm,checker,0.4,4,0.902531,0.511181,0.99772,0.001254,0.252685,0.005244,0.278352,0.914585,0.792977,0.832457,0.074453,0.077136,0.009198,0.980471,4566,2|3|4,3,15553,0.273507,2.31,18.48,0.06,0.17,0.0,0.6,4.42,NVIDIA A100-SXM4-80GB,a7eeb9c6f4b5df0f,f86d69189bb7,1,temporal,train,all,0.7,0.15,0.15,C,noise_curve_c_s14_BPIC_2020_DomesticDeclarations
BPIC_2020_DomesticDeclarations,lstm,checker_net,0.4,4,0.902417,0.511128,0.993388,0.001368,0.27471,0.005358,0.250534,0.913946,0.791352,0.832457,0.075998,0.07868,0.009198,0.980231,4566,2|3|4,3,15553,0.273507,2.1,16.79,0.06,0.17,0.0,0.6,4.42,NVIDIA A100-SXM4-80GB,a7eeb9c6f4b5df0f,f86d69189bb7,1,temporal,train,all,0.7,0.15,0.15,C,noise_curve_c_s14_BPIC_2020_DomesticDeclarations
BPIC_2020_DomesticDeclarations,lstm,checker_net_state,0.4,4,0.902303,0.511071,0.993388,0.001482,0.297904,0.005472,0.280549,0.914585,0.792977,0.832457,0.074453,0.077136,0.009198,0.980471,4566,2|3|4,3,15553,0.273507,2.36,18.91,0.06,0.17,0.0,0.6,4.42,NVIDIA A100-SXM4-80GB,a7eeb9c6f4b5df0f,f86d69189bb7,1,temporal,train,all,0.7,0.15,0.15,C,noise_curve_c_s14_BPIC_2020_DomesticDeclarations
BPIC_2020_DomesticDeclarations,lstm,marking,0.4,4,0.902303,0.511078,0.993388,0.001482,0.328126,0.005358,0.340382,0.914678,0.793059,0.832457,0.074047,0.076648,0.008979,0.980557,4566,2|3|4,6,15553,0.273507,2.1,23.06,0.06,0.17,0.0,0.6,4.42,NVIDIA A100-SXM4-80GB,a7eeb9c6f4b5df0f,f86d69189bb7,1,temporal,train,all,0.7,0.15,0.15,C,noise_curve_c_s14_BPIC_2020_DomesticDeclarations
BPIC_2020_DomesticDeclarations,lstm,gnn,0.4,4,0.902531,0.51118,0.980278,0.001254,0.322422,0.005244,0.336696,0.914585,0.792977,0.832457,0.074535,0.077217,0.009198,0.980459,4566,2|3|4,3,15553,0.273507,2.7,21.63,0.06,0.17,0.0,0.6,4.42,NVIDIA A100-SXM4-80GB,a7eeb9c6f4b5df0f,f86d69189bb7,1,temporal,train,all,0.7,0.15,0.15,C,noise_curve_c_s14_BPIC_2020_DomesticDeclarations
BPIC_2020_DomesticDeclarations,lstm,seq,0.4,4,0.902303,0.511074,0.991336,0.001482,0.330201,0.005472,0.339998,0.914548,0.792896,0.832457,0.074535,0.077217,0.009198,0.980476,4566,2|3|4,5,15553,0.273507,4.08,40.76,0.06,0.17,0.0,0.6,4.42,NVIDIA A100-SXM4-80GB,a7eeb9c6f4b5df0f,f86d69189bb7,1,temporal,train,all,0.7,0.15,0.15,C,noise_curve_c_s14_BPIC_2020_DomesticDeclarations
BPIC_2020_DomesticDeclarations,lstm,lll,0.4,4,0.902531,0.469814,0.975262,0.00513,0.080648,0.0,0.005863,0.911297,0.734292,0.832457,0.08437,0.0,0.008322,0.990176,4566,2|3|4,1,15553,0.273507,2.06,12.35,0.06,0.17,0.0,0.6,4.42,NVIDIA A100-SXM4-80GB,a7eeb9c6f4b5df0f,f86d69189bb7,1,temporal,train,all,0.7,0.15,0.15,C,noise_curve_c_s14_BPIC_2020_DomesticDeclarations
BPIC_2020_DomesticDeclarations,lstm,gll,0.4,4,0.902531,0.469113,0.974236,0.001482,0.264965,0.005016,0.20696,0.908059,0.728115,0.832457,0.091522,0.003414,0.009198,0.991729,4566,2|3|4,3,15553,0.273507,4.6,36.77,0.06,0.17,0.0,0.6,4.42,NVIDIA A100-SXM4-80GB,a7eeb9c6f4b5df0f,f86d69189bb7,1,temporal,train,all,0.7,0.15,0.15,C,noise_curve_c_s14_BPIC_2020_DomesticDeclarations
BPIC_2020_DomesticDeclarations,lstm,baseline,0.5,4,0.901391,0.510616,0.976174,0.002394,0.394794,0.006384,0.400447,0.91365,0.738275,0.831581,0.07299,0.075673,0.010731,0.980703,4566,2|3|4,6,19441,0.217581,1.94,21.38,0.06,0.17,0.0,0.6,4.42,NVIDIA A100-SXM4-80GB,a7eeb9c6f4b5df0f,f86d69189bb7,1,temporal,train,all,0.7,0.15,0.15,C,noise_curve_c_s14_BPIC_2020_DomesticDeclarations
BPIC_2020_DomesticDeclarations,lstm,checker,0.5,4,0.902303,0.51107,0.980734,0.001482,0.293726,0.005472,0.329283,0.913911,0.738275,0.832457,0.072259,0.074941,0.009198,0.980776,4566,2|3|4,6,19441,0.217581,1.97,21.65,0.06,0.17,0.0,0.6,4.42,NVIDIA A100-SXM4-80GB,a7eeb9c6f4b5df0f,f86d69189bb7,1,temporal,train,all,0.7,0.15,0.15,C,noise_curve_c_s14_BPIC_2020_DomesticDeclarations
BPIC_2020_DomesticDeclarations,lstm,checker_net,0.5,4,0.902303,0.511074,0.976174,0.001482,0.324163,0.005358,0.300062,0.914003,0.738925,0.832457,0.071852,0.074453,0.008979,0.980821,4566,2|3|4,6,19441,0.217581,1.97,21.64,0.06,0.17,0.0,0.6,4.42,NVIDIA A100-SXM4-80GB,a7eeb9c6f4b5df0f,f86d69189bb7,1,temporal,train,all,0.7,0.15,0.15,C,noise_curve_c_s14_BPIC_2020_DomesticDeclarations
BPIC_2020_DomesticDeclarations,lstm,checker_net_state,0.5,4,0.902303,0.51107,0.976174,0.001482,0.346213,0.005472,0.330677,0.913966,0.738763,0.832457,0.072015,0.074697,0.009198,0.980797,4566,2|3|4,6,19441,0.217581,1.96,21.61,0.06,0.17,0.0,0.6,4.42,NVIDIA A100-SXM4-80GB,a7eeb9c6f4b5df0f,f86d69189bb7,1,temporal,train,all,0.7,0.15,0.15,C,noise_curve_c_s14_BPIC_2020_DomesticDeclarations
BPIC_2020_DomesticDeclarations,lstm,marking,0.5,4,0.900935,0.510406,0.975946,0.002622,0.390082,0.006612,0.39589,0.914356,0.792408,0.831581,0.075591,0.078274,0.010731,0.980363,4566,2|3|4,2,19441,0.217581,2.07,14.48,0.06,0.17,0.0,0.6,4.42,NVIDIA A100-SXM4-80GB,a7eeb9c6f4b5df0f,f86d69189bb7,1,temporal,train,all,0.7,0.15,0.15,C,noise_curve_c_s14_BPIC_2020_DomesticDeclarations
BPIC_2020_DomesticDeclarations,lstm,gnn,0.5,4,0.900935,0.510406,0.988486,0.002622,0.402459,0.006612,0.411128,0.913276,0.790945,0.831581,0.07868,0.081362,0.010731,0.979892,4566,2|3|4,1,19441,0.217581,2.68,16.07,0.06,0.17,0.0,0.6,4.42,NVIDIA A100-SXM4-80GB,a7eeb9c6f4b5df0f,f86d69189bb7,1,temporal,train,all,0.7,0.15,0.15,C,noise_curve_c_s14_BPIC_2020_DomesticDeclarations
BPIC_2020_DomesticDeclarations,lstm,seq,0.5,4,0.902303,0.511078,0.975946,0.001482,0.391299,0.005358,0.394331,0.913925,0.791514,0.832457,0.07803,0.080631,0.008979,0.979998,4566,2|3|4,6,19441,0.217581,4.07,44.8,0.06,0.17,0.0,0.6,4.42,NVIDIA A100-SXM4-80GB,a7eeb9c6f4b5df0f,f86d69189bb7,1,temporal,train,all,0.7,0.15,0.15,C,noise_curve_c_s14_BPIC_2020_DomesticDeclarations
BPIC_2020_DomesticDeclarations,lstm,lll,0.5,4,0.906293,0.47798,0.97321,0.001482,0.124037,0.0,0.008845,0.915267,0.741608,0.835961,0.081769,0.0,0.001533,0.990803,4566,2|3|4,1,19441,0.217581,2.06,12.34,0.06,0.17,0.0,0.6,4.42,NVIDIA A100-SXM4-80GB,a7eeb9c6f4b5df0f,f86d69189bb7,1,temporal,train,all,0.7,0.15,0.15,C,noise_curve_c_s14_BPIC_2020_DomesticDeclarations
BPIC_2020_DomesticDeclarations,lstm,gll,0.5,4,0.902075,0.469315,0.968194,0.005244,0.323232,0.001596,0.269581,0.908059,0.728115,0.832457,0.096562,0.000894,0.008979,0.991622,4566,2|3|4,2,19441,0.217581,4.6,32.18,0.06,0.17,0.0,0.6,4.42,NVIDIA A100-SXM4-80GB,a7eeb9c6f4b5df0f,f86d69189bb7,1,temporal,train,all,0.7,0.15,0.15,C,noise_curve_c_s14_BPIC_2020_DomesticDeclarations
BPIC_2020_DomesticDeclarations,lstm,baseline,0.6,4,0.897629,0.508751,0.989854,0.006042,0.490984,0.010032,0.492843,0.910125,0.785093,0.828515,0.09071,0.093392,0.017083,0.978312,4566,2|3|4,6,23329,0.174718,1.9,20.85,0.06,0.17,0.0,0.6,4.42,NVIDIA A100-SXM4-80GB,a7eeb9c6f4b5df0f,f86d69189bb7,1,temporal,train,all,0.7,0.15,0.15,C,noise_curve_c_s14_BPIC_2020_DomesticDeclarations
BPIC_2020_DomesticDeclarations,lstm,checker,0.6,4,0.901391,0.510622,0.994414,0.00228,0.381754,0.00627,0.418287,0.913069,0.789238,0.831581,0.080956,0.083638,0.010731,0.979602,4566,2|3|4,6,23329,0.174718,1.97,21.62,0.06,0.17,0.0,0.6,4.42,NVIDIA A100-SXM4-80GB,a7eeb9c6f4b5df0f,f86d69189bb7,1,temporal,train,all,0.7,0.15,0.15,C,noise_curve_c_s14_BPIC_2020_DomesticDeclarations
BPIC_2020_DomesticDeclarations,lstm,checker_net,0.6,4,0.901505,0.437683,0.97378,0.002508,0.40598,0.00627,0.365556,0.911687,0.779566,0.8318,0.080712,0.086402,0.010731,0.979417,4566,2|3|4,18,23329,0.174718,1.97,45.21,0.06,0.17,0.0,0.6,4.42,NVIDIA A100-SXM4-80GB,a7eeb9c6f4b5df0f,f86d69189bb7,1,temporal,train,all,0.7,0.15,0.15,C,noise_curve_c_s14_BPIC_2020_DomesticDeclarations
BPIC_2020_DomesticDeclarations,lstm,checker_net_state,0.6,4,0.891245,0.379496,0.970474,0.00798,0.406349,0.012768,0.373907,0.898785,0.760953,0.809461,0.079655,0.082338,0.017083,0.977633,4566,2|3|4,18,23329,0.174718,1.98,45.45,0.06,0.17,0.0,0.6,4.42,NVIDIA A100-SXM4-80GB,a7eeb9c6f4b5df0f,f86d69189bb7,1,temporal,train,all,0.7,0.15,0.15,C,noise_curve_c_s14_BPIC_2020_DomesticDeclarations
BPIC_2020_DomesticDeclarations,lstm,marking,0.6,4,0.896489,0.506318,0.986206,0.007182,0.49071,0.011286,0.488856,0.909296,0.785012,0.828515,0.097293,0.099976,0.017083,0.976724,4566,2|3|4,3,23329,0.174718,2.15,17.19,0.06,0.17,0.0,0.6,4.42,NVIDIA A100-SXM4-80GB,a7eeb9c6f4b5df0f,f86d69189bb7,1,temporal,train,all,0.7,0.15,0.15,C,noise_curve_c_s14_BPIC_2020_DomesticDeclarations
BPIC_2020_DomesticDeclarations,lstm,gnn,0.6,4,0.897629,0.50877,0.986206,0.005928,0.482989,0.010146,0.483246,0.912313,0.734861,0.828515,0.074453,0.077136,0.017083,0.980793,4566,2|3|4,13,23329,0.174718,2.68,48.22,0.06,0.17,0.0,0.6,4.42,NVIDIA A100-SXM4-80GB,a7eeb9c6f4b5df0f,f86d69189bb7,1,temporal,train,all,0.7,0.15,0.15,C,noise_curve_c_s14_BPIC_2020_DomesticDeclarations
BPIC_2020_DomesticDeclarations,lstm,seq,0.6,4,0.896717,0.506695,0.988372,0.007068,0.49525,0.011058,0.497977,0.910276,0.782655,0.828515,0.089653,0.092335,0.017083,0.978195,4566,2|3|4,7,23329,0.174718,4.37,52.48,0.06,0.17,0.0,0.6,4.42,NVIDIA A100-SXM4-80GB,a7eeb9c6f4b5df0f,f86d69189bb7,1,temporal,train,all,0.7,0.15,0.15,C,noise_curve_c_s14_BPIC_2020_DomesticDeclarations
BPIC_2020_DomesticDeclarations,lstm,lll,0.6,4,0.884633,0.397403,0.972184,0.023142,0.184057,0.0,0.011632,0.888236,0.701049,0.80968,0.121515,0.0,0.031099,0.983567,4566,2|3|4,1,23329,0.174718,2.07,12.4,0.06,0.17,0.0,0.6,4.42,NVIDIA A100-SXM4-80GB,a7eeb9c6f4b5df0f,f86d69189bb7,1,temporal,train,all,0.7,0.15,0.15,C,noise_curve_c_s14_BPIC_2020_DomesticDeclarations
BPIC_2020_DomesticDeclarations,lstm,gll,0.6,4,0.898313,0.467629,0.972184,0.005244,0.402291,0.005244,0.33337,0.906898,0.725758,0.829391,0.096237,0.003414,0.009198,0.991666,4566,2|3|4,6,23329,0.174718,4.75,52.22,0.06,0.17,0.0,0.6,4.42,NVIDIA A100-SXM4-80GB,a7eeb9c6f4b5df0f,f86d69189bb7,1,temporal,train,all,0.7,0.15,0.15,C,noise_curve_c_s14_BPIC_2020_DomesticDeclarations
BPIC_2020_DomesticDeclarations,lstm,baseline,0.7,4,0.879617,0.426543,0.950638,0.024054,0.572682,0.028158,0.566925,0.889615,0.751605,0.805738,0.106884,0.109567,0.017083,0.976714,4566,2|3|4,2,27217,0.15281,1.9,13.33,0.06,0.17,0.0,0.6,4.42,NVIDIA A100-SXM4-80GB,a7eeb9c6f4b5df0f,f86d69189bb7,1,temporal,train,all,0.7,0.15,0.15,C,noise_curve_c_s14_BPIC_2020_DomesticDeclarations
BPIC_2020_DomesticDeclarations,lstm,checker,0.7,4,0.883265,0.428341,0.993502,0.020634,0.466004,0.024738,0.499239,0.887834,0.749411,0.808804,0.120702,0.123385,0.010731,0.973991,4566,2|3|4,2,27217,0.15281,1.97,13.82,0.06,0.17,0.0,0.6,4.42,NVIDIA A100-SXM4-80GB,a7eeb9c6f4b5df0f,f86d69189bb7,1,temporal,train,all,0.7,0.15,0.15,C,noise_curve_c_s14_BPIC_2020_DomesticDeclarations
BPIC_2020_DomesticDeclarations,lstm,checker_net,0.7,4,0.879731,0.426604,0.968194,0.02394,0.511306,0.02793,0.465736,0.889863,0.752093,0.805738,0.106316,0.108998,0.017083,0.976815,4566,2|3|4,2,27217,0.15281,2.25,15.74,0.06,0.17,0.0,0.6,4.42,NVIDIA A100-SXM4-80GB,a7eeb9c6f4b5df0f,f86d69189bb7,1,temporal,train,all,0.7,0.15,0.15,C,noise_curve_c_s14_BPIC_2020_DomesticDeclarations
BPIC_2020_DomesticDeclarations,lstm,checker_net_state,0.7,4,0.879731,0.426601,0.950638,0.02394,0.544762,0.028044,0.516,0.889615,0.751605,0.805738,0.106884,0.109567,0.017083,0.976714,4566,2|3|4,2,27217,0.15281,1.94,13.6,0.06,0.17,0.0,0.6,4.42,NVIDIA A100-SXM4-80GB,a7eeb9c6f4b5df0f,f86d69189bb7,1,temporal,train,all,0.7,0.15,0.15,C,noise_curve_c_s14_BPIC_2020_DomesticDeclarations
BPIC_2020_DomesticDeclarations,lstm,marking,0.7,4,0.880757,0.433761,0.985978,0.0228,0.578278,0.026904,0.572371,0.889249,0.747216,0.805738,0.105747,0.108429,0.017083,0.977231,4566,2|3|4,9,27217,0.15281,2.41,33.68,0.06,0.17,0.0,0.6,4.42,NVIDIA A100-SXM4-80GB,a7eeb9c6f4b5df0f,f86d69189bb7,1,temporal,train,all,0.7,0.15,0.15,C,noise_curve_c_s14_BPIC_2020_DomesticDeclarations
BPIC_2020_DomesticDeclarations,lstm,gnn,0.7,4,0.897515,0.508703,0.968992,0.006156,0.577842,0.01026,0.566676,0.912014,0.78615,0.828515,0.078274,0.080956,0.017083,0.9804,4566,2|3|4,10,27217,0.15281,2.76,41.33,0.06,0.17,0.0,0.6,4.42,NVIDIA A100-SXM4-80GB,a7eeb9c6f4b5df0f,f86d69189bb7,1,temporal,train,all,0.7,0.15,0.15,C,noise_curve_c_s14_BPIC_2020_DomesticDeclarations
BPIC_2020_DomesticDeclarations,lstm,seq,0.7,4,0.879959,0.42674,0.968194,0.02394,0.573351,0.028044,0.559384,0.891935,0.755263,0.805738,0.097375,0.103389,0.017083,0.978528,4566,2|3|4,8,27217,0.15281,4.17,54.27,0.06,0.17,0.0,0.6,4.42,NVIDIA A100-SXM4-80GB,a7eeb9c6f4b5df0f,f86d69189bb7,1,temporal,train,all,0.7,0.15,0.15,C,noise_curve_c_s14_BPIC_2020_DomesticDeclarations
BPIC_2020_DomesticDeclarations,lstm,lll,0.7,4,0.902303,0.46977,0.972184,0.005358,0.232053,0.0,0.005979,0.911297,0.734455,0.832457,0.08437,0.0,0.008322,0.990174,4566,2|3|4,2,27217,0.15281,2.02,14.13,0.06,0.17,0.0,0.6,4.42,NVIDIA A100-SXM4-80GB,a7eeb9c6f4b5df0f,f86d69189bb7,1,temporal,train,all,0.7,0.15,0.15,C,noise_curve_c_s14_BPIC_2020_DomesticDeclarations
BPIC_2020_DomesticDeclarations,lstm,gll,0.7,4,0.897857,0.468301,0.971272,0.009918,0.484021,0.00228,0.378666,0.905786,0.723888,0.828515,0.101195,0.0013,0.010293,0.991444,4566,2|3|4,15,27217,0.15281,4.78,95.51,0.06,0.17,0.0,0.6,4.42,NVIDIA A100-SXM4-80GB,a7eeb9c6f4b5df0f,f86d69189bb7,1,temporal,train,all,0.7,0.15,0.15,C,noise_curve_c_s14_BPIC_2020_DomesticDeclarations
BPIC_2020_DomesticDeclarations,lstm,baseline,0.8,4,0.870269,0.422721,0.96523,0.03363,0.643789,0.037392,0.61477,0.872446,0.733155,0.779019,0.142892,0.142242,0.009198,0.970289,4566,2|3|4,16,31106,0.143149,1.97,41.41,0.06,0.17,0.0,0.6,4.42,NVIDIA A100-SXM4-80GB,a7eeb9c6f4b5df0f,f86d69189bb7,1,temporal,train,all,0.7,0.15,0.15,C,noise_curve_c_s14_BPIC_2020_DomesticDeclarations
BPIC_2020_DomesticDeclarations,lstm,checker,0.8,4,0.895805,0.428158,0.969562,0.007752,0.524786,0.012084,0.533468,0.908845,0.771519,0.828515,0.087052,0.095261,0.016864,0.978985,4566,2|3|4,15,31106,0.143149,1.99,39.77,0.06,0.17,0.0,0.6,4.42,NVIDIA A100-SXM4-80GB,a7eeb9c6f4b5df0f,f86d69189bb7,1,temporal,train,all,0.7,0.15,0.15,C,noise_curve_c_s14_BPIC_2020_DomesticDeclarations
BPIC_2020_DomesticDeclarations,lstm,checker_net,0.8,4,0.896033,0.404483,0.967168,0.007866,0.570859,0.010944,0.489528,0.909852,0.781354,0.828734,0.080224,0.082013,0.014674,0.980357,4566,2|3|4,16,31106,0.143149,1.96,41.22,0.06,0.17,0.0,0.6,4.42,NVIDIA A100-SXM4-80GB,a7eeb9c6f4b5df0f,f86d69189bb7,1,temporal,train,all,0.7,0.15,0.15,C,noise_curve_c_s14_BPIC_2020_DomesticDeclarations
BPIC_2020_DomesticDeclarations,lstm,checker_net_state,0.8,4,0.875399,0.359243,0.96466,0.028272,0.586927,0.032376,0.514413,0.884031,0.739494,0.805738,0.118833,0.12566,0.017083,0.973324,4566,2|3|4,15,31106,0.143149,1.98,39.62,0.06,0.17,0.0,0.6,4.42,NVIDIA A100-SXM4-80GB,a7eeb9c6f4b5df0f,f86d69189bb7,1,temporal,train,all,0.7,0.15,0.15,C,noise_curve_c_s14_BPIC_2020_DomesticDeclarations
BPIC_2020_DomesticDeclarations,lstm,marking,0.8,4,0.878135,0.42587,0.945508,0.02622,0.643889,0.029868,0.609869,0.884644,0.745997,0.805738,0.119889,0.097293,0.017083,0.976506,4566,2|3|4,12,31106,0.143149,2.2,37.32,0.06,0.17,0.0,0.6,4.42,NVIDIA A100-SXM4-80GB,a7eeb9c6f4b5df0f,f86d69189bb7,1,temporal,train,all,0.7,0.15,0.15,C,noise_curve_c_s14_BPIC_2020_DomesticDeclarations
BPIC_2020_DomesticDeclarations,lstm,gnn,0.8,4,0.874487,0.388614,0.965914,0.029298,0.646922,0.033516,0.614634,0.881457,0.743071,0.805738,0.125579,0.140128,0.017083,0.973751,4566,2|3|4,11,31106,0.143149,2.95,47.14,0.06,0.17,0.0,0.6,4.42,NVIDIA A100-SXM4-80GB,a7eeb9c6f4b5df0f,f86d69189bb7,1,temporal,train,all,0.7,0.15,0.15,C,noise_curve_c_s14_BPIC_2020_DomesticDeclarations
BPIC_2020_DomesticDeclarations,lstm,seq,0.8,4,0.862631,0.418043,0.950638,0.041382,0.647428,0.045258,0.634147,0.879476,0.735756,0.792378,0.134195,0.136715,0.03986,0.973319,4566,2|3|4,5,31106,0.143149,4.37,43.74,0.06,0.17,0.0,0.6,4.42,NVIDIA A100-SXM4-80GB,a7eeb9c6f4b5df0f,f86d69189bb7,1,temporal,train,all,0.7,0.15,0.15,C,noise_curve_c_s14_BPIC_2020_DomesticDeclarations
BPIC_2020_DomesticDeclarations,lstm,lll,0.8,4,0.850775,0.386872,0.974236,0.04047,0.287273,0.0,0.002314,0.856743,0.64342,0.779019,0.170609,0.0,0.061761,0.977354,4566,2|3|4,4,31106,0.143149,2.06,18.5,0.06,0.17,0.0,0.6,4.42,NVIDIA A100-SXM4-80GB,a7eeb9c6f4b5df0f,f86d69189bb7,1,temporal,train,all,0.7,0.15,0.15,C,noise_curve_c_s14_BPIC_2020_DomesticDeclarations
BPIC_2020_DomesticDeclarations,lstm,gll,0.8,4,0.896489,0.466736,0.96751,0.010944,0.551923,0.0,0.426584,0.901764,0.718118,0.828515,0.11168,0.0,0.016207,0.990596,4566,2|3|4,16,31106,0.143149,4.56,95.79,0.06,0.17,0.0,0.6,4.42,NVIDIA A100-SXM4-80GB,a7eeb9c6f4b5df0f,f86d69189bb7,1,temporal,train,all,0.7,0.15,0.15,C,noise_curve_c_s14_BPIC_2020_DomesticDeclarations
BPIC_2020_DomesticDeclarations,lstm,baseline,0.0,5,0.907547,0.523588,0.998974,0.000228,0.001273,0.001026,0.042019,0.917143,0.799642,0.837057,0.076729,0.077786,0.0,0.980235,4566,2|3|4,3,0,0.999456,2.36,18.88,0.06,0.32,0.0,0.63,4.99,NVIDIA A100-SXM4-80GB,a7eeb9c6f4b5df0f,f86d69189bb7,1,temporal,train,all,0.7,0.15,0.15,C,noise_curve_c_s59_BPIC_2020_DomesticDeclarations
BPIC_2020_DomesticDeclarations,lstm,checker,0.0,5,0.907547,0.523588,0.998974,0.000228,0.000962,0.001026,0.041715,0.916699,0.79883,0.837057,0.074535,0.077136,0.0,0.980318,4566,2|3|4,3,0,0.999456,1.92,15.35,0.06,0.32,0.0,0.63,4.99,NVIDIA A100-SXM4-80GB,a7eeb9c6f4b5df0f,f86d69189bb7,1,temporal,train,all,0.7,0.15,0.15,C,noise_curve_c_s59_BPIC_2020_DomesticDeclarations
BPIC_2020_DomesticDeclarations,lstm,checker_net,0.0,5,0.907547,0.523588,0.998974,0.000228,0.001002,0.001026,0.029241,0.916638,0.798017,0.837057,0.074047,0.076973,0.0,0.980364,4566,2|3|4,3,0,0.999456,1.92,15.39,0.06,0.32,0.0,0.63,4.99,NVIDIA A100-SXM4-80GB,a7eeb9c6f4b5df0f,f86d69189bb7,1,temporal,train,all,0.7,0.15,0.15,C,noise_curve_c_s59_BPIC_2020_DomesticDeclarations
BPIC_2020_DomesticDeclarations,lstm,checker_net_state,0.0,5,0.907661,0.523842,0.998974,0.000114,0.001014,0.00114,0.030036,0.91728,0.800862,0.837276,0.075916,0.077217,0.0,0.980313,4566,2|3|4,3,0,0.999456,1.96,15.67,0.06,0.32,0.0,0.63,4.99,NVIDIA A100-SXM4-80GB,a7eeb9c6f4b5df0f,f86d69189bb7,1,temporal,train,all,0.7,0.15,0.15,C,noise_curve_c_s59_BPIC_2020_DomesticDeclarations
BPIC_2020_DomesticDeclarations,lstm,marking,0.0,5,0.907547,0.523588,0.998404,0.0,0.000792,0.001026,0.03779,0.915988,0.794522,0.837057,0.064293,0.070958,0.0,0.981663,4566,2|3|4,4,0,0.999456,2.12,19.04,0.06,0.32,0.0,0.63,4.99,NVIDIA A100-SXM4-80GB,a7eeb9c6f4b5df0f,f86d69189bb7,1,temporal,train,all,0.7,0.15,0.15,C,noise_curve_c_s59_BPIC_2020_DomesticDeclarations
BPIC_2020_DomesticDeclarations,lstm,gnn,0.0,5,0.907547,0.523588,0.99886,0.0,0.003035,0.001026,0.036631,0.917073,0.800049,0.837057,0.078274,0.078924,0.0,0.980063,4566,2|3|4,1,0,0.999456,2.69,16.14,0.06,0.32,0.0,0.63,4.99,NVIDIA A100-SXM4-80GB,a7eeb9c6f4b5df0f,f86d69189bb7,1,temporal,train,all,0.7,0.15,0.15,C,noise_curve_c_s59_BPIC_2020_DomesticDeclarations
BPIC_2020_DomesticDeclarations,lstm,seq,0.0,5,0.907547,0.523588,0.998632,0.0,0.000868,0.001026,0.038473,0.918326,0.800618,0.837057,0.068764,0.069414,0.0,0.981322,4566,2|3|4,3,0,0.999456,4.36,34.89,0.06,0.32,0.0,0.63,4.99,NVIDIA A100-SXM4-80GB,a7eeb9c6f4b5df0f,f86d69189bb7,1,temporal,train,all,0.7,0.15,0.15,C,noise_curve_c_s59_BPIC_2020_DomesticDeclarations
BPIC_2020_DomesticDeclarations,lstm,lll,0.0,5,0.906521,0.478029,0.975832,0.001254,0.005876,0.0,0.001936,0.915427,0.794115,0.835961,0.077136,0.064375,0.0,0.981645,4566,2|3|4,1,0,0.999456,2.04,12.25,0.06,0.32,0.0,0.63,4.99,NVIDIA A100-SXM4-80GB,a7eeb9c6f4b5df0f,f86d69189bb7,1,temporal,train,all,0.7,0.15,0.15,C,noise_curve_c_s59_BPIC_2020_DomesticDeclarations
BPIC_2020_DomesticDeclarations,lstm,gll,0.0,5,0.907775,0.524095,0.99829,0.0,0.001569,0.001254,0.02479,0.915881,0.742177,0.837276,0.078111,0.000732,0.0,0.992838,4566,2|3|4,3,0,0.999456,4.65,37.23,0.06,0.32,0.0,0.63,4.99,NVIDIA A100-SXM4-80GB,a7eeb9c6f4b5df0f,f86d69189bb7,1,temporal,train,all,0.7,0.15,0.15,C,noise_curve_c_s59_BPIC_2020_DomesticDeclarations
BPIC_2020_DomesticDeclarations,lstm,baseline,0.1,5,0.907547,0.523588,0.997492,0.000114,0.080934,0.001026,0.112219,0.916623,0.796635,0.837057,0.075104,0.075673,0.0,0.9805,4566,2|3|4,5,3888,0.70826,1.81,18.13,0.06,0.32,0.0,0.63,4.99,NVIDIA A100-SXM4-80GB,a7eeb9c6f4b5df0f,f86d69189bb7,1,temporal,train,all,0.7,0.15,0.15,C,noise_curve_c_s59_BPIC_2020_DomesticDeclarations
BPIC_2020_DomesticDeclarations,lstm,checker,0.1,5,0.907547,0.523588,0.998518,0.0,0.055229,0.001026,0.092244,0.91653,0.795172,0.837057,0.070796,0.071446,0.0,0.981276,4566,2|3|4,5,3888,0.70826,1.98,19.76,0.06,0.32,0.0,0.63,4.99,NVIDIA A100-SXM4-80GB,a7eeb9c6f4b5df0f,f86d69189bb7,1,temporal,train,all,0.7,0.15,0.15,C,noise_curve_c_s59_BPIC_2020_DomesticDeclarations
BPIC_2020_DomesticDeclarations,lstm,checker_net,0.1,5,0.907547,0.523588,0.99772,0.000114,0.059927,0.001026,0.078218,0.916573,0.796472,0.837057,0.07486,0.075429,0.0,0.980528,4566,2|3|4,5,3888,0.70826,1.96,19.62,0.06,0.32,0.0,0.63,4.99,NVIDIA A100-SXM4-80GB,a7eeb9c6f4b5df0f,f86d69189bb7,1,temporal,train,all,0.7,0.15,0.15,C,noise_curve_c_s59_BPIC_2020_DomesticDeclarations
BPIC_2020_DomesticDeclarations,lstm,checker_net_state,0.1,5,0.907547,0.523588,0.997492,0.000114,0.064351,0.001026,0.083977,0.916573,0.796472,0.837057,0.074941,0.07551,0.0,0.980514,4566,2|3|4,5,3888,0.70826,1.85,18.47,0.06,0.32,0.0,0.63,4.99,NVIDIA A100-SXM4-80GB,a7eeb9c6f4b5df0f,f86d69189bb7,1,temporal,train,all,0.7,0.15,0.15,C,noise_curve_c_s59_BPIC_2020_DomesticDeclarations
BPIC_2020_DomesticDeclarations,lstm,marking,0.1,5,0.907547,0.523588,0.997492,0.000114,0.0787,0.001026,0.112402,0.917898,0.746241,0.837057,0.067382,0.067951,0.0,0.981532,4566,2|3|4,4,3888,0.70826,2.16,19.48,0.06,0.32,0.0,0.63,4.99,NVIDIA A100-SXM4-80GB,a7eeb9c6f4b5df0f,f86d69189bb7,1,temporal,train,all,0.7,0.15,0.15,C,noise_curve_c_s59_BPIC_2020_DomesticDeclarations
BPIC_2020_DomesticDeclarations,lstm,gnn,0.1,5,0.907547,0.523588,0.997948,0.000114,0.070635,0.001026,0.103075,0.917146,0.800049,0.837057,0.078274,0.078843,0.0,0.980076,4566,2|3|4,14,3888,0.70826,2.68,50.83,0.06,0.32,0.0,0.63,4.99,NVIDIA A100-SXM4-80GB,a7eeb9c6f4b5df0f,f86d69189bb7,1,temporal,train,all,0.7,0.15,0.15,C,noise_curve_c_s59_BPIC_2020_DomesticDeclarations
BPIC_2020_DomesticDeclarations,lstm,seq,0.1,5,0.907205,0.522807,0.998062,0.000114,0.078458,0.001368,0.111043,0.917549,0.800293,0.836837,0.073722,0.074453,0.000438,0.980663,4566,2|3|4,5,3888,0.70826,4.33,43.32,0.06,0.32,0.0,0.63,4.99,NVIDIA A100-SXM4-80GB,a7eeb9c6f4b5df0f,f86d69189bb7,1,temporal,train,all,0.7,0.15,0.15,C,noise_curve_c_s59_BPIC_2020_DomesticDeclarations
BPIC_2020_DomesticDeclarations,lstm,lll,0.1,5,0.906521,0.478028,0.97549,0.001026,0.015805,0.0,0.000975,0.915194,0.741689,0.835961,0.081769,0.0,0.001533,0.99079,4566,2|3|4,2,3888,0.70826,2.02,14.16,0.06,0.32,0.0,0.63,4.99,NVIDIA A100-SXM4-80GB,a7eeb9c6f4b5df0f,f86d69189bb7,1,temporal,train,all,0.7,0.15,0.15,C,noise_curve_c_s59_BPIC_2020_DomesticDeclarations
BPIC_2020_DomesticDeclarations,lstm,gll,0.1,5,0.906521,0.521214,0.996124,0.001254,0.053507,0.001026,0.067387,0.914369,0.739007,0.835961,0.0812,0.00065,0.001752,0.99271,4566,2|3|4,3,3888,0.70826,4.86,38.86,0.06,0.32,0.0,0.63,4.99,NVIDIA A100-SXM4-80GB,a7eeb9c6f4b5df0f,f86d69189bb7,1,temporal,train,all,0.7,0.15,0.15,C,noise_curve_c_s59_BPIC_2020_DomesticDeclarations
BPIC_2020_DomesticDeclarations,lstm,baseline,0.2,5,0.906065,0.520341,0.980734,0.001368,0.159309,0.001596,0.186883,0.915884,0.798017,0.835742,0.080306,0.080468,0.002409,0.979895,4566,2|3|4,3,7776,0.506055,1.93,15.4,0.06,0.32,0.0,0.63,4.99,NVIDIA A100-SXM4-80GB,a7eeb9c6f4b5df0f,f86d69189bb7,1,temporal,train,all,0.7,0.15,0.15,C,noise_curve_c_s59_BPIC_2020_DomesticDeclarations
BPIC_2020_DomesticDeclarations,lstm,checker,0.2,5,0.906179,0.520402,0.98119,0.001254,0.111442,0.001368,0.15082,0.915957,0.798017,0.835742,0.080224,0.080306,0.00219,0.97991,4566,2|3|4,3,7776,0.506055,1.98,15.85,0.06,0.32,0.0,0.63,4.99,NVIDIA A100-SXM4-80GB,a7eeb9c6f4b5df0f,f86d69189bb7,1,temporal,train,all,0.7,0.15,0.15,C,noise_curve_c_s59_BPIC_2020_DomesticDeclarations
BPIC_2020_DomesticDeclarations,lstm,checker_net,0.2,5,0.906179,0.520402,0.976516,0.001254,0.122751,0.001368,0.131622,0.915957,0.798017,0.835742,0.080224,0.080306,0.00219,0.97991,4566,2|3|4,3,7776,0.506055,1.97,15.78,0.06,0.32,0.0,0.63,4.99,NVIDIA A100-SXM4-80GB,a7eeb9c6f4b5df0f,f86d69189bb7,1,temporal,train,all,0.7,0.15,0.15,C,noise_curve_c_s59_BPIC_2020_DomesticDeclarations
BPIC_2020_DomesticDeclarations,lstm,checker_net_state,0.2,5,0.906065,0.520341,0.980734,0.001368,0.131736,0.001596,0.144157,0.915884,0.798017,0.835742,0.080306,0.080468,0.002409,0.979895,4566,2|3|4,3,7776,0.506055,1.98,15.87,0.06,0.32,0.0,0.63,4.99,NVIDIA A100-SXM4-80GB,a7eeb9c6f4b5df0f,f86d69189bb7,1,temporal,train,all,0.7,0.15,0.15,C,noise_curve_c_s59_BPIC_2020_DomesticDeclarations
BPIC_2020_DomesticDeclarations,lstm,marking,0.2,5,0.907205,0.522807,0.997834,0.000114,0.157242,0.001368,0.183225,0.917044,0.79883,0.836837,0.074047,0.07486,0.000438,0.980532,4566,2|3|4,4,7776,0.506055,2.12,19.04,0.06,0.32,0.0,0.63,4.99,NVIDIA A100-SXM4-80GB,a7eeb9c6f4b5df0f,f86d69189bb7,1,temporal,train,all,0.7,0.15,0.15,C,noise_curve_c_s59_BPIC_2020_DomesticDeclarations
BPIC_2020_DomesticDeclarations,lstm,gnn,0.2,5,0.906293,0.520674,0.980164,0.00114,0.147944,0.001368,0.169853,0.91788,0.800049,0.835742,0.069495,0.069577,0.00219,0.981368,4566,2|3|4,3,7776,0.506055,2.64,21.1,0.06,0.32,0.0,0.63,4.99,NVIDIA A100-SXM4-80GB,a7eeb9c6f4b5df0f,f86d69189bb7,1,temporal,train,all,0.7,0.15,0.15,C,noise_curve_c_s59_BPIC_2020_DomesticDeclarations
BPIC_2020_DomesticDeclarations,lstm,seq,0.2,5,0.906179,0.520402,0.997606,0.001254,0.16328,0.001368,0.190158,0.917911,0.80013,0.835742,0.069495,0.069577,0.00219,0.981368,4566,2|3|4,3,7776,0.506055,4.13,33.05,0.06,0.32,0.0,0.63,4.99,NVIDIA A100-SXM4-80GB,a7eeb9c6f4b5df0f,f86d69189bb7,1,temporal,train,all,0.7,0.15,0.15,C,noise_curve_c_s59_BPIC_2020_DomesticDeclarations
BPIC_2020_DomesticDeclarations,lstm,lll,0.2,5,0.906521,0.478039,0.975262,0.001026,0.032686,0.0,0.002921,0.915022,0.741364,0.835961,0.081281,0.0,0.001533,0.990883,4566,2|3|4,1,7776,0.506055,2.1,12.63,0.06,0.32,0.0,0.63,4.99,NVIDIA A100-SXM4-80GB,a7eeb9c6f4b5df0f,f86d69189bb7,1,temporal,train,all,0.7,0.15,0.15,C,noise_curve_c_s59_BPIC_2020_DomesticDeclarations
BPIC_2020_DomesticDeclarations,lstm,gll,0.2,5,0.906179,0.520402,0.976288,0.001254,0.100817,0.001368,0.105233,0.913993,0.738682,0.835742,0.081525,0.000813,0.00219,0.992669,4566,2|3|4,11,7776,0.506055,4.64,74.2,0.06,0.32,0.0,0.63,4.99,NVIDIA A100-SXM4-80GB,a7eeb9c6f4b5df0f,f86d69189bb7,1,temporal,train,all,0.7,0.15,0.15,C,noise_curve_c_s59_BPIC_2020_DomesticDeclarations
BPIC_2020_DomesticDeclarations,lstm,baseline,0.3,5,0.902303,0.511075,0.976174,0.001482,0.241332,0.005472,0.259345,0.913241,0.79127,0.832457,0.080631,0.083313,0.009198,0.979635,4566,2|3|4,2,11665,0.371343,1.99,13.9,0.06,0.32,0.0,0.63,4.99,NVIDIA A100-SXM4-80GB,a7eeb9c6f4b5df0f,f86d69189bb7,1,temporal,train,all,0.7,0.15,0.15,C,noise_curve_c_s59_BPIC_2020_DomesticDeclarations
BPIC_2020_DomesticDeclarations,lstm,checker,0.3,5,0.902303,0.511086,0.979594,0.001482,0.174063,0.005472,0.21017,0.913153,0.790783,0.832457,0.082825,0.085508,0.009198,0.979301,4566,2|3|4,2,11665,0.371343,2.08,14.56,0.06,0.32,0.0,0.63,4.99,NVIDIA A100-SXM4-80GB,a7eeb9c6f4b5df0f,f86d69189bb7,1,temporal,train,all,0.7,0.15,0.15,C,noise_curve_c_s59_BPIC_2020_DomesticDeclarations
BPIC_2020_DomesticDeclarations,lstm,checker_net,0.3,5,0.905951,0.520296,0.974236,0.001482,0.190476,0.001596,0.190623,0.917202,0.798261,0.835742,0.072828,0.072909,0.00219,0.980913,4566,2|3|4,3,11665,0.371343,2.06,16.49,0.06,0.32,0.0,0.63,4.99,NVIDIA A100-SXM4-80GB,a7eeb9c6f4b5df0f,f86d69189bb7,1,temporal,train,all,0.7,0.15,0.15,C,noise_curve_c_s59_BPIC_2020_DomesticDeclarations
BPIC_2020_DomesticDeclarations,lstm,checker_net_state,0.3,5,0.905951,0.520292,0.97834,0.001482,0.205862,0.00171,0.210625,0.916546,0.798098,0.835742,0.076892,0.077054,0.002409,0.980329,4566,2|3|4,3,11665,0.371343,1.98,15.83,0.06,0.32,0.0,0.63,4.99,NVIDIA A100-SXM4-80GB,a7eeb9c6f4b5df0f,f86d69189bb7,1,temporal,train,all,0.7,0.15,0.15,C,noise_curve_c_s59_BPIC_2020_DomesticDeclarations
BPIC_2020_DomesticDeclarations,lstm,marking,0.3,5,0.905951,0.51985,0.980164,0.001254,0.216639,0.00171,0.238554,0.917173,0.798911,0.835742,0.073234,0.073397,0.002409,0.980863,4566,2|3|4,6,11665,0.371343,2.17,23.89,0.06,0.32,0.0,0.63,4.99,NVIDIA A100-SXM4-80GB,a7eeb9c6f4b5df0f,f86d69189bb7,1,temporal,train,all,0.7,0.15,0.15,C,noise_curve_c_s59_BPIC_2020_DomesticDeclarations
BPIC_2020_DomesticDeclarations,lstm,gnn,0.3,5,0.906065,0.520345,0.976288,0.001368,0.24685,0.001596,0.259619,0.917173,0.798911,0.835742,0.073234,0.073397,0.002409,0.980863,4566,2|3|4,3,11665,0.371343,2.69,21.49,0.06,0.32,0.0,0.63,4.99,NVIDIA A100-SXM4-80GB,a7eeb9c6f4b5df0f,f86d69189bb7,1,temporal,train,all,0.7,0.15,0.15,C,noise_curve_c_s59_BPIC_2020_DomesticDeclarations
BPIC_2020_DomesticDeclarations,lstm,seq,0.3,5,0.902417,0.511124,0.99715,0.001368,0.230707,0.005358,0.244842,0.915559,0.795334,0.832457,0.073803,0.076485,0.009198,0.980682,4566,2|3|4,15,11665,0.371343,4.32,86.37,0.06,0.32,0.0,0.63,4.99,NVIDIA A100-SXM4-80GB,a7eeb9c6f4b5df0f,f86d69189bb7,1,temporal,train,all,0.7,0.15,0.15,C,noise_curve_c_s59_BPIC_2020_DomesticDeclarations
BPIC_2020_DomesticDeclarations,lstm,lll,0.3,5,0.902531,0.469819,0.97321,0.005244,0.050703,0.0,0.004071,0.911297,0.734455,0.832457,0.08437,0.0,0.008322,0.990174,4566,2|3|4,1,11665,0.371343,1.95,11.7,0.06,0.32,0.0,0.63,4.99,NVIDIA A100-SXM4-80GB,a7eeb9c6f4b5df0f,f86d69189bb7,1,temporal,train,all,0.7,0.15,0.15,C,noise_curve_c_s59_BPIC_2020_DomesticDeclarations
BPIC_2020_DomesticDeclarations,lstm,gll,0.3,5,0.906179,0.520404,0.975262,0.00114,0.185066,0.001482,0.16224,0.913847,0.738682,0.835742,0.081769,0.000894,0.002409,0.992637,4566,2|3|4,12,11665,0.371343,4.53,77.05,0.06,0.32,0.0,0.63,4.99,NVIDIA A100-SXM4-80GB,a7eeb9c6f4b5df0f,f86d69189bb7,1,temporal,train,all,0.7,0.15,0.15,C,noise_curve_c_s59_BPIC_2020_DomesticDeclarations
BPIC_2020_DomesticDeclarations,lstm,baseline,0.4,5,0.905837,0.520242,0.97606,0.001482,0.30755,0.001596,0.325429,0.917894,0.799724,0.835742,0.069658,0.069739,0.00219,0.981349,4566,2|3|4,9,15553,0.278541,1.89,26.48,0.06,0.32,0.0,0.63,4.99,NVIDIA A100-SXM4-80GB,a7eeb9c6f4b5df0f,f86d69189bb7,1,temporal,train,all,0.7,0.15,0.15,C,noise_curve_c_s59_BPIC_2020_DomesticDeclarations
BPIC_2020_DomesticDeclarations,lstm,checker,0.4,5,0.906179,0.520613,0.98062,0.001254,0.219003,0.001596,0.261853,0.917906,0.800049,0.835742,0.069495,0.069658,0.002409,0.98136,4566,2|3|4,9,15553,0.278541,2.35,32.9,0.06,0.32,0.0,0.63,4.99,NVIDIA A100-SXM4-80GB,a7eeb9c6f4b5df0f,f86d69189bb7,1,temporal,train,all,0.7,0.15,0.15,C,noise_curve_c_s59_BPIC_2020_DomesticDeclarations
BPIC_2020_DomesticDeclarations,lstm,checker_net,0.4,5,0.906065,0.520567,0.97606,0.001368,0.247324,0.001368,0.240439,0.917057,0.798179,0.835742,0.074128,0.07421,0.00219,0.980767,4566,2|3|4,9,15553,0.278541,2.29,32.05,0.06,0.32,0.0,0.63,4.99,NVIDIA A100-SXM4-80GB,a7eeb9c6f4b5df0f,f86d69189bb7,1,temporal,train,all,0.7,0.15,0.15,C,noise_curve_c_s59_BPIC_2020_DomesticDeclarations
BPIC_2020_DomesticDeclarations,lstm,checker_net_state,0.4,5,0.905723,0.519744,0.976288,0.001482,0.26033,0.001824,0.259479,0.917974,0.800293,0.835742,0.069333,0.069414,0.00219,0.981382,4566,2|3|4,9,15553,0.278541,1.93,27.0,0.06,0.32,0.0,0.63,4.99,NVIDIA A100-SXM4-80GB,a7eeb9c6f4b5df0f,f86d69189bb7,1,temporal,train,all,0.7,0.15,0.15,C,noise_curve_c_s59_BPIC_2020_DomesticDeclarations
BPIC_2020_DomesticDeclarations,lstm,marking,0.4,5,0.902417,0.511131,0.976516,0.001368,0.301074,0.005244,0.319664,0.914665,0.791677,0.832457,0.072746,0.075347,0.008979,0.980818,4566,2|3|4,6,15553,0.278541,2.1,23.12,0.06,0.32,0.0,0.63,4.99,NVIDIA A100-SXM4-80GB,a7eeb9c6f4b5df0f,f86d69189bb7,1,temporal,train,all,0.7,0.15,0.15,C,noise_curve_c_s59_BPIC_2020_DomesticDeclarations
BPIC_2020_DomesticDeclarations,lstm,gnn,0.4,5,0.901163,0.510512,0.975262,0.002394,0.308174,0.006384,0.324181,0.912365,0.790295,0.831581,0.086402,0.089084,0.010731,0.978899,4566,2|3|4,2,15553,0.278541,2.68,18.74,0.06,0.32,0.0,0.63,4.99,NVIDIA A100-SXM4-80GB,a7eeb9c6f4b5df0f,f86d69189bb7,1,temporal,train,all,0.7,0.15,0.15,C,noise_curve_c_s59_BPIC_2020_DomesticDeclarations
BPIC_2020_DomesticDeclarations,lstm,seq,0.4,5,0.901847,0.51086,0.97492,0.00171,0.32919,0.0057,0.331687,0.913418,0.789889,0.832457,0.07998,0.082663,0.009198,0.979711,4566,2|3|4,1,15553,0.278541,4.35,26.11,0.06,0.32,0.0,0.63,4.99,NVIDIA A100-SXM4-80GB,a7eeb9c6f4b5df0f,f86d69189bb7,1,temporal,train,all,0.7,0.15,0.15,C,noise_curve_c_s59_BPIC_2020_DomesticDeclarations
BPIC_2020_DomesticDeclarations,lstm,lll,0.4,5,0.902531,0.469819,0.975262,0.00513,0.097588,0.0,0.005486,0.911297,0.734292,0.832457,0.08437,0.0,0.008322,0.990176,4566,2|3|4,1,15553,0.278541,2.04,12.23,0.06,0.32,0.0,0.63,4.99,NVIDIA A100-SXM4-80GB,a7eeb9c6f4b5df0f,f86d69189bb7,1,temporal,train,all,0.7,0.15,0.15,C,noise_curve_c_s59_BPIC_2020_DomesticDeclarations
BPIC_2020_DomesticDeclarations,lstm,gll,0.4,5,0.905951,0.520291,0.974236,0.001368,0.225252,0.001596,0.197228,0.913847,0.738682,0.835742,0.081769,0.000894,0.002409,0.992637,4566,2|3|4,9,15553,0.278541,4.51,63.15,0.06,0.32,0.0,0.63,4.99,NVIDIA A100-SXM4-80GB,a7eeb9c6f4b5df0f,f86d69189bb7,1,temporal,train,all,0.7,0.15,0.15,C,noise_curve_c_s59_BPIC_2020_DomesticDeclarations
BPIC_2020_DomesticDeclarations,lstm,baseline,0.5,5,0.901847,0.510856,0.990994,0.00171,0.400468,0.0057,0.403093,0.912667,0.790864,0.832457,0.085182,0.087865,0.009198,0.979016,4566,2|3|4,2,19441,0.215948,2.38,16.69,0.06,0.32,0.0,0.63,4.99,NVIDIA A100-SXM4-80GB,a7eeb9c6f4b5df0f,f86d69189bb7,1,temporal,train,all,0.7,0.15,0.15,C,noise_curve_c_s59_BPIC_2020_DomesticDeclarations
BPIC_2020_DomesticDeclarations,lstm,checker,0.5,5,0.902075,0.510963,0.997834,0.001596,0.303089,0.005586,0.334206,0.912667,0.790864,0.832457,0.085182,0.087865,0.009198,0.979016,4566,2|3|4,2,19441,0.215948,2.45,17.15,0.06,0.32,0.0,0.63,4.99,NVIDIA A100-SXM4-80GB,a7eeb9c6f4b5df0f,f86d69189bb7,1,temporal,train,all,0.7,0.15,0.15,C,noise_curve_c_s59_BPIC_2020_DomesticDeclarations
BPIC_2020_DomesticDeclarations,lstm,checker_net,0.5,5,0.902189,0.51102,0.991564,0.001482,0.332139,0.005472,0.303999,0.912312,0.790214,0.832457,0.08632,0.089003,0.009198,0.978689,4566,2|3|4,2,19441,0.215948,1.94,13.58,0.06,0.32,0.0,0.63,4.99,NVIDIA A100-SXM4-80GB,a7eeb9c6f4b5df0f,f86d69189bb7,1,temporal,train,all,0.7,0.15,0.15,C,noise_curve_c_s59_BPIC_2020_DomesticDeclarations
BPIC_2020_DomesticDeclarations,lstm,checker_net_state,0.5,5,0.901847,0.510856,0.99088,0.00171,0.361595,0.0057,0.343589,0.912667,0.790864,0.832457,0.085182,0.087865,0.009198,0.979016,4566,2|3|4,2,19441,0.215948,1.96,13.74,0.06,0.32,0.0,0.63,4.99,NVIDIA A100-SXM4-80GB,a7eeb9c6f4b5df0f,f86d69189bb7,1,temporal,train,all,0.7,0.15,0.15,C,noise_curve_c_s59_BPIC_2020_DomesticDeclarations
BPIC_2020_DomesticDeclarations,lstm,marking,0.5,5,0.901847,0.51086,0.99088,0.00171,0.415363,0.0057,0.416319,0.913204,0.790539,0.832457,0.07868,0.081362,0.009198,0.979872,4566,2|3|4,4,19441,0.215948,2.24,20.12,0.06,0.32,0.0,0.63,4.99,NVIDIA A100-SXM4-80GB,a7eeb9c6f4b5df0f,f86d69189bb7,1,temporal,train,all,0.7,0.15,0.15,C,noise_curve_c_s59_BPIC_2020_DomesticDeclarations
BPIC_2020_DomesticDeclarations,lstm,gnn,0.5,5,0.901961,0.510916,0.974008,0.001596,0.403061,0.005586,0.407248,0.914179,0.792815,0.832457,0.076242,0.078924,0.009198,0.980311,4566,2|3|4,10,19441,0.215948,2.5,37.54,0.06,0.32,0.0,0.63,4.99,NVIDIA A100-SXM4-80GB,a7eeb9c6f4b5df0f,f86d69189bb7,1,temporal,train,all,0.7,0.15,0.15,C,noise_curve_c_s59_BPIC_2020_DomesticDeclarations
BPIC_2020_DomesticDeclarations,lstm,seq,0.5,5,0.902075,0.510991,0.975604,0.00171,0.403671,0.005472,0.401693,0.914557,0.789482,0.832457,0.074291,0.076973,0.009198,0.980491,4566,2|3|4,3,19441,0.215948,4.04,32.29,0.06,0.32,0.0,0.63,4.99,NVIDIA A100-SXM4-80GB,a7eeb9c6f4b5df0f,f86d69189bb7,1,temporal,train,all,0.7,0.15,0.15,C,noise_curve_c_s59_BPIC_2020_DomesticDeclarations
BPIC_2020_DomesticDeclarations,lstm,lll,0.5,5,0.901277,0.469369,0.97321,0.005358,0.125884,0.0,0.007577,0.910834,0.733155,0.831581,0.084857,0.0,0.008322,0.990137,4566,2|3|4,1,19441,0.215948,2.01,12.03,0.06,0.32,0.0,0.63,4.99,NVIDIA A100-SXM4-80GB,a7eeb9c6f4b5df0f,f86d69189bb7,1,temporal,train,all,0.7,0.15,0.15,C,noise_curve_c_s59_BPIC_2020_DomesticDeclarations
BPIC_2020_DomesticDeclarations,lstm,gll,0.5,5,0.902645,0.511762,0.97435,0.001254,0.320532,0.005016,0.272498,0.908059,0.728115,0.832457,0.091522,0.003414,0.009198,0.991717,4566,2|3|4,16,19441,0.215948,4.52,94.82,0.06,0.32,0.0,0.63,4.99,NVIDIA A100-SXM4-80GB,a7eeb9c6f4b5df0f,f86d69189bb7,1,temporal,train,all,0.7,0.15,0.15,C,noise_curve_c_s59_BPIC_2020_DomesticDeclarations
BPIC_2020_DomesticDeclarations,lstm,baseline,0.6,5,0.879617,0.426545,0.984382,0.024054,0.479968,0.028158,0.487444,0.889209,0.750549,0.805738,0.10916,0.111843,0.017083,0.976419,4566,2|3|4,1,23329,0.172677,1.8,10.82,0.06,0.32,0.0,0.63,4.99,NVIDIA A100-SXM4-80GB,a7eeb9c6f4b5df0f,f86d69189bb7,1,temporal,train,all,0.7,0.15,0.15,C,noise_curve_c_s59_BPIC_2020_DomesticDeclarations
BPIC_2020_DomesticDeclarations,lstm,checker,0.6,5,0.902303,0.511066,0.97891,0.001368,0.387405,0.005472,0.42503,0.914585,0.792977,0.832457,0.074535,0.077217,0.009198,0.980459,4566,2|3|4,6,23329,0.172677,1.8,19.8,0.06,0.32,0.0,0.63,4.99,NVIDIA A100-SXM4-80GB,a7eeb9c6f4b5df0f,f86d69189bb7,1,temporal,train,all,0.7,0.15,0.15,C,noise_curve_c_s59_BPIC_2020_DomesticDeclarations
BPIC_2020_DomesticDeclarations,lstm,checker_net,0.6,5,0.902189,0.511021,0.968422,0.001482,0.430637,0.005472,0.390829,0.914585,0.792977,0.832457,0.074453,0.077136,0.009198,0.980471,4566,2|3|4,6,23329,0.172677,1.8,19.85,0.06,0.32,0.0,0.63,4.99,NVIDIA A100-SXM4-80GB,a7eeb9c6f4b5df0f,f86d69189bb7,1,temporal,train,all,0.7,0.15,0.15,C,noise_curve_c_s59_BPIC_2020_DomesticDeclarations
BPIC_2020_DomesticDeclarations,lstm,checker_net_state,0.6,5,0.897743,0.508808,0.96808,0.005928,0.45915,0.009918,0.43119,0.912911,0.789564,0.828515,0.080956,0.083638,0.017083,0.979877,4566,2|3|4,6,23329,0.172677,1.85,20.31,0.06,0.32,0.0,0.63,4.99,NVIDIA A100-SXM4-80GB,a7eeb9c6f4b5df0f,f86d69189bb7,1,temporal,train,all,0.7,0.15,0.15,C,noise_curve_c_s59_BPIC_2020_DomesticDeclarations
BPIC_2020_DomesticDeclarations,lstm,marking,0.6,5,0.897515,0.508695,0.968422,0.006156,0.486815,0.010146,0.488539,0.913159,0.790051,0.828515,0.080387,0.083069,0.017083,0.979978,4566,2|3|4,3,23329,0.172677,2.1,16.84,0.06,0.32,0.0,0.63,4.99,NVIDIA A100-SXM4-80GB,a7eeb9c6f4b5df0f,f86d69189bb7,1,temporal,train,all,0.7,0.15,0.15,C,noise_curve_c_s59_BPIC_2020_DomesticDeclarations
BPIC_2020_DomesticDeclarations,lstm,gnn,0.6,5,0.879731,0.426607,0.950524,0.02394,0.491617,0.02793,0.4931,0.881991,0.739413,0.805738,0.13005,0.132732,0.017083,0.972233,4566,2|3|4,1,23329,0.172677,2.92,17.52,0.06,0.32,0.0,0.63,4.99,NVIDIA A100-SXM4-80GB,a7eeb9c6f4b5df0f,f86d69189bb7,1,temporal,train,all,0.7,0.15,0.15,C,noise_curve_c_s59_BPIC_2020_DomesticDeclarations
BPIC_2020_DomesticDeclarations,lstm,seq,0.6,5,0.897287,0.508335,0.968194,0.00627,0.487591,0.01026,0.48989,0.913098,0.789726,0.828515,0.080549,0.083232,0.017083,0.97996,4566,2|3|4,2,23329,0.172677,4.23,29.62,0.06,0.32,0.0,0.63,4.99,NVIDIA A100-SXM4-80GB,a7eeb9c6f4b5df0f,f86d69189bb7,1,temporal,train,all,0.7,0.15,0.15,C,noise_curve_c_s59_BPIC_2020_DomesticDeclarations
BPIC_2020_DomesticDeclarations,lstm,lll,0.6,5,0.866279,0.39313,0.972184,0.04047,0.174038,0.0,0.011243,0.865542,0.664878,0.792378,0.164919,0.0,0.061761,0.977654,4566,2|3|4,1,23329,0.172677,2.1,12.58,0.06,0.32,0.0,0.63,4.99,NVIDIA A100-SXM4-80GB,a7eeb9c6f4b5df0f,f86d69189bb7,1,temporal,train,all,0.7,0.15,0.15,C,noise_curve_c_s59_BPIC_2020_DomesticDeclarations
BPIC_2020_DomesticDeclarations,lstm,gll,0.6,5,0.902531,0.51118,0.972184,0.001254,0.413754,0.005244,0.336806,0.908059,0.728115,0.832457,0.091522,0.003414,0.009198,0.991717,4566,2|3|4,12,23329,0.172677,4.53,77.01,0.06,0.32,0.0,0.63,4.99,NVIDIA A100-SXM4-80GB,a7eeb9c6f4b5df0f,f86d69189bb7,1,temporal,train,all,0.7,0.15,0.15,C,noise_curve_c_s59_BPIC_2020_DomesticDeclarations
BPIC_2020_DomesticDeclarations,lstm,baseline,0.7,5,0.872777,0.423002,0.96808,0.03135,0.570669,0.035454,0.558199,0.885342,0.747135,0.805738,0.11932,0.122003,0.017083,0.973942,4566,2|3|4,4,27217,0.148864,1.82,16.41,0.06,0.32,0.0,0.63,4.99,NVIDIA A100-SXM4-80GB,a7eeb9c6f4b5df0f,f86d69189bb7,1,temporal,train,all,0.7,0.15,0.15,C,noise_curve_c_s59_BPIC_2020_DomesticDeclarations
BPIC_2020_DomesticDeclarations,lstm,checker,0.7,5,0.880073,0.426747,0.987916,0.023712,0.484402,0.027816,0.498465,0.883972,0.74681,0.805738,0.134439,0.137121,0.017083,0.971459,4566,2|3|4,1,27217,0.148864,1.83,10.97,0.06,0.32,0.0,0.63,4.99,NVIDIA A100-SXM4-80GB,a7eeb9c6f4b5df0f,f86d69189bb7,1,temporal,train,all,0.7,0.15,0.15,C,noise_curve_c_s59_BPIC_2020_DomesticDeclarations
BPIC_2020_DomesticDeclarations,lstm,checker_net,0.7,5,0.897629,0.508815,0.973894,0.006156,0.504636,0.010146,0.444108,0.910933,0.784605,0.828515,0.08315,0.085833,0.015331,0.97893,4566,2|3|4,8,27217,0.148864,1.84,23.88,0.06,0.32,0.0,0.63,4.99,NVIDIA A100-SXM4-80GB,a7eeb9c6f4b5df0f,f86d69189bb7,1,temporal,train,all,0.7,0.15,0.15,C,noise_curve_c_s59_BPIC_2020_DomesticDeclarations
BPIC_2020_DomesticDeclarations,lstm,checker_net_state,0.7,5,0.880757,0.433773,0.965686,0.023256,0.535875,0.027018,0.491485,0.889388,0.756076,0.805738,0.116394,0.12753,0.03986,0.973116,4566,2|3|4,8,27217,0.148864,1.84,23.92,0.06,0.32,0.0,0.63,4.99,NVIDIA A100-SXM4-80GB,a7eeb9c6f4b5df0f,f86d69189bb7,1,temporal,train,all,0.7,0.15,0.15,C,noise_curve_c_s59_BPIC_2020_DomesticDeclarations
BPIC_2020_DomesticDeclarations,lstm,marking,0.7,5,0.879731,0.426582,0.985636,0.024168,0.585802,0.028158,0.574327,0.885415,0.747216,0.805738,0.120784,0.123466,0.017302,0.973786,4566,2|3|4,3,27217,0.148864,2.06,16.48,0.06,0.32,0.0,0.63,4.99,NVIDIA A100-SXM4-80GB,a7eeb9c6f4b5df0f,f86d69189bb7,1,temporal,train,all,0.7,0.15,0.15,C,noise_curve_c_s59_BPIC_2020_DomesticDeclarations
BPIC_2020_DomesticDeclarations,lstm,gnn,0.7,5,0.879731,0.426691,0.952348,0.02394,0.581551,0.02793,0.568547,0.886535,0.744696,0.805738,0.112818,0.1155,0.015331,0.975215,4566,2|3|4,2,27217,0.148864,2.67,18.7,0.06,0.32,0.0,0.63,4.99,NVIDIA A100-SXM4-80GB,a7eeb9c6f4b5df0f,f86d69189bb7,1,temporal,train,all,0.7,0.15,0.15,C,noise_curve_c_s59_BPIC_2020_DomesticDeclarations
BPIC_2020_DomesticDeclarations,lstm,seq,0.7,5,0.875399,0.424362,0.950752,0.0285,0.582798,0.032604,0.574365,0.885257,0.746566,0.805738,0.118914,0.121596,0.017083,0.974015,4566,2|3|4,4,27217,0.148864,4.26,38.31,0.06,0.32,0.0,0.63,4.99,NVIDIA A100-SXM4-80GB,a7eeb9c6f4b5df0f,f86d69189bb7,1,temporal,train,all,0.7,0.15,0.15,C,noise_curve_c_s59_BPIC_2020_DomesticDeclarations
BPIC_2020_DomesticDeclarations,lstm,lll,0.7,5,0.867305,0.393574,0.972184,0.04047,0.242395,0.0,0.016327,0.875613,0.6878,0.792378,0.140779,0.0,0.039203,0.982858,4566,2|3|4,1,27217,0.148864,2.05,12.29,0.06,0.32,0.0,0.63,4.99,NVIDIA A100-SXM4-80GB,a7eeb9c6f4b5df0f,f86d69189bb7,1,temporal,train,all,0.7,0.15,0.15,C,noise_curve_c_s59_BPIC_2020_DomesticDeclarations
BPIC_2020_DomesticDeclarations,lstm,gll,0.7,5,0.904925,0.476872,0.971956,0.002508,0.479712,0.001026,0.376572,0.912838,0.73665,0.834866,0.084288,0.000569,0.003504,0.992342,4566,2|3|4,13,27217,0.148864,4.54,81.76,0.06,0.32,0.0,0.63,4.99,NVIDIA A100-SXM4-80GB,a7eeb9c6f4b5df0f,f86d69189bb7,1,temporal,train,all,0.7,0.15,0.15,C,noise_curve_c_s59_BPIC_2020_DomesticDeclarations
BPIC_2020_DomesticDeclarations,lstm,baseline,0.8,5,0.782034,0.37643,0.961354,0.127793,0.664849,0.131897,0.644097,0.784285,0.611314,0.665791,0.245143,0.247826,0.17696,0.948494,4566,2|3|4,3,31106,0.138794,1.87,14.97,0.06,0.32,0.0,0.63,4.99,NVIDIA A100-SXM4-80GB,a7eeb9c6f4b5df0f,f86d69189bb7,1,temporal,train,all,0.7,0.15,0.15,C,noise_curve_c_s59_BPIC_2020_DomesticDeclarations
BPIC_2020_DomesticDeclarations,lstm,checker,0.8,5,0.898769,0.509308,0.975376,0.004902,0.560734,0.009006,0.582419,0.906716,0.779972,0.829391,0.087296,0.092823,0.01555,0.977901,4566,2|3|4,3,31106,0.138794,1.94,15.51,0.06,0.32,0.0,0.63,4.99,NVIDIA A100-SXM4-80GB,a7eeb9c6f4b5df0f,f86d69189bb7,1,temporal,train,all,0.7,0.15,0.15,C,noise_curve_c_s59_BPIC_2020_DomesticDeclarations
BPIC_2020_DomesticDeclarations,lstm,checker_net,0.8,5,0.902303,0.51107,0.962266,0.001254,0.614522,0.005358,0.535093,0.911368,0.786475,0.832457,0.08185,0.084532,0.009198,0.978569,4566,2|3|4,3,31106,0.138794,2.05,16.42,0.06,0.32,0.0,0.63,4.99,NVIDIA A100-SXM4-80GB,a7eeb9c6f4b5df0f,f86d69189bb7,1,temporal,train,all,0.7,0.15,0.15,C,noise_curve_c_s59_BPIC_2020_DomesticDeclarations
BPIC_2020_DomesticDeclarations,lstm,checker_net_state,0.8,5,0.78591,0.378374,0.96124,0.123917,0.650918,0.128021,0.603041,0.823066,0.656588,0.665791,0.248395,0.251077,0.17696,0.947876,4566,2|3|4,3,31106,0.138794,1.97,15.73,0.06,0.32,0.0,0.63,4.99,NVIDIA A100-SXM4-80GB,a7eeb9c6f4b5df0f,f86d69189bb7,1,temporal,train,all,0.7,0.15,0.15,C,noise_curve_c_s59_BPIC_2020_DomesticDeclarations
BPIC_2020_DomesticDeclarations,lstm,marking,0.8,5,0.850091,0.411594,0.966256,0.05472,0.659924,0.058824,0.642055,0.875746,0.727627,0.779019,0.145249,0.147931,0.062637,0.972821,4566,2|3|4,6,31106,0.138794,2.14,23.49,0.06,0.32,0.0,0.63,4.99,NVIDIA A100-SXM4-80GB,a7eeb9c6f4b5df0f,f86d69189bb7,1,temporal,train,all,0.7,0.15,0.15,C,noise_curve_c_s59_BPIC_2020_DomesticDeclarations
BPIC_2020_DomesticDeclarations,lstm,gnn,0.8,5,0.855449,0.414022,0.948472,0.055518,0.648071,0.059166,0.638058,0.870849,0.714785,0.779019,0.154271,0.156954,0.062637,0.97094,4566,2|3|4,10,31106,0.138794,2.69,40.28,0.06,0.32,0.0,0.63,4.99,NVIDIA A100-SXM4-80GB,a7eeb9c6f4b5df0f,f86d69189bb7,1,temporal,train,all,0.7,0.15,0.15,C,noise_curve_c_s59_BPIC_2020_DomesticDeclarations
BPIC_2020_DomesticDeclarations,lstm,seq,0.8,5,0.859211,0.416048,0.94699,0.04731,0.66478,0.0513,0.640916,0.87089,0.726164,0.792378,0.150858,0.15354,0.03986,0.967602,4566,2|3|4,3,31106,0.138794,4.35,34.8,0.06,0.32,0.0,0.63,4.99,NVIDIA A100-SXM4-80GB,a7eeb9c6f4b5df0f,f86d69189bb7,1,temporal,train,all,0.7,0.15,0.15,C,noise_curve_c_s59_BPIC_2020_DomesticDeclarations
BPIC_2020_DomesticDeclarations,lstm,lll,0.8,5,0.888965,0.492455,0.972754,0.018582,0.315656,0.0,0.003093,0.870285,0.661627,0.802234,0.187922,0.0,0.0,0.989175,4566,2|3|4,4,31106,0.138794,2.03,18.27,0.06,0.32,0.0,0.63,4.99,NVIDIA A100-SXM4-80GB,a7eeb9c6f4b5df0f,f86d69189bb7,1,temporal,train,all,0.7,0.15,0.15,C,noise_curve_c_s59_BPIC_2020_DomesticDeclarations
BPIC_2020_DomesticDeclarations,lstm,gll,0.8,5,0.879731,0.464655,0.97207,0.028044,0.580142,0.0,0.442974,0.867212,0.655531,0.801796,0.195237,0.0,0.06198,0.983986,4566,2|3|4,12,31106,0.138794,4.75,80.68,0.06,0.32,0.0,0.63,4.99,NVIDIA A100-SXM4-80GB,a7eeb9c6f4b5df0f,f86d69189bb7,1,temporal,train,all,0.7,0.15,0.15,C,noise_curve_c_s59_BPIC_2020_DomesticDeclarations
BPIC_2020_DomesticDeclarations,lstm,baseline,0.0,6,0.907547,0.523588,0.998746,0.0,0.000662,0.001026,0.032906,0.91676,0.795253,0.837057,0.058847,0.065431,0.0,0.982455,4566,2|3|4,5,0,0.999456,2.12,21.2,0.06,0.32,0.0,0.63,4.99,NVIDIA A100-SXM4-80GB,a7eeb9c6f4b5df0f,f86d69189bb7,1,temporal,train,all,0.7,0.15,0.15,C,noise_curve_c_s59_BPIC_2020_DomesticDeclarations
BPIC_2020_DomesticDeclarations,lstm,checker,0.0,6,0.907547,0.523588,0.998632,0.0,0.000405,0.001026,0.032237,0.918361,0.797285,0.837057,0.064862,0.065512,0.0,0.982321,4566,2|3|4,5,0,0.999456,1.93,19.29,0.06,0.32,0.0,0.63,4.99,NVIDIA A100-SXM4-80GB,a7eeb9c6f4b5df0f,f86d69189bb7,1,temporal,train,all,0.7,0.15,0.15,C,noise_curve_c_s59_BPIC_2020_DomesticDeclarations
BPIC_2020_DomesticDeclarations,lstm,checker_net,0.0,6,0.907547,0.523588,0.998632,0.0,0.000475,0.001026,0.02238,0.919027,0.802081,0.837057,0.067545,0.068195,0.0,0.981542,4566,2|3|4,5,0,0.999456,1.94,19.37,0.06,0.32,0.0,0.63,4.99,NVIDIA A100-SXM4-80GB,a7eeb9c6f4b5df0f,f86d69189bb7,1,temporal,train,all,0.7,0.15,0.15,C,noise_curve_c_s59_BPIC_2020_DomesticDeclarations
BPIC_2020_DomesticDeclarations,lstm,checker_net_state,0.0,6,0.907547,0.523588,0.998632,0.0,0.00052,0.001026,0.023054,0.918967,0.802,0.837057,0.066732,0.067382,0.0,0.981956,4566,2|3|4,5,0,0.999456,1.97,19.74,0.06,0.32,0.0,0.63,4.99,NVIDIA A100-SXM4-80GB,a7eeb9c6f4b5df0f,f86d69189bb7,1,temporal,train,all,0.7,0.15,0.15,C,noise_curve_c_s59_BPIC_2020_DomesticDeclarations
BPIC_2020_DomesticDeclarations,lstm,marking,0.0,6,0.907547,0.523588,0.998974,0.0,0.000314,0.001026,0.037268,0.918284,0.799073,0.837057,0.064537,0.065675,0.0,0.982324,4566,2|3|4,11,0,0.999456,2.1,33.66,0.06,0.32,0.0,0.63,4.99,NVIDIA A100-SXM4-80GB,a7eeb9c6f4b5df0f,f86d69189bb7,1,temporal,train,all,0.7,0.15,0.15,C,noise_curve_c_s59_BPIC_2020_DomesticDeclarations
BPIC_2020_DomesticDeclarations,lstm,gnn,0.0,6,0.907547,0.523588,0.981874,0.0,0.00061,0.001026,0.039417,0.919027,0.802081,0.837057,0.067545,0.068195,0.0,0.981542,4566,2|3|4,6,0,0.999456,2.68,29.53,0.06,0.32,0.0,0.63,4.99,NVIDIA A100-SXM4-80GB,a7eeb9c6f4b5df0f,f86d69189bb7,1,temporal,train,all,0.7,0.15,0.15,C,noise_curve_c_s59_BPIC_2020_DomesticDeclarations
BPIC_2020_DomesticDeclarations,lstm,seq,0.0,6,0.907547,0.523588,0.99886,0.0,0.001069,0.001026,0.032805,0.917073,0.800049,0.837057,0.078274,0.078924,0.0,0.980063,4566,2|3|4,3,0,0.999456,4.35,34.84,0.06,0.32,0.0,0.63,4.99,NVIDIA A100-SXM4-80GB,a7eeb9c6f4b5df0f,f86d69189bb7,1,temporal,train,all,0.7,0.15,0.15,C,noise_curve_c_s59_BPIC_2020_DomesticDeclarations
BPIC_2020_DomesticDeclarations,lstm,lll,0.0,6,0.906521,0.478028,0.975946,0.001026,0.002729,0.0,0.00064,0.915568,0.794278,0.835961,0.070877,0.058685,0.0,0.982076,4566,2|3|4,2,0,0.999456,2.04,14.28,0.06,0.32,0.0,0.63,4.99,NVIDIA A100-SXM4-80GB,a7eeb9c6f4b5df0f,f86d69189bb7,1,temporal,train,all,0.7,0.15,0.15,C,noise_curve_c_s59_BPIC_2020_DomesticDeclarations
BPIC_2020_DomesticDeclarations,lstm,gll,0.0,6,0.907547,0.523588,0.998518,0.0,0.000889,0.001026,0.018407,0.915735,0.741689,0.837057,0.078274,0.00065,0.0,0.992833,4566,2|3|4,10,0,0.999456,4.65,69.7,0.06,0.32,0.0,0.63,4.99,NVIDIA A100-SXM4-80GB,a7eeb9c6f4b5df0f,f86d69189bb7,1,temporal,train,all,0.7,0.15,0.15,C,noise_curve_c_s59_BPIC_2020_DomesticDeclarations
BPIC_2020_DomesticDeclarations,lstm,baseline,0.1,6,0.907091,0.522754,0.980962,0.000342,0.07687,0.001482,0.106151,0.916307,0.794847,0.836837,0.070958,0.07169,0.000438,0.981233,4566,2|3|4,5,3888,0.718057,1.86,18.57,0.06,0.32,0.0,0.63,4.99,NVIDIA A100-SXM4-80GB,a7eeb9c6f4b5df0f,f86d69189bb7,1,temporal,train,all,0.7,0.15,0.15,C,noise_curve_c_s59_BPIC_2020_DomesticDeclarations
BPIC_2020_DomesticDeclarations,lstm,checker,0.1,6,0.907091,0.522754,0.980962,0.000342,0.052197,0.001482,0.086112,0.915878,0.794603,0.836837,0.062424,0.069089,0.000438,0.981913,4566,2|3|4,5,3888,0.718057,1.94,19.42,0.06,0.32,0.0,0.63,4.99,NVIDIA A100-SXM4-80GB,a7eeb9c6f4b5df0f,f86d69189bb7,1,temporal,train,all,0.7,0.15,0.15,C,noise_curve_c_s59_BPIC_2020_DomesticDeclarations
BPIC_2020_DomesticDeclarations,lstm,checker_net,0.1,6,0.907433,0.523535,0.980506,0.000342,0.056597,0.00114,0.072118,0.916603,0.795172,0.837057,0.070796,0.071365,0.0,0.98129,4566,2|3|4,5,3888,0.718057,1.92,19.21,0.06,0.32,0.0,0.63,4.99,NVIDIA A100-SXM4-80GB,a7eeb9c6f4b5df0f,f86d69189bb7,1,temporal,train,all,0.7,0.15,0.15,C,noise_curve_c_s59_BPIC_2020_DomesticDeclarations
BPIC_2020_DomesticDeclarations,lstm,checker_net_state,0.1,6,0.907091,0.522754,0.980506,0.000342,0.060998,0.001482,0.077657,0.915738,0.794522,0.836837,0.067788,0.071609,0.000438,0.981308,4566,2|3|4,5,3888,0.718057,1.96,19.56,0.06,0.32,0.0,0.63,4.99,NVIDIA A100-SXM4-80GB,a7eeb9c6f4b5df0f,f86d69189bb7,1,temporal,train,all,0.7,0.15,0.15,C,noise_curve_c_s59_BPIC_2020_DomesticDeclarations
BPIC_2020_DomesticDeclarations,lstm,marking,0.1,6,0.907091,0.522754,0.980848,0.000228,0.07517,0.001482,0.101644,0.916488,0.794928,0.836837,0.058929,0.065594,0.000438,0.982427,4566,2|3|4,7,3888,0.718057,2.11,25.26,0.06,0.32,0.0,0.63,4.99,NVIDIA A100-SXM4-80GB,a7eeb9c6f4b5df0f,f86d69189bb7,1,temporal,train,all,0.7,0.15,0.15,C,noise_curve_c_s59_BPIC_2020_DomesticDeclarations
BPIC_2020_DomesticDeclarations,lstm,gnn,0.1,6,0.907547,0.523588,0.980848,0.000114,0.082653,0.001026,0.108986,0.917201,0.800211,0.837057,0.078111,0.07868,0.0,0.980098,4566,2|3|4,6,3888,0.718057,2.67,29.33,0.06,0.32,0.0,0.63,4.99,NVIDIA A100-SXM4-80GB,a7eeb9c6f4b5df0f,f86d69189bb7,1,temporal,train,all,0.7,0.15,0.15,C,noise_curve_c_s59_BPIC_2020_DomesticDeclarations
BPIC_2020_DomesticDeclarations,lstm,seq,0.1,6,0.907091,0.522754,0.980962,0.000342,0.07357,0.001482,0.107296,0.916296,0.797854,0.836837,0.077136,0.077867,0.000438,0.980177,4566,2|3|4,7,3888,0.718057,4.02,48.21,0.06,0.32,0.0,0.63,4.99,NVIDIA A100-SXM4-80GB,a7eeb9c6f4b5df0f,f86d69189bb7,1,temporal,train,all,0.7,0.15,0.15,C,noise_curve_c_s59_BPIC_2020_DomesticDeclarations
BPIC_2020_DomesticDeclarations,lstm,lll,0.1,6,0.906521,0.478028,0.974236,0.00114,0.015068,0.0,0.000977,0.915194,0.741689,0.835961,0.081769,0.0,0.001533,0.99079,4566,2|3|4,2,3888,0.718057,2.13,14.92,0.06,0.32,0.0,0.63,4.99,NVIDIA A100-SXM4-80GB,a7eeb9c6f4b5df0f,f86d69189bb7,1,temporal,train,all,0.7,0.15,0.15,C,noise_curve_c_s59_BPIC_2020_DomesticDeclarations
BPIC_2020_DomesticDeclarations,lstm,gll,0.1,6,0.906521,0.52143,0.980392,0.001254,0.05081,0.00114,0.05584,0.914369,0.739007,0.835961,0.0812,0.00065,0.001752,0.99271,4566,2|3|4,5,3888,0.718057,4.53,45.31,0.06,0.32,0.0,0.63,4.99,NVIDIA A100-SXM4-80GB,a7eeb9c6f4b5df0f,f86d69189bb7,1,temporal,train,all,0.7,0.15,0.15,C,noise_curve_c_s59_BPIC_2020_DomesticDeclarations
BPIC_2020_DomesticDeclarations,lstm,baseline,0.2,6,0.906179,0.520402,0.980392,0.001254,0.159595,0.001368,0.186275,0.91723,0.798423,0.835742,0.072828,0.072909,0.00219,0.980913,4566,2|3|4,3,7776,0.508096,1.86,14.9,0.06,0.32,0.0,0.63,4.99,NVIDIA A100-SXM4-80GB,a7eeb9c6f4b5df0f,f86d69189bb7,1,temporal,train,all,0.7,0.15,0.15,C,noise_curve_c_s59_BPIC_2020_DomesticDeclarations
BPIC_2020_DomesticDeclarations,lstm,checker,0.2,6,0.906179,0.520402,0.980848,0.001254,0.112413,0.001368,0.14997,0.917241,0.798911,0.835742,0.073072,0.073153,0.00219,0.980879,4566,2|3|4,3,7776,0.508096,1.94,15.53,0.06,0.32,0.0,0.63,4.99,NVIDIA A100-SXM4-80GB,a7eeb9c6f4b5df0f,f86d69189bb7,1,temporal,train,all,0.7,0.15,0.15,C,noise_curve_c_s59_BPIC_2020_DomesticDeclarations
BPIC_2020_DomesticDeclarations,lstm,checker_net,0.2,6,0.906179,0.520402,0.976288,0.001254,0.122209,0.001368,0.130894,0.91723,0.798423,0.835742,0.072828,0.072909,0.00219,0.980913,4566,2|3|4,3,7776,0.508096,1.82,14.55,0.06,0.32,0.0,0.63,4.99,NVIDIA A100-SXM4-80GB,a7eeb9c6f4b5df0f,f86d69189bb7,1,temporal,train,all,0.7,0.15,0.15,C,noise_curve_c_s59_BPIC_2020_DomesticDeclarations
BPIC_2020_DomesticDeclarations,lstm,checker_net_state,0.2,6,0.906179,0.520402,0.976288,0.001254,0.133028,0.001368,0.145329,0.917198,0.798179,0.835742,0.072909,0.07299,0.00219,0.980904,4566,2|3|4,3,7776,0.508096,1.84,14.74,0.06,0.32,0.0,0.63,4.99,NVIDIA A100-SXM4-80GB,a7eeb9c6f4b5df0f,f86d69189bb7,1,temporal,train,all,0.7,0.15,0.15,C,noise_curve_c_s59_BPIC_2020_DomesticDeclarations
BPIC_2020_DomesticDeclarations,lstm,marking,0.2,6,0.902303,0.511073,0.99772,0.001368,0.158826,0.005472,0.181469,0.915873,0.796147,0.832457,0.071527,0.07421,0.009198,0.980978,4566,2|3|4,3,7776,0.508096,2.04,16.34,0.06,0.32,0.0,0.63,4.99,NVIDIA A100-SXM4-80GB,a7eeb9c6f4b5df0f,f86d69189bb7,1,temporal,train,all,0.7,0.15,0.15,C,noise_curve_c_s59_BPIC_2020_DomesticDeclarations
BPIC_2020_DomesticDeclarations,lstm,gnn,0.2,6,0.907547,0.523584,0.980506,0.000114,0.157955,0.00114,0.18026,0.919079,0.800049,0.837057,0.066813,0.067463,0.000219,0.981638,4566,2|3|4,6,7776,0.508096,2.46,27.02,0.06,0.32,0.0,0.63,4.99,NVIDIA A100-SXM4-80GB,a7eeb9c6f4b5df0f,f86d69189bb7,1,temporal,train,all,0.7,0.15,0.15,C,noise_curve_c_s59_BPIC_2020_DomesticDeclarations
BPIC_2020_DomesticDeclarations,lstm,seq,0.2,6,0.906179,0.520402,0.997378,0.001254,0.170559,0.001368,0.189654,0.915905,0.797529,0.835742,0.079899,0.07998,0.00219,0.979959,4566,2|3|4,4,7776,0.508096,4.24,38.2,0.06,0.32,0.0,0.63,4.99,NVIDIA A100-SXM4-80GB,a7eeb9c6f4b5df0f,f86d69189bb7,1,temporal,train,all,0.7,0.15,0.15,C,noise_curve_c_s59_BPIC_2020_DomesticDeclarations
BPIC_2020_DomesticDeclarations,lstm,lll,0.2,6,0.906293,0.477979,0.975262,0.001254,0.03569,0.0,0.00333,0.915907,0.742908,0.835961,0.074128,0.0,0.001533,0.991425,4566,2|3|4,1,7776,0.508096,2.26,13.56,0.06,0.32,0.0,0.63,4.99,NVIDIA A100-SXM4-80GB,a7eeb9c6f4b5df0f,f86d69189bb7,1,temporal,train,all,0.7,0.15,0.15,C,noise_curve_c_s59_BPIC_2020_DomesticDeclarations
BPIC_2020_DomesticDeclarations,lstm,gll,0.2,6,0.906179,0.520402,0.975262,0.001254,0.117101,0.001368,0.107562,0.913993,0.738682,0.835742,0.081525,0.000813,0.00219,0.992669,4566,2|3|4,5,7776,0.508096,4.58,45.75,0.06,0.32,0.0,0.63,4.99,NVIDIA A100-SXM4-80GB,a7eeb9c6f4b5df0f,f86d69189bb7,1,temporal,train,all,0.7,0.15,0.15,C,noise_curve_c_s59_BPIC_2020_DomesticDeclarations
BPIC_2020_DomesticDeclarations,lstm,baseline,0.3,6,0.902303,0.511083,0.997378,0.001368,0.24515,0.005358,0.270082,0.913951,0.791189,0.832457,0.075429,0.078111,0.008979,0.980381,4566,2|3|4,8,11665,0.375153,1.86,24.14,0.06,0.32,0.0,0.63,4.99,NVIDIA A100-SXM4-80GB,a7eeb9c6f4b5df0f,f86d69189bb7,1,temporal,train,all,0.7,0.15,0.15,C,noise_curve_c_s59_BPIC_2020_DomesticDeclarations
BPIC_2020_DomesticDeclarations,lstm,checker,0.3,6,0.903671,0.514529,0.981076,0.000114,0.149558,0.005016,0.19279,0.912881,0.787288,0.833552,0.07486,0.078274,0.007227,0.980406,4566,2|3|4,14,11665,0.375153,1.91,36.28,0.06,0.32,0.0,0.63,4.99,NVIDIA A100-SXM4-80GB,a7eeb9c6f4b5df0f,f86d69189bb7,1,temporal,train,all,0.7,0.15,0.15,C,noise_curve_c_s59_BPIC_2020_DomesticDeclarations
BPIC_2020_DomesticDeclarations,lstm,checker_net,0.3,6,0.905837,0.520246,0.997378,0.001368,0.19082,0.001596,0.192229,0.916481,0.79631,0.835742,0.076323,0.076485,0.00219,0.980412,4566,2|3|4,8,11665,0.375153,1.93,25.06,0.06,0.32,0.0,0.63,4.99,NVIDIA A100-SXM4-80GB,a7eeb9c6f4b5df0f,f86d69189bb7,1,temporal,train,all,0.7,0.15,0.15,C,noise_curve_c_s59_BPIC_2020_DomesticDeclarations
BPIC_2020_DomesticDeclarations,lstm,checker_net_state,0.3,6,0.906179,0.52062,0.980164,0.001026,0.174241,0.001482,0.183165,0.914669,0.792002,0.835742,0.07551,0.075673,0.00219,0.980628,4566,2|3|4,14,11665,0.375153,1.91,36.35,0.06,0.32,0.0,0.63,4.99,NVIDIA A100-SXM4-80GB,a7eeb9c6f4b5df0f,f86d69189bb7,1,temporal,train,all,0.7,0.15,0.15,C,noise_curve_c_s59_BPIC_2020_DomesticDeclarations
BPIC_2020_DomesticDeclarations,lstm,marking,0.3,6,0.906065,0.520568,0.995212,0.001254,0.227108,0.001596,0.244926,0.917011,0.797366,0.835742,0.072828,0.07299,0.00219,0.980939,4566,2|3|4,13,11665,0.375153,2.12,38.17,0.06,0.32,0.0,0.63,4.99,NVIDIA A100-SXM4-80GB,a7eeb9c6f4b5df0f,f86d69189bb7,1,temporal,train,all,0.7,0.15,0.15,C,noise_curve_c_s59_BPIC_2020_DomesticDeclarations
BPIC_2020_DomesticDeclarations,lstm,gnn,0.3,6,0.906293,0.520666,0.980392,0.00114,0.252792,0.001596,0.272393,0.917098,0.797448,0.835742,0.07234,0.072503,0.002409,0.980981,4566,2|3|4,8,11665,0.375153,2.66,34.6,0.06,0.32,0.0,0.63,4.99,NVIDIA A100-SXM4-80GB,a7eeb9c6f4b5df0f,f86d69189bb7,1,temporal,train,all,0.7,0.15,0.15,C,noise_curve_c_s59_BPIC_2020_DomesticDeclarations
BPIC_2020_DomesticDeclarations,lstm,seq,0.3,6,0.906179,0.520401,0.99715,0.001026,0.249068,0.001368,0.263553,0.91788,0.798261,0.835742,0.066894,0.067057,0.00219,0.981906,4566,2|3|4,10,11665,0.375153,4.43,66.52,0.06,0.32,0.0,0.63,4.99,NVIDIA A100-SXM4-80GB,a7eeb9c6f4b5df0f,f86d69189bb7,1,temporal,train,all,0.7,0.15,0.15,C,noise_curve_c_s59_BPIC_2020_DomesticDeclarations
BPIC_2020_DomesticDeclarations,lstm,lll,0.3,6,0.906293,0.477979,0.975262,0.001254,0.062916,0.0,0.00461,0.915907,0.742908,0.835961,0.074128,0.0,0.001533,0.991425,4566,2|3|4,1,11665,0.375153,2.05,12.32,0.06,0.32,0.0,0.63,4.99,NVIDIA A100-SXM4-80GB,a7eeb9c6f4b5df0f,f86d69189bb7,1,temporal,train,all,0.7,0.15,0.15,C,noise_curve_c_s59_BPIC_2020_DomesticDeclarations
BPIC_2020_DomesticDeclarations,lstm,gll,0.3,6,0.906179,0.520402,0.975262,0.00114,0.184838,0.001368,0.1631,0.91392,0.738682,0.835742,0.081525,0.000813,0.00219,0.992666,4566,2|3|4,8,11665,0.375153,4.54,58.97,0.06,0.32,0.0,0.63,4.99,NVIDIA A100-SXM4-80GB,a7eeb9c6f4b5df0f,f86d69189bb7,1,temporal,train,all,0.7,0.15,0.15,C,noise_curve_c_s59_BPIC_2020_DomesticDeclarations
BPIC_2020_DomesticDeclarations,lstm,baseline,0.4,6,0.906179,0.520402,0.980392,0.001254,0.320276,0.001368,0.339841,0.916439,0.79761,0.835742,0.075754,0.075835,0.00219,0.980504,4566,2|3|4,8,15553,0.268064,2.05,26.62,0.06,0.32,0.0,0.63,4.99,NVIDIA A100-SXM4-80GB,a7eeb9c6f4b5df0f,f86d69189bb7,1,temporal,train,all,0.7,0.15,0.15,C,noise_curve_c_s59_BPIC_2020_DomesticDeclarations
BPIC_2020_DomesticDeclarations,lstm,checker,0.4,6,0.902759,0.511816,0.981418,0.001254,0.231009,0.004902,0.275287,0.913399,0.791027,0.832457,0.080549,0.08315,0.008979,0.979649,4566,2|3|4,8,15553,0.268064,1.93,25.09,0.06,0.32,0.0,0.63,4.99,NVIDIA A100-SXM4-80GB,a7eeb9c6f4b5df0f,f86d69189bb7,1,temporal,train,all,0.7,0.15,0.15,C,noise_curve_c_s59_BPIC_2020_DomesticDeclarations
BPIC_2020_DomesticDeclarations,lstm,checker_net,0.4,6,0.906179,0.520402,0.976288,0.001254,0.253455,0.001368,0.246687,0.916438,0.797692,0.835742,0.075916,0.075998,0.00219,0.980487,4566,2|3|4,8,15553,0.268064,1.91,24.85,0.06,0.32,0.0,0.63,4.99,NVIDIA A100-SXM4-80GB,a7eeb9c6f4b5df0f,f86d69189bb7,1,temporal,train,all,0.7,0.15,0.15,C,noise_curve_c_s59_BPIC_2020_DomesticDeclarations
BPIC_2020_DomesticDeclarations,lstm,checker_net_state,0.4,6,0.902645,0.511763,0.976402,0.001368,0.269569,0.005016,0.269863,0.91317,0.790295,0.832457,0.080712,0.083313,0.008979,0.979615,4566,2|3|4,8,15553,0.268064,1.97,25.6,0.06,0.32,0.0,0.63,4.99,NVIDIA A100-SXM4-80GB,a7eeb9c6f4b5df0f,f86d69189bb7,1,temporal,train,all,0.7,0.15,0.15,C,noise_curve_c_s59_BPIC_2020_DomesticDeclarations
BPIC_2020_DomesticDeclarations,lstm,marking,0.4,6,0.901847,0.511163,0.975148,0.005472,0.321893,0.0057,0.331273,0.912047,0.789645,0.832457,0.084207,0.08437,0.002409,0.979389,4566,2|3|4,1,15553,0.268064,2.14,12.84,0.06,0.32,0.0,0.63,4.99,NVIDIA A100-SXM4-80GB,a7eeb9c6f4b5df0f,f86d69189bb7,1,temporal,train,all,0.7,0.15,0.15,C,noise_curve_c_s59_BPIC_2020_DomesticDeclarations
BPIC_2020_DomesticDeclarations,lstm,gnn,0.4,6,0.905723,0.520178,0.976516,0.00171,0.320508,0.001824,0.338304,0.918151,0.800699,0.835742,0.068845,0.068926,0.00219,0.981464,4566,2|3|4,6,15553,0.268064,2.67,29.37,0.06,0.32,0.0,0.63,4.99,NVIDIA A100-SXM4-80GB,a7eeb9c6f4b5df0f,f86d69189bb7,1,temporal,train,all,0.7,0.15,0.15,C,noise_curve_c_s59_BPIC_2020_DomesticDeclarations
BPIC_2020_DomesticDeclarations,lstm,seq,0.4,6,0.902075,0.510978,0.991564,0.001482,0.325313,0.005358,0.331416,0.913032,0.790295,0.832457,0.079168,0.081769,0.008979,0.979655,4566,2|3|4,2,15553,0.268064,4.37,30.57,0.06,0.32,0.0,0.63,4.99,NVIDIA A100-SXM4-80GB,a7eeb9c6f4b5df0f,f86d69189bb7,1,temporal,train,all,0.7,0.15,0.15,C,noise_curve_c_s59_BPIC_2020_DomesticDeclarations
BPIC_2020_DomesticDeclarations,lstm,lll,0.4,6,0.906293,0.477979,0.97321,0.001254,0.081819,0.0,0.006374,0.915194,0.741689,0.835961,0.081769,0.0,0.001533,0.99079,4566,2|3|4,1,15553,0.268064,2.05,12.27,0.06,0.32,0.0,0.63,4.99,NVIDIA A100-SXM4-80GB,a7eeb9c6f4b5df0f,f86d69189bb7,1,temporal,train,all,0.7,0.15,0.15,C,noise_curve_c_s59_BPIC_2020_DomesticDeclarations
BPIC_2020_DomesticDeclarations,lstm,gll,0.4,6,0.906179,0.520398,0.975262,0.001254,0.260747,0.001482,0.232635,0.913847,0.738682,0.835742,0.081769,0.000894,0.002409,0.992637,4566,2|3|4,6,15553,0.268064,5.0,54.96,0.06,0.32,0.0,0.63,4.99,NVIDIA A100-SXM4-80GB,a7eeb9c6f4b5df0f,f86d69189bb7,1,temporal,train,all,0.7,0.15,0.15,C,noise_curve_c_s59_BPIC_2020_DomesticDeclarations
BPIC_2020_DomesticDeclarations,lstm,baseline,0.5,6,0.906065,0.52035,0.991336,0.001368,0.40508,0.001596,0.403996,0.916707,0.798504,0.835742,0.07299,0.073153,0.002409,0.980884,4566,2|3|4,7,19441,0.214859,2.1,25.16,0.06,0.32,0.0,0.63,4.99,NVIDIA A100-SXM4-80GB,a7eeb9c6f4b5df0f,f86d69189bb7,1,temporal,train,all,0.7,0.15,0.15,C,noise_curve_c_s59_BPIC_2020_DomesticDeclarations
BPIC_2020_DomesticDeclarations,lstm,checker,0.5,6,0.902759,0.511812,0.997948,0.001254,0.302354,0.005016,0.331793,0.915016,0.796554,0.832457,0.075673,0.078355,0.009198,0.980386,4566,2|3|4,7,19441,0.214859,1.81,21.67,0.06,0.32,0.0,0.63,4.99,NVIDIA A100-SXM4-80GB,a7eeb9c6f4b5df0f,f86d69189bb7,1,temporal,train,all,0.7,0.15,0.15,C,noise_curve_c_s59_BPIC_2020_DomesticDeclarations
BPIC_2020_DomesticDeclarations,lstm,checker_net,0.5,6,0.902303,0.511389,0.97549,0.00513,0.338117,0.005358,0.316398,0.912266,0.790214,0.832457,0.08315,0.083313,0.002409,0.979643,4566,2|3|4,2,19441,0.214859,1.96,13.7,0.06,0.32,0.0,0.63,4.99,NVIDIA A100-SXM4-80GB,a7eeb9c6f4b5df0f,f86d69189bb7,1,temporal,train,all,0.7,0.15,0.15,C,noise_curve_c_s59_BPIC_2020_DomesticDeclarations
BPIC_2020_DomesticDeclarations,lstm,checker_net_state,0.5,6,0.905951,0.520284,0.991336,0.001482,0.358694,0.00171,0.335769,0.916666,0.798179,0.835742,0.073234,0.073397,0.002409,0.98085,4566,2|3|4,7,19441,0.214859,1.84,22.07,0.06,0.32,0.0,0.63,4.99,NVIDIA A100-SXM4-80GB,a7eeb9c6f4b5df0f,f86d69189bb7,1,temporal,train,all,0.7,0.15,0.15,C,noise_curve_c_s59_BPIC_2020_DomesticDeclarations
BPIC_2020_DomesticDeclarations,lstm,marking,0.5,6,0.905381,0.520001,0.976174,0.002052,0.418497,0.00228,0.416058,0.919409,0.750224,0.834866,0.0647,0.064862,0.003942,0.982501,4566,2|3|4,7,19441,0.214859,2.13,25.56,0.06,0.32,0.0,0.63,4.99,NVIDIA A100-SXM4-80GB,a7eeb9c6f4b5df0f,f86d69189bb7,1,temporal,train,all,0.7,0.15,0.15,C,noise_curve_c_s59_BPIC_2020_DomesticDeclarations
BPIC_2020_DomesticDeclarations,lstm,gnn,0.5,6,0.902075,0.51095,0.993388,0.00171,0.417997,0.005814,0.419888,0.915596,0.795334,0.832457,0.072096,0.074779,0.009198,0.980885,4566,2|3|4,4,19441,0.214859,2.83,25.51,0.06,0.32,0.0,0.63,4.99,NVIDIA A100-SXM4-80GB,a7eeb9c6f4b5df0f,f86d69189bb7,1,temporal,train,all,0.7,0.15,0.15,C,noise_curve_c_s59_BPIC_2020_DomesticDeclarations
BPIC_2020_DomesticDeclarations,lstm,seq,0.5,6,0.901277,0.51056,0.972982,0.002508,0.405235,0.006498,0.406852,0.91432,0.792408,0.831581,0.075591,0.078274,0.010731,0.980361,4566,2|3|4,2,19441,0.214859,4.5,31.5,0.06,0.32,0.0,0.63,4.99,NVIDIA A100-SXM4-80GB,a7eeb9c6f4b5df0f,f86d69189bb7,1,temporal,train,all,0.7,0.15,0.15,C,noise_curve_c_s59_BPIC_2020_DomesticDeclarations
BPIC_2020_DomesticDeclarations,lstm,lll,0.5,6,0.906293,0.47798,0.974236,0.001482,0.105605,0.0,0.002839,0.91598,0.742908,0.835961,0.074128,0.0,0.001533,0.991439,4566,2|3|4,2,19441,0.214859,2.21,15.46,0.06,0.32,0.0,0.63,4.99,NVIDIA A100-SXM4-80GB,a7eeb9c6f4b5df0f,f86d69189bb7,1,temporal,train,all,0.7,0.15,0.15,C,noise_curve_c_s59_BPIC_2020_DomesticDeclarations
BPIC_2020_DomesticDeclarations,lstm,gll,0.5,6,0.906179,0.520398,0.972184,0.001254,0.318471,0.001482,0.270263,0.913847,0.738682,0.835742,0.081769,0.000894,0.002409,0.992637,4566,2|3|4,7,19441,0.214859,4.61,55.32,0.06,0.32,0.0,0.63,4.99,NVIDIA A100-SXM4-80GB,a7eeb9c6f4b5df0f,f86d69189bb7,1,temporal,train,all,0.7,0.15,0.15,C,noise_curve_c_s59_BPIC_2020_DomesticDeclarations
BPIC_2020_DomesticDeclarations,lstm,baseline,0.6,6,0.901277,0.510575,0.975832,0.002394,0.481527,0.00627,0.477269,0.914304,0.792083,0.831581,0.076567,0.079086,0.010512,0.980347,4566,2|3|4,8,23329,0.179344,1.91,24.88,0.06,0.32,0.0,0.63,4.99,NVIDIA A100-SXM4-80GB,a7eeb9c6f4b5df0f,f86d69189bb7,1,temporal,train,all,0.7,0.15,0.15,C,noise_curve_c_s59_BPIC_2020_DomesticDeclarations
BPIC_2020_DomesticDeclarations,lstm,checker,0.6,6,0.902189,0.511031,0.998176,0.001368,0.380252,0.005244,0.414694,0.911507,0.785337,0.832457,0.071771,0.079899,0.008979,0.980648,4566,2|3|4,6,23329,0.179344,2.08,22.89,0.06,0.32,0.0,0.63,4.99,NVIDIA A100-SXM4-80GB,a7eeb9c6f4b5df0f,f86d69189bb7,1,temporal,train,all,0.7,0.15,0.15,C,noise_curve_c_s59_BPIC_2020_DomesticDeclarations
BPIC_2020_DomesticDeclarations,lstm,checker_net,0.6,6,0.902075,0.510983,0.97549,0.001368,0.417653,0.005358,0.373687,0.91493,0.793628,0.832457,0.075347,0.07803,0.008979,0.980427,4566,2|3|4,6,23329,0.179344,2.12,23.32,0.06,0.32,0.0,0.63,4.99,NVIDIA A100-SXM4-80GB,a7eeb9c6f4b5df0f,f86d69189bb7,1,temporal,train,all,0.7,0.15,0.15,C,noise_curve_c_s59_BPIC_2020_DomesticDeclarations
BPIC_2020_DomesticDeclarations,lstm,checker_net_state,0.6,6,0.902075,0.510983,0.97606,0.001368,0.446142,0.005358,0.415991,0.913267,0.791027,0.832457,0.081037,0.083719,0.008979,0.979593,4566,2|3|4,6,23329,0.179344,2.05,22.5,0.06,0.32,0.0,0.63,4.99,NVIDIA A100-SXM4-80GB,a7eeb9c6f4b5df0f,f86d69189bb7,1,temporal,train,all,0.7,0.15,0.15,C,noise_curve_c_s59_BPIC_2020_DomesticDeclarations
BPIC_2020_DomesticDeclarations,lstm,marking,0.6,6,0.901049,0.508595,0.973666,0.002622,0.482653,0.006612,0.480828,0.913792,0.793384,0.832457,0.082013,0.084695,0.008979,0.979552,4566,2|3|4,8,23329,0.179344,2.26,29.44,0.06,0.32,0.0,0.63,4.99,NVIDIA A100-SXM4-80GB,a7eeb9c6f4b5df0f,f86d69189bb7,1,temporal,train,all,0.7,0.15,0.15,C,noise_curve_c_s59_BPIC_2020_DomesticDeclarations
BPIC_2020_DomesticDeclarations,lstm,gnn,0.6,6,0.883493,0.428458,0.98803,0.020406,0.493675,0.02451,0.490048,0.889843,0.752906,0.808804,0.106397,0.109079,0.010731,0.976515,4566,2|3|4,2,23329,0.179344,2.81,19.69,0.06,0.32,0.0,0.63,4.99,NVIDIA A100-SXM4-80GB,a7eeb9c6f4b5df0f,f86d69189bb7,1,temporal,train,all,0.7,0.15,0.15,C,noise_curve_c_s59_BPIC_2020_DomesticDeclarations
BPIC_2020_DomesticDeclarations,lstm,seq,0.6,6,0.902189,0.511014,0.975034,0.001596,0.501011,0.005586,0.498308,0.913307,0.791352,0.832457,0.080387,0.083069,0.009198,0.979637,4566,2|3|4,4,23329,0.179344,4.4,39.62,0.06,0.32,0.0,0.63,4.99,NVIDIA A100-SXM4-80GB,a7eeb9c6f4b5df0f,f86d69189bb7,1,temporal,train,all,0.7,0.15,0.15,C,noise_curve_c_s59_BPIC_2020_DomesticDeclarations
BPIC_2020_DomesticDeclarations,lstm,lll,0.6,6,0.867305,0.393574,0.974236,0.04047,0.168384,0.0,0.009134,0.877253,0.675201,0.792378,0.156628,0.0,0.032852,0.981378,4566,2|3|4,1,23329,0.179344,2.25,13.52,0.06,0.32,0.0,0.63,4.99,NVIDIA A100-SXM4-80GB,a7eeb9c6f4b5df0f,f86d69189bb7,1,temporal,train,all,0.7,0.15,0.15,C,noise_curve_c_s59_BPIC_2020_DomesticDeclarations
BPIC_2020_DomesticDeclarations,lstm,gll,0.6,6,0.905837,0.476996,0.974236,0.001596,0.400705,0.00114,0.324785,0.91392,0.738682,0.835742,0.081769,0.00065,0.001971,0.992677,4566,2|3|4,6,23329,0.179344,4.69,51.54,0.06,0.32,0.0,0.63,4.99,NVIDIA A100-SXM4-80GB,a7eeb9c6f4b5df0f,f86d69189bb7,1,temporal,train,all,0.7,0.15,0.15,C,noise_curve_c_s59_BPIC_2020_DomesticDeclarations
BPIC_2020_DomesticDeclarations,lstm,baseline,0.7,6,0.876083,0.424726,0.96865,0.027588,0.563543,0.031692,0.564347,0.887601,0.75315,0.805738,0.115907,0.118589,0.017083,0.974652,4566,2|3|4,4,27217,0.150633,2.23,20.05,0.06,0.32,0.0,0.63,4.99,NVIDIA A100-SXM4-80GB,a7eeb9c6f4b5df0f,f86d69189bb7,1,temporal,train,all,0.7,0.15,0.15,C,noise_curve_c_s59_BPIC_2020_DomesticDeclarations
BPIC_2020_DomesticDeclarations,lstm,checker,0.7,6,0.880871,0.427161,0.990424,0.022914,0.462512,0.027018,0.508549,0.886816,0.753312,0.806614,0.119646,0.122328,0.01555,0.973865,4566,2|3|4,4,27217,0.150633,2.01,18.05,0.06,0.32,0.0,0.63,4.99,NVIDIA A100-SXM4-80GB,a7eeb9c6f4b5df0f,f86d69189bb7,1,temporal,train,all,0.7,0.15,0.15,C,noise_curve_c_s59_BPIC_2020_DomesticDeclarations
BPIC_2020_DomesticDeclarations,lstm,checker_net,0.7,6,0.900935,0.508534,0.971842,0.002622,0.510812,0.006726,0.469356,0.913449,0.787613,0.832457,0.077298,0.073803,0.009198,0.980423,4566,2|3|4,8,27217,0.150633,2.01,26.1,0.06,0.32,0.0,0.63,4.99,NVIDIA A100-SXM4-80GB,a7eeb9c6f4b5df0f,f86d69189bb7,1,temporal,train,all,0.7,0.15,0.15,C,noise_curve_c_s59_BPIC_2020_DomesticDeclarations
BPIC_2020_DomesticDeclarations,lstm,checker_net_state,0.7,6,0.879845,0.426653,0.96865,0.02394,0.54202,0.02793,0.511682,0.892044,0.756157,0.805738,0.102089,0.104771,0.017083,0.97764,4566,2|3|4,8,27217,0.150633,2.04,26.5,0.06,0.32,0.0,0.63,4.99,NVIDIA A100-SXM4-80GB,a7eeb9c6f4b5df0f,f86d69189bb7,1,temporal,train,all,0.7,0.15,0.15,C,noise_curve_c_s59_BPIC_2020_DomesticDeclarations
BPIC_2020_DomesticDeclarations,lstm,marking,0.7,6,0.880871,0.427597,0.972754,0.02679,0.589642,0.027132,0.583267,0.889299,0.750711,0.806614,0.106234,0.106397,0.007008,0.977208,4566,2|3|4,7,27217,0.150633,2.22,26.63,0.06,0.32,0.0,0.63,4.99,NVIDIA A100-SXM4-80GB,a7eeb9c6f4b5df0f,f86d69189bb7,1,temporal,train,all,0.7,0.15,0.15,C,noise_curve_c_s59_BPIC_2020_DomesticDeclarations
BPIC_2020_DomesticDeclarations,lstm,gnn,0.7,6,0.884633,0.429032,0.989854,0.019152,0.573203,0.023256,0.573658,0.889994,0.759815,0.80968,0.108917,0.119158,0.009198,0.975007,4566,2|3|4,9,27217,0.150633,2.86,40.06,0.06,0.32,0.0,0.63,4.99,NVIDIA A100-SXM4-80GB,a7eeb9c6f4b5df0f,f86d69189bb7,1,temporal,train,all,0.7,0.15,0.15,C,noise_curve_c_s59_BPIC_2020_DomesticDeclarations
BPIC_2020_DomesticDeclarations,lstm,seq,0.7,6,0.879959,0.426698,0.969334,0.02394,0.575016,0.028044,0.568735,0.888727,0.751036,0.805738,0.11038,0.113062,0.017083,0.976234,4566,2|3|4,4,27217,0.150633,4.58,41.21,0.06,0.32,0.0,0.63,4.99,NVIDIA A100-SXM4-80GB,a7eeb9c6f4b5df0f,f86d69189bb7,1,temporal,train,all,0.7,0.15,0.15,C,noise_curve_c_s59_BPIC_2020_DomesticDeclarations
BPIC_2020_DomesticDeclarations,lstm,lll,0.7,6,0.906407,0.521236,0.972184,0.00114,0.209504,0.0,0.001669,0.915063,0.741445,0.835961,0.081769,0.0,0.0,0.991213,4566,2|3|4,5,27217,0.150633,2.26,22.58,0.06,0.32,0.0,0.63,4.99,NVIDIA A100-SXM4-80GB,a7eeb9c6f4b5df0f,f86d69189bb7,1,temporal,train,all,0.7,0.15,0.15,C,noise_curve_c_s59_BPIC_2020_DomesticDeclarations
BPIC_2020_DomesticDeclarations,lstm,gll,0.7,6,0.902075,0.469385,0.972412,0.0057,0.478468,0.001368,0.373591,0.908132,0.728115,0.832457,0.096481,0.00065,0.008541,0.991667,4566,2|3|4,5,27217,0.150633,4.64,46.4,0.06,0.32,0.0,0.63,4.99,NVIDIA A100-SXM4-80GB,a7eeb9c6f4b5df0f,f86d69189bb7,1,temporal,train,all,0.7,0.15,0.15,C,noise_curve_c_s59_BPIC_2020_DomesticDeclarations
BPIC_2020_DomesticDeclarations,lstm,baseline,0.8,6,0.862403,0.417924,0.951664,0.041496,0.664016,0.0456,0.652208,0.883854,0.740795,0.792378,0.127855,0.130537,0.03986,0.975205,4566,2|3|4,4,31106,0.134032,2.05,18.42,0.06,0.32,0.0,0.63,4.99,NVIDIA A100-SXM4-80GB,a7eeb9c6f4b5df0f,f86d69189bb7,1,temporal,train,all,0.7,0.15,0.15,C,noise_curve_c_s59_BPIC_2020_DomesticDeclarations
BPIC_2020_DomesticDeclarations,lstm,checker,0.8,6,0.896603,0.506434,0.994072,0.007182,0.570921,0.011514,0.605764,0.909421,0.783305,0.828515,0.084939,0.088759,0.017083,0.978461,4566,2|3|4,8,31106,0.134032,1.94,25.23,0.06,0.32,0.0,0.63,4.99,NVIDIA A100-SXM4-80GB,a7eeb9c6f4b5df0f,f86d69189bb7,1,temporal,train,all,0.7,0.15,0.15,C,noise_curve_c_s59_BPIC_2020_DomesticDeclarations
BPIC_2020_DomesticDeclarations,lstm,checker_net,0.8,6,0.884405,0.393361,0.974236,0.01938,0.619368,0.022344,0.557871,0.888323,0.748923,0.80968,0.103308,0.10599,0.009198,0.976126,4566,2|3|4,4,31106,0.134032,1.9,17.13,0.06,0.32,0.0,0.63,4.99,NVIDIA A100-SXM4-80GB,a7eeb9c6f4b5df0f,f86d69189bb7,1,temporal,train,all,0.7,0.15,0.15,C,noise_curve_c_s59_BPIC_2020_DomesticDeclarations
BPIC_2020_DomesticDeclarations,lstm,checker_net_state,0.8,6,0.875969,0.424657,0.952804,0.027816,0.645856,0.03192,0.613265,0.88687,0.746078,0.805738,0.114525,0.117207,0.017083,0.974904,4566,2|3|4,4,31106,0.134032,1.96,17.62,0.06,0.32,0.0,0.63,4.99,NVIDIA A100-SXM4-80GB,a7eeb9c6f4b5df0f,f86d69189bb7,1,temporal,train,all,0.7,0.15,0.15,C,noise_curve_c_s59_BPIC_2020_DomesticDeclarations
BPIC_2020_DomesticDeclarations,lstm,marking,0.8,6,0.878933,0.43296,0.967852,0.025422,0.667356,0.029868,0.656615,0.885116,0.743884,0.805738,0.12054,0.123222,0.017083,0.974018,4566,2|3|4,8,31106,0.134032,2.39,31.01,0.06,0.32,0.0,0.63,4.99,NVIDIA A100-SXM4-80GB,a7eeb9c6f4b5df0f,f86d69189bb7,1,temporal,train,all,0.7,0.15,0.15,C,noise_curve_c_s59_BPIC_2020_DomesticDeclarations
BPIC_2020_DomesticDeclarations,lstm,gnn,0.8,6,0.861947,0.417687,0.945736,0.041952,0.657457,0.046056,0.639292,0.8826,0.738356,0.792378,0.13517,0.137853,0.03986,0.974228,4566,2|3|4,3,31106,0.134032,2.65,21.16,0.06,0.32,0.0,0.63,4.99,NVIDIA A100-SXM4-80GB,a7eeb9c6f4b5df0f,f86d69189bb7,1,temporal,train,all,0.7,0.15,0.15,C,noise_curve_c_s59_BPIC_2020_DomesticDeclarations
BPIC_2020_DomesticDeclarations,lstm,seq,0.8,6,0.874487,0.423933,0.947104,0.029298,0.661601,0.033402,0.646684,0.888908,0.750224,0.805738,0.109648,0.11233,0.017083,0.97636,4566,2|3|4,4,31106,0.134032,4.3,38.71,0.06,0.32,0.0,0.63,4.99,NVIDIA A100-SXM4-80GB,a7eeb9c6f4b5df0f,f86d69189bb7,1,temporal,train,all,0.7,0.15,0.15,C,noise_curve_c_s59_BPIC_2020_DomesticDeclarations
BPIC_2020_DomesticDeclarations,lstm,lll,0.8,6,0.888737,0.451405,0.971956,0.019152,0.287079,0.0,0.00132,0.870322,0.661627,0.802234,0.187922,0.0,0.0,0.989188,4566,2|3|4,8,31106,0.134032,2.01,26.16,0.06,0.32,0.0,0.63,4.99,NVIDIA A100-SXM4-80GB,a7eeb9c6f4b5df0f,f86d69189bb7,1,temporal,train,all,0.7,0.15,0.15,C,noise_curve_c_s59_BPIC_2020_DomesticDeclarations
BPIC_2020_DomesticDeclarations,lstm,gll,0.8,6,0.882695,0.420847,0.974236,0.026562,0.56674,0.0,0.465284,0.880677,0.68528,0.806176,0.143136,0.0,0.024529,0.987014,4566,2|3|4,16,31106,0.134032,4.5,94.53,0.06,0.32,0.0,0.63,4.99,NVIDIA A100-SXM4-80GB,a7eeb9c6f4b5df0f,f86d69189bb7,1,temporal,train,all,0.7,0.15,0.15,C,noise_curve_c_s59_BPIC_2020_DomesticDeclarations
BPIC_2020_DomesticDeclarations,lstm,baseline,0.0,7,0.907661,0.523842,0.998974,0.0,0.003877,0.00114,0.041647,0.917945,0.795334,0.837276,0.065187,0.065919,0.0,0.98239,4566,2|3|4,1,0,0.999456,1.86,11.14,0.06,0.32,0.0,0.63,4.99,NVIDIA A100-SXM4-80GB,a7eeb9c6f4b5df0f,f86d69189bb7,1,temporal,train,all,0.7,0.15,0.15,C,noise_curve_c_s59_BPIC_2020_DomesticDeclarations
BPIC_2020_DomesticDeclarations,lstm,checker,0.0,7,0.907547,0.523594,0.99886,0.0,0.002664,0.001026,0.040906,0.91784,0.794928,0.837057,0.064944,0.065594,0.0,0.982402,4566,2|3|4,1,0,0.999456,1.88,11.25,0.06,0.32,0.0,0.63,4.99,NVIDIA A100-SXM4-80GB,a7eeb9c6f4b5df0f,f86d69189bb7,1,temporal,train,all,0.7,0.15,0.15,C,noise_curve_c_s59_BPIC_2020_DomesticDeclarations
BPIC_2020_DomesticDeclarations,lstm,checker_net,0.0,7,0.907547,0.523594,0.99886,0.0,0.003173,0.001026,0.029292,0.91784,0.794928,0.837057,0.064944,0.065594,0.0,0.982402,4566,2|3|4,1,0,0.999456,1.93,11.6,0.06,0.32,0.0,0.63,4.99,NVIDIA A100-SXM4-80GB,a7eeb9c6f4b5df0f,f86d69189bb7,1,temporal,train,all,0.7,0.15,0.15,C,noise_curve_c_s59_BPIC_2020_DomesticDeclarations
BPIC_2020_DomesticDeclarations,lstm,checker_net_state,0.0,7,0.907547,0.523594,0.998974,0.0,0.003311,0.001026,0.030554,0.91784,0.794928,0.837057,0.064944,0.065594,0.0,0.982402,4566,2|3|4,1,0,0.999456,1.97,11.84,0.06,0.32,0.0,0.63,4.99,NVIDIA A100-SXM4-80GB,a7eeb9c6f4b5df0f,f86d69189bb7,1,temporal,train,all,0.7,0.15,0.15,C,noise_curve_c_s59_BPIC_2020_DomesticDeclarations
BPIC_2020_DomesticDeclarations,lstm,marking,0.0,7,0.907661,0.523842,0.981874,0.0,0.002155,0.00114,0.037173,0.918059,0.795416,0.837276,0.064781,0.065512,0.0,0.982427,4566,2|3|4,2,0,0.999456,2.1,14.72,0.06,0.32,0.0,0.63,4.99,NVIDIA A100-SXM4-80GB,a7eeb9c6f4b5df0f,f86d69189bb7,1,temporal,train,all,0.7,0.15,0.15,C,noise_curve_c_s59_BPIC_2020_DomesticDeclarations
BPIC_2020_DomesticDeclarations,lstm,gnn,0.0,7,0.907661,0.523842,0.981874,0.0,0.000462,0.00114,0.03854,0.916488,0.795172,0.837057,0.070471,0.071446,0.0,0.981578,4566,2|3|4,7,0,0.999456,2.65,31.84,0.06,0.32,0.0,0.63,4.99,NVIDIA A100-SXM4-80GB,a7eeb9c6f4b5df0f,f86d69189bb7,1,temporal,train,all,0.7,0.15,0.15,C,noise_curve_c_s59_BPIC_2020_DomesticDeclarations
BPIC_2020_DomesticDeclarations,lstm,seq,0.0,7,0.907547,0.523588,0.981532,0.0,0.001201,0.001026,0.036442,0.919027,0.802081,0.837057,0.067545,0.068195,0.0,0.981542,4566,2|3|4,3,0,0.999456,4.31,34.47,0.06,0.32,0.0,0.63,4.99,NVIDIA A100-SXM4-80GB,a7eeb9c6f4b5df0f,f86d69189bb7,1,temporal,train,all,0.7,0.15,0.15,C,noise_curve_c_s59_BPIC_2020_DomesticDeclarations
BPIC_2020_DomesticDeclarations,lstm,lll,0.0,7,0.906293,0.47742,0.975832,0.001254,0.006995,0.000912,0.002318,0.914341,0.791677,0.835961,0.07933,0.066163,0.0,0.981582,4566,2|3|4,1,0,0.999456,2.03,12.17,0.06,0.32,0.0,0.63,4.99,NVIDIA A100-SXM4-80GB,a7eeb9c6f4b5df0f,f86d69189bb7,1,temporal,train,all,0.7,0.15,0.15,C,noise_curve_c_s59_BPIC_2020_DomesticDeclarations
BPIC_2020_DomesticDeclarations,lstm,gll,0.0,7,0.907775,0.524095,0.980392,0.0,0.002223,0.001254,0.029306,0.915881,0.742177,0.837276,0.078111,0.000732,0.0,0.992838,4566,2|3|4,3,0,0.999456,4.52,36.16,0.06,0.32,0.0,0.63,4.99,NVIDIA A100-SXM4-80GB,a7eeb9c6f4b5df0f,f86d69189bb7,1,temporal,train,all,0.7,0.15,0.15,C,noise_curve_c_s59_BPIC_2020_DomesticDeclarations
BPIC_2020_DomesticDeclarations,lstm,baseline,0.1,7,0.907205,0.522807,0.980848,0.000114,0.073004,0.001368,0.10882,0.916455,0.795253,0.836837,0.074372,0.075104,0.000438,0.980536,4566,2|3|4,4,3888,0.712478,1.85,16.65,0.06,0.32,0.0,0.63,4.99,NVIDIA A100-SXM4-80GB,a7eeb9c6f4b5df0f,f86d69189bb7,1,temporal,train,all,0.7,0.15,0.15,C,noise_curve_c_s59_BPIC_2020_DomesticDeclarations
BPIC_2020_DomesticDeclarations,lstm,checker,0.1,7,0.907205,0.522807,0.980962,0.000114,0.049417,0.001368,0.090933,0.916508,0.796391,0.836837,0.06535,0.070471,0.000438,0.981472,4566,2|3|4,4,3888,0.712478,1.93,17.37,0.06,0.32,0.0,0.63,4.99,NVIDIA A100-SXM4-80GB,a7eeb9c6f4b5df0f,f86d69189bb7,1,temporal,train,all,0.7,0.15,0.15,C,noise_curve_c_s59_BPIC_2020_DomesticDeclarations
BPIC_2020_DomesticDeclarations,lstm,checker_net,0.1,7,0.907319,0.523069,0.997606,0.000228,0.055285,0.001254,0.076742,0.918772,0.800049,0.836837,0.066976,0.067707,0.000438,0.981572,4566,2|3|4,5,3888,0.712478,1.96,19.59,0.06,0.32,0.0,0.63,4.99,NVIDIA A100-SXM4-80GB,a7eeb9c6f4b5df0f,f86d69189bb7,1,temporal,train,all,0.7,0.15,0.15,C,noise_curve_c_s59_BPIC_2020_DomesticDeclarations
BPIC_2020_DomesticDeclarations,lstm,checker_net_state,0.1,7,0.907319,0.523065,0.998176,0.000114,0.059444,0.001482,0.082865,0.918772,0.801349,0.836837,0.067382,0.068113,0.000438,0.981518,4566,2|3|4,5,3888,0.712478,1.98,19.84,0.06,0.32,0.0,0.63,4.99,NVIDIA A100-SXM4-80GB,a7eeb9c6f4b5df0f,f86d69189bb7,1,temporal,train,all,0.7,0.15,0.15,C,noise_curve_c_s59_BPIC_2020_DomesticDeclarations
BPIC_2020_DomesticDeclarations,lstm,marking,0.1,7,0.907547,0.523588,0.980962,0.000228,0.07434,0.001026,0.10979,0.919089,0.802568,0.837057,0.065187,0.065756,0.0,0.981954,4566,2|3|4,10,3888,0.712478,2.15,32.26,0.06,0.32,0.0,0.63,4.99,NVIDIA A100-SXM4-80GB,a7eeb9c6f4b5df0f,f86d69189bb7,1,temporal,train,all,0.7,0.15,0.15,C,noise_curve_c_s59_BPIC_2020_DomesticDeclarations
BPIC_2020_DomesticDeclarations,lstm,gnn,0.1,7,0.906179,0.520402,0.981304,0.001254,0.067035,0.001368,0.102495,0.917863,0.798179,0.835742,0.068764,0.068845,0.00219,0.981443,4566,2|3|4,1,3888,0.712478,2.68,16.11,0.06,0.32,0.0,0.63,4.99,NVIDIA A100-SXM4-80GB,a7eeb9c6f4b5df0f,f86d69189bb7,1,temporal,train,all,0.7,0.15,0.15,C,noise_curve_c_s59_BPIC_2020_DomesticDeclarations
BPIC_2020_DomesticDeclarations,lstm,seq,0.1,7,0.907205,0.522807,0.981076,0.000228,0.070746,0.001368,0.10516,0.918897,0.800618,0.836837,0.065269,0.066,0.000438,0.981993,4566,2|3|4,6,3888,0.712478,4.27,46.92,0.06,0.32,0.0,0.63,4.99,NVIDIA A100-SXM4-80GB,a7eeb9c6f4b5df0f,f86d69189bb7,1,temporal,train,all,0.7,0.15,0.15,C,noise_curve_c_s59_BPIC_2020_DomesticDeclarations
BPIC_2020_DomesticDeclarations,lstm,lll,0.1,7,0.902531,0.469819,0.972526,0.005244,0.026662,0.0,0.002413,0.908281,0.730147,0.832457,0.096562,0.0,0.008322,0.990041,4566,2|3|4,1,3888,0.712478,2.0,12.01,0.06,0.32,0.0,0.63,4.99,NVIDIA A100-SXM4-80GB,a7eeb9c6f4b5df0f,f86d69189bb7,1,temporal,train,all,0.7,0.15,0.15,C,noise_curve_c_s59_BPIC_2020_DomesticDeclarations
BPIC_2020_DomesticDeclarations,lstm,gll,0.1,7,0.907547,0.523588,0.980506,0.000228,0.048796,0.001026,0.061437,0.915808,0.741689,0.837057,0.078274,0.00065,0.0,0.992835,4566,2|3|4,4,3888,0.712478,4.63,41.69,0.06,0.32,0.0,0.63,4.99,NVIDIA A100-SXM4-80GB,a7eeb9c6f4b5df0f,f86d69189bb7,1,temporal,train,all,0.7,0.15,0.15,C,noise_curve_c_s59_BPIC_2020_DomesticDeclarations
BPIC_2020_DomesticDeclarations,lstm,baseline,0.2,7,0.906293,0.520674,0.993958,0.00114,0.150476,0.001368,0.187537,0.916527,0.798179,0.835742,0.072584,0.072665,0.00219,0.980891,4566,2|3|4,3,7776,0.506055,1.78,14.22,0.06,0.32,0.0,0.63,4.99,NVIDIA A100-SXM4-80GB,a7eeb9c6f4b5df0f,f86d69189bb7,1,temporal,train,all,0.7,0.15,0.15,C,noise_curve_c_s59_BPIC_2020_DomesticDeclarations
BPIC_2020_DomesticDeclarations,lstm,checker,0.2,7,0.907205,0.522807,0.981076,0.000228,0.103733,0.001368,0.153357,0.918814,0.799967,0.836837,0.067057,0.067788,0.000438,0.98156,4566,2|3|4,3,7776,0.506055,1.81,14.52,0.06,0.32,0.0,0.63,4.99,NVIDIA A100-SXM4-80GB,a7eeb9c6f4b5df0f,f86d69189bb7,1,temporal,train,all,0.7,0.15,0.15,C,noise_curve_c_s59_BPIC_2020_DomesticDeclarations
BPIC_2020_DomesticDeclarations,lstm,checker_net,0.2,7,0.907205,0.522807,0.993616,0.000228,0.116052,0.001368,0.133798,0.917359,0.801024,0.836837,0.072828,0.073559,0.000438,0.980797,4566,2|3|4,3,7776,0.506055,1.82,14.53,0.06,0.32,0.0,0.63,4.99,NVIDIA A100-SXM4-80GB,a7eeb9c6f4b5df0f,f86d69189bb7,1,temporal,train,all,0.7,0.15,0.15,C,noise_curve_c_s59_BPIC_2020_DomesticDeclarations
BPIC_2020_DomesticDeclarations,lstm,checker_net_state,0.2,7,0.906293,0.521825,0.997606,0.00114,0.118832,0.001254,0.130853,0.916346,0.79566,0.835304,0.07104,0.071121,0.00219,0.981088,4566,2|3|4,16,7776,0.506055,1.84,38.73,0.06,0.32,0.0,0.63,4.99,NVIDIA A100-SXM4-80GB,a7eeb9c6f4b5df0f,f86d69189bb7,1,temporal,train,all,0.7,0.15,0.15,C,noise_curve_c_s59_BPIC_2020_DomesticDeclarations
BPIC_2020_DomesticDeclarations,lstm,marking,0.2,7,0.907319,0.523069,0.980734,0.000114,0.148372,0.001254,0.183761,0.917429,0.799724,0.836837,0.071609,0.07234,0.000438,0.980933,4566,2|3|4,5,7776,0.506055,2.15,21.51,0.06,0.32,0.0,0.63,4.99,NVIDIA A100-SXM4-80GB,a7eeb9c6f4b5df0f,f86d69189bb7,1,temporal,train,all,0.7,0.15,0.15,C,noise_curve_c_s59_BPIC_2020_DomesticDeclarations
BPIC_2020_DomesticDeclarations,lstm,gnn,0.2,7,0.906065,0.520349,0.979594,0.001368,0.141406,0.001482,0.166607,0.917891,0.798098,0.835742,0.068682,0.068764,0.00219,0.981454,4566,2|3|4,1,7776,0.506055,2.69,16.15,0.06,0.32,0.0,0.63,4.99,NVIDIA A100-SXM4-80GB,a7eeb9c6f4b5df0f,f86d69189bb7,1,temporal,train,all,0.7,0.15,0.15,C,noise_curve_c_s59_BPIC_2020_DomesticDeclarations
BPIC_2020_DomesticDeclarations,lstm,seq,0.2,7,0.906179,0.520402,0.979708,0.001254,0.140328,0.001368,0.171509,0.9173,0.798748,0.835742,0.071202,0.071283,0.00219,0.98111,4566,2|3|4,1,7776,0.506055,4.38,26.26,0.06,0.32,0.0,0.63,4.99,NVIDIA A100-SXM4-80GB,a7eeb9c6f4b5df0f,f86d69189bb7,1,temporal,train,all,0.7,0.15,0.15,C,noise_curve_c_s59_BPIC_2020_DomesticDeclarations
BPIC_2020_DomesticDeclarations,lstm,lll,0.2,7,0.902531,0.469819,0.975262,0.005244,0.041742,0.0,0.003367,0.911297,0.734455,0.832457,0.08437,0.0,0.008322,0.990174,4566,2|3|4,1,7776,0.506055,2.07,12.41,0.06,0.32,0.0,0.63,4.99,NVIDIA A100-SXM4-80GB,a7eeb9c6f4b5df0f,f86d69189bb7,1,temporal,train,all,0.7,0.15,0.15,C,noise_curve_c_s59_BPIC_2020_DomesticDeclarations
BPIC_2020_DomesticDeclarations,lstm,gll,0.2,7,0.905951,0.520302,0.993388,0.001254,0.104922,0.001368,0.114692,0.913993,0.738682,0.835742,0.081525,0.000813,0.00219,0.992669,4566,2|3|4,3,7776,0.506055,4.55,36.43,0.06,0.32,0.0,0.63,4.99,NVIDIA A100-SXM4-80GB,a7eeb9c6f4b5df0f,f86d69189bb7,1,temporal,train,all,0.7,0.15,0.15,C,noise_curve_c_s59_BPIC_2020_DomesticDeclarations
BPIC_2020_DomesticDeclarations,lstm,baseline,0.3,7,0.905837,0.520246,0.997036,0.001482,0.241867,0.001596,0.265137,0.917922,0.798098,0.835742,0.068764,0.068845,0.00219,0.981443,4566,2|3|4,5,11665,0.369846,1.89,18.89,0.06,0.32,0.0,0.63,4.99,NVIDIA A100-SXM4-80GB,a7eeb9c6f4b5df0f,f86d69189bb7,1,temporal,train,all,0.7,0.15,0.15,C,noise_curve_c_s59_BPIC_2020_DomesticDeclarations
BPIC_2020_DomesticDeclarations,lstm,checker,0.3,7,0.905837,0.520246,0.980962,0.001482,0.17328,0.001596,0.215888,0.916381,0.794197,0.835742,0.070227,0.070308,0.00219,0.981211,4566,2|3|4,5,11665,0.369846,1.96,19.58,0.06,0.32,0.0,0.63,4.99,NVIDIA A100-SXM4-80GB,a7eeb9c6f4b5df0f,f86d69189bb7,1,temporal,train,all,0.7,0.15,0.15,C,noise_curve_c_s59_BPIC_2020_DomesticDeclarations
BPIC_2020_DomesticDeclarations,lstm,checker_net,0.3,7,0.905951,0.520296,0.993388,0.001482,0.188364,0.001596,0.188622,0.917712,0.744534,0.835742,0.065431,0.065512,0.00219,0.982257,4566,2|3|4,5,11665,0.369846,1.96,19.6,0.06,0.32,0.0,0.63,4.99,NVIDIA A100-SXM4-80GB,a7eeb9c6f4b5df0f,f86d69189bb7,1,temporal,train,all,0.7,0.15,0.15,C,noise_curve_c_s59_BPIC_2020_DomesticDeclarations
BPIC_2020_DomesticDeclarations,lstm,checker_net_state,0.3,7,0.905837,0.520246,0.993502,0.001482,0.20377,0.001596,0.209755,0.917739,0.744534,0.835742,0.06535,0.065431,0.00219,0.982268,4566,2|3|4,5,11665,0.369846,1.97,19.74,0.06,0.32,0.0,0.63,4.99,NVIDIA A100-SXM4-80GB,a7eeb9c6f4b5df0f,f86d69189bb7,1,temporal,train,all,0.7,0.15,0.15,C,noise_curve_c_s59_BPIC_2020_DomesticDeclarations
BPIC_2020_DomesticDeclarations,lstm,marking,0.3,7,0.905837,0.52024,0.976402,0.001482,0.224871,0.001596,0.247876,0.918686,0.790458,0.835742,0.066894,0.066976,0.00219,0.982039,4566,2|3|4,4,11665,0.369846,2.15,19.37,0.06,0.32,0.0,0.63,4.99,NVIDIA A100-SXM4-80GB,a7eeb9c6f4b5df0f,f86d69189bb7,1,temporal,train,all,0.7,0.15,0.15,C,noise_curve_c_s59_BPIC_2020_DomesticDeclarations
BPIC_2020_DomesticDeclarations,lstm,gnn,0.3,7,0.905723,0.520196,0.979936,0.001482,0.244806,0.001596,0.260534,0.91797,0.800374,0.835742,0.069414,0.069495,0.00219,0.981368,4566,2|3|4,3,11665,0.369846,2.69,21.51,0.06,0.32,0.0,0.63,4.99,NVIDIA A100-SXM4-80GB,a7eeb9c6f4b5df0f,f86d69189bb7,1,temporal,train,all,0.7,0.15,0.15,C,noise_curve_c_s59_BPIC_2020_DomesticDeclarations
BPIC_2020_DomesticDeclarations,lstm,seq,0.3,7,0.902531,0.511702,0.980392,0.001482,0.237979,0.005244,0.259481,0.912609,0.787694,0.832457,0.081606,0.084288,0.009198,0.979461,4566,2|3|4,3,11665,0.369846,4.39,35.09,0.06,0.32,0.0,0.63,4.99,NVIDIA A100-SXM4-80GB,a7eeb9c6f4b5df0f,f86d69189bb7,1,temporal,train,all,0.7,0.15,0.15,C,noise_curve_c_s59_BPIC_2020_DomesticDeclarations
BPIC_2020_DomesticDeclarations,lstm,lll,0.3,7,0.902303,0.469765,0.975262,0.005358,0.06245,0.0,0.004958,0.910254,0.732017,0.832457,0.086889,0.0,0.008322,0.990256,4566,2|3|4,1,11665,0.369846,2.07,12.4,0.06,0.32,0.0,0.63,4.99,NVIDIA A100-SXM4-80GB,a7eeb9c6f4b5df0f,f86d69189bb7,1,temporal,train,all,0.7,0.15,0.15,C,noise_curve_c_s59_BPIC_2020_DomesticDeclarations
BPIC_2020_DomesticDeclarations,lstm,gll,0.3,7,0.905951,0.520302,0.975262,0.001254,0.176049,0.001368,0.160522,0.913993,0.738682,0.835742,0.081525,0.000813,0.00219,0.992669,4566,2|3|4,2,11665,0.369846,4.57,31.99,0.06,0.32,0.0,0.63,4.99,NVIDIA A100-SXM4-80GB,a7eeb9c6f4b5df0f,f86d69189bb7,1,temporal,train,all,0.7,0.15,0.15,C,noise_curve_c_s59_BPIC_2020_DomesticDeclarations
BPIC_2020_DomesticDeclarations,lstm,baseline,0.4,7,0.902873,0.512129,0.997264,0.00114,0.31092,0.004902,0.329249,0.913643,0.746485,0.832457,0.074047,0.076648,0.008979,0.980506,4566,2|3|4,16,15553,0.27201,1.86,39.11,0.06,0.32,0.0,0.63,4.99,NVIDIA A100-SXM4-80GB,a7eeb9c6f4b5df0f,f86d69189bb7,1,temporal,train,all,0.7,0.15,0.15,C,noise_curve_c_s59_BPIC_2020_DomesticDeclarations
BPIC_2020_DomesticDeclarations,lstm,checker,0.4,7,0.902303,0.511077,0.99772,0.001368,0.241011,0.005358,0.28213,0.910686,0.787938,0.832457,0.091522,0.094205,0.009198,0.977163,4566,2|3|4,1,15553,0.27201,1.98,11.88,0.06,0.32,0.0,0.63,4.99,NVIDIA A100-SXM4-80GB,a7eeb9c6f4b5df0f,f86d69189bb7,1,temporal,train,all,0.7,0.15,0.15,C,noise_curve_c_s59_BPIC_2020_DomesticDeclarations
BPIC_2020_DomesticDeclarations,lstm,checker_net,0.4,7,0.902303,0.511077,0.991222,0.001368,0.26288,0.005358,0.257835,0.910759,0.787938,0.832457,0.09136,0.094042,0.009198,0.977212,4566,2|3|4,1,15553,0.27201,1.97,11.85,0.06,0.32,0.0,0.63,4.99,NVIDIA A100-SXM4-80GB,a7eeb9c6f4b5df0f,f86d69189bb7,1,temporal,train,all,0.7,0.15,0.15,C,noise_curve_c_s59_BPIC_2020_DomesticDeclarations
BPIC_2020_DomesticDeclarations,lstm,checker_net_state,0.4,7,0.902531,0.512051,0.993502,0.001482,0.256813,0.005244,0.252341,0.911676,0.787938,0.832457,0.079899,0.0825,0.008979,0.979838,4566,2|3|4,16,15553,0.27201,1.98,41.63,0.06,0.32,0.0,0.63,4.99,NVIDIA A100-SXM4-80GB,a7eeb9c6f4b5df0f,f86d69189bb7,1,temporal,train,all,0.7,0.15,0.15,C,noise_curve_c_s59_BPIC_2020_DomesticDeclarations
BPIC_2020_DomesticDeclarations,lstm,marking,0.4,7,0.902303,0.511074,0.99772,0.001482,0.321391,0.005472,0.339155,0.912789,0.789645,0.832457,0.083557,0.086239,0.009198,0.979189,4566,2|3|4,2,15553,0.27201,2.17,15.19,0.06,0.32,0.0,0.63,4.99,NVIDIA A100-SXM4-80GB,a7eeb9c6f4b5df0f,f86d69189bb7,1,temporal,train,all,0.7,0.15,0.15,C,noise_curve_c_s59_BPIC_2020_DomesticDeclarations
BPIC_2020_DomesticDeclarations,lstm,gnn,0.4,7,0.902531,0.511184,0.980734,0.001254,0.3099,0.00513,0.319466,0.913384,0.791108,0.832457,0.080224,0.082825,0.008979,0.979686,4566,2|3|4,6,15553,0.27201,2.5,27.45,0.06,0.32,0.0,0.63,4.99,NVIDIA A100-SXM4-80GB,a7eeb9c6f4b5df0f,f86d69189bb7,1,temporal,train,all,0.7,0.15,0.15,C,noise_curve_c_s59_BPIC_2020_DomesticDeclarations
BPIC_2020_DomesticDeclarations,lstm,seq,0.4,7,0.902417,0.511123,0.976288,0.001368,0.31562,0.005358,0.329992,0.913086,0.790783,0.832457,0.081769,0.084451,0.009198,0.979349,4566,2|3|4,2,15553,0.27201,3.86,27.02,0.06,0.32,0.0,0.63,4.99,NVIDIA A100-SXM4-80GB,a7eeb9c6f4b5df0f,f86d69189bb7,1,temporal,train,all,0.7,0.15,0.15,C,noise_curve_c_s59_BPIC_2020_DomesticDeclarations
BPIC_2020_DomesticDeclarations,lstm,lll,0.4,7,0.902303,0.469776,0.97321,0.005358,0.083501,0.0,0.0064,0.910254,0.732179,0.832457,0.086889,0.0,0.008322,0.989831,4566,2|3|4,1,15553,0.27201,2.06,12.38,0.06,0.32,0.0,0.63,4.99,NVIDIA A100-SXM4-80GB,a7eeb9c6f4b5df0f,f86d69189bb7,1,temporal,train,all,0.7,0.15,0.15,C,noise_curve_c_s59_BPIC_2020_DomesticDeclarations
BPIC_2020_DomesticDeclarations,lstm,gll,0.4,7,0.906065,0.520352,0.974236,0.001254,0.243731,0.001368,0.215278,0.913993,0.738682,0.835742,0.081525,0.000813,0.00219,0.992669,4566,2|3|4,9,15553,0.27201,4.57,64.0,0.06,0.32,0.0,0.63,4.99,NVIDIA A100-SXM4-80GB,a7eeb9c6f4b5df0f,f86d69189bb7,1,temporal,train,all,0.7,0.15,0.15,C,noise_curve_c_s59_BPIC_2020_DomesticDeclarations
BPIC_2020_DomesticDeclarations,lstm,baseline,0.5,7,0.902075,0.510953,0.975148,0.00171,0.394157,0.0057,0.393977,0.912458,0.790295,0.832457,0.085589,0.088271,0.009198,0.978803,4566,2|3|4,3,19441,0.216628,1.88,15.04,0.06,0.32,0.0,0.63,4.99,NVIDIA A100-SXM4-80GB,a7eeb9c6f4b5df0f,f86d69189bb7,1,temporal,train,all,0.7,0.15,0.15,C,noise_curve_c_s59_BPIC_2020_DomesticDeclarations
BPIC_2020_DomesticDeclarations,lstm,checker,0.5,7,0.902303,0.511066,0.979708,0.001482,0.299362,0.005472,0.330008,0.911379,0.789076,0.832457,0.087702,0.090384,0.009198,0.977795,4566,2|3|4,3,19441,0.216628,1.85,14.78,0.06,0.32,0.0,0.63,4.99,NVIDIA A100-SXM4-80GB,a7eeb9c6f4b5df0f,f86d69189bb7,1,temporal,train,all,0.7,0.15,0.15,C,noise_curve_c_s59_BPIC_2020_DomesticDeclarations
BPIC_2020_DomesticDeclarations,lstm,checker_net,0.5,7,0.901961,0.510903,0.975148,0.00171,0.330217,0.0057,0.299362,0.912508,0.790701,0.832457,0.084776,0.087458,0.009198,0.978893,4566,2|3|4,3,19441,0.216628,1.82,14.52,0.06,0.32,0.0,0.63,4.99,NVIDIA A100-SXM4-80GB,a7eeb9c6f4b5df0f,f86d69189bb7,1,temporal,train,all,0.7,0.15,0.15,C,noise_curve_c_s59_BPIC_2020_DomesticDeclarations
BPIC_2020_DomesticDeclarations,lstm,checker_net_state,0.5,7,0.901163,0.510505,0.975148,0.002508,0.3593,0.006498,0.338608,0.912157,0.789645,0.831581,0.08632,0.089003,0.010731,0.978735,4566,2|3|4,3,19441,0.216628,1.86,14.84,0.06,0.32,0.0,0.63,4.99,NVIDIA A100-SXM4-80GB,a7eeb9c6f4b5df0f,f86d69189bb7,1,temporal,train,all,0.7,0.15,0.15,C,noise_curve_c_s59_BPIC_2020_DomesticDeclarations
BPIC_2020_DomesticDeclarations,lstm,marking,0.5,7,0.902645,0.511513,0.977998,0.001254,0.41959,0.005358,0.411387,0.91304,0.789889,0.832457,0.082581,0.085264,0.009198,0.979338,4566,2|3|4,7,19441,0.216628,2.03,24.37,0.06,0.32,0.0,0.63,4.99,NVIDIA A100-SXM4-80GB,a7eeb9c6f4b5df0f,f86d69189bb7,1,temporal,train,all,0.7,0.15,0.15,C,noise_curve_c_s59_BPIC_2020_DomesticDeclarations
BPIC_2020_DomesticDeclarations,lstm,gnn,0.5,7,0.902531,0.511184,0.991336,0.001254,0.421516,0.00513,0.424559,0.913814,0.789645,0.832457,0.076648,0.079249,0.008979,0.980275,4566,2|3|4,8,19441,0.216628,2.46,32.02,0.06,0.32,0.0,0.63,4.99,NVIDIA A100-SXM4-80GB,a7eeb9c6f4b5df0f,f86d69189bb7,1,temporal,train,all,0.7,0.15,0.15,C,noise_curve_c_s59_BPIC_2020_DomesticDeclarations
BPIC_2020_DomesticDeclarations,lstm,seq,0.5,7,0.902417,0.51087,0.97492,0.001368,0.399369,0.005358,0.401571,0.914534,0.792815,0.832457,0.074941,0.077623,0.009198,0.980417,4566,2|3|4,1,19441,0.216628,3.78,22.67,0.06,0.32,0.0,0.63,4.99,NVIDIA A100-SXM4-80GB,a7eeb9c6f4b5df0f,f86d69189bb7,1,temporal,train,all,0.7,0.15,0.15,C,noise_curve_c_s59_BPIC_2020_DomesticDeclarations
BPIC_2020_DomesticDeclarations,lstm,lll,0.5,7,0.883721,0.397218,0.972184,0.024054,0.127716,0.0,0.009239,0.887509,0.699342,0.808804,0.123141,0.0,0.031099,0.983489,4566,2|3|4,1,19441,0.216628,2.06,12.35,0.06,0.32,0.0,0.63,4.99,NVIDIA A100-SXM4-80GB,a7eeb9c6f4b5df0f,f86d69189bb7,1,temporal,train,all,0.7,0.15,0.15,C,noise_curve_c_s59_BPIC_2020_DomesticDeclarations
BPIC_2020_DomesticDeclarations,lstm,gll,0.5,7,0.901847,0.469183,0.97036,0.005472,0.32128,0.001938,0.256127,0.908059,0.728115,0.832457,0.096562,0.000894,0.008979,0.991622,4566,2|3|4,3,19441,0.216628,4.53,36.24,0.06,0.32,0.0,0.63,4.99,NVIDIA A100-SXM4-80GB,a7eeb9c6f4b5df0f,f86d69189bb7,1,temporal,train,all,0.7,0.15,0.15,C,noise_curve_c_s59_BPIC_2020_DomesticDeclarations
BPIC_2020_DomesticDeclarations,lstm,baseline,0.6,7,0.879731,0.42706,0.95269,0.027702,0.477796,0.028044,0.467328,0.888965,0.750792,0.805738,0.108998,0.10916,0.008541,0.976912,4566,2|3|4,2,23329,0.164784,1.93,13.51,0.06,0.32,0.0,0.63,4.99,NVIDIA A100-SXM4-80GB,a7eeb9c6f4b5df0f,f86d69189bb7,1,temporal,train,all,0.7,0.15,0.15,C,noise_curve_c_s59_BPIC_2020_DomesticDeclarations
BPIC_2020_DomesticDeclarations,lstm,checker,0.6,7,0.884177,0.428889,0.974692,0.019722,0.382447,0.023826,0.404991,0.890934,0.754044,0.80968,0.101276,0.103958,0.007446,0.977245,4566,2|3|4,2,23329,0.164784,1.97,13.76,0.06,0.32,0.0,0.63,4.99,NVIDIA A100-SXM4-80GB,a7eeb9c6f4b5df0f,f86d69189bb7,1,temporal,train,all,0.7,0.15,0.15,C,noise_curve_c_s59_BPIC_2020_DomesticDeclarations
BPIC_2020_DomesticDeclarations,lstm,checker_net,0.6,7,0.884177,0.429275,0.970246,0.023256,0.417822,0.023484,0.36882,0.890442,0.7538,0.80968,0.102414,0.102577,0.000657,0.977474,4566,2|3|4,2,23329,0.164784,2.09,14.6,0.06,0.32,0.0,0.63,4.99,NVIDIA A100-SXM4-80GB,a7eeb9c6f4b5df0f,f86d69189bb7,1,temporal,train,all,0.7,0.15,0.15,C,noise_curve_c_s59_BPIC_2020_DomesticDeclarations
BPIC_2020_DomesticDeclarations,lstm,checker_net_state,0.6,7,0.879731,0.42706,0.969448,0.027702,0.452044,0.028044,0.417518,0.889249,0.755426,0.805738,0.112168,0.11233,0.008541,0.976353,4566,2|3|4,2,23329,0.164784,2.0,14.01,0.06,0.32,0.0,0.63,4.99,NVIDIA A100-SXM4-80GB,a7eeb9c6f4b5df0f,f86d69189bb7,1,temporal,train,all,0.7,0.15,0.15,C,noise_curve_c_s59_BPIC_2020_DomesticDeclarations
BPIC_2020_DomesticDeclarations,lstm,marking,0.6,7,0.883721,0.428575,0.990082,0.020178,0.479827,0.024282,0.467653,0.891556,0.705844,0.808804,0.099732,0.102414,0.010731,0.977584,4566,2|3|4,6,23329,0.164784,2.08,22.93,0.06,0.32,0.0,0.63,4.99,NVIDIA A100-SXM4-80GB,a7eeb9c6f4b5df0f,f86d69189bb7,1,temporal,train,all,0.7,0.15,0.15,C,noise_curve_c_s59_BPIC_2020_DomesticDeclarations
BPIC_2020_DomesticDeclarations,lstm,gnn,0.6,7,0.885545,0.436123,0.990538,0.018126,0.491102,0.02223,0.483809,0.895351,0.750061,0.80968,0.086971,0.089653,0.009198,0.980222,4566,2|3|4,6,23329,0.164784,2.68,29.47,0.06,0.32,0.0,0.63,4.99,NVIDIA A100-SXM4-80GB,a7eeb9c6f4b5df0f,f86d69189bb7,1,temporal,train,all,0.7,0.15,0.15,C,noise_curve_c_s59_BPIC_2020_DomesticDeclarations
BPIC_2020_DomesticDeclarations,lstm,seq,0.6,7,0.879959,0.4267,0.972868,0.02394,0.48729,0.028044,0.481977,0.885934,0.694221,0.805738,0.10599,0.108673,0.017083,0.975961,4566,2|3|4,3,23329,0.164784,4.35,34.82,0.06,0.32,0.0,0.63,4.99,NVIDIA A100-SXM4-80GB,a7eeb9c6f4b5df0f,f86d69189bb7,1,temporal,train,all,0.7,0.15,0.15,C,noise_curve_c_s59_BPIC_2020_DomesticDeclarations
BPIC_2020_DomesticDeclarations,lstm,lll,0.6,7,0.867305,0.393526,0.972184,0.04047,0.190663,0.0,0.012328,0.866585,0.666992,0.792378,0.162399,0.0,0.061761,0.977999,4566,2|3|4,1,23329,0.164784,2.08,12.48,0.06,0.32,0.0,0.63,4.99,NVIDIA A100-SXM4-80GB,a7eeb9c6f4b5df0f,f86d69189bb7,1,temporal,train,all,0.7,0.15,0.15,C,noise_curve_c_s59_BPIC_2020_DomesticDeclarations
BPIC_2020_DomesticDeclarations,lstm,gll,0.6,7,0.884519,0.397118,0.968422,0.02337,0.400553,0.001482,0.323144,0.879398,0.684955,0.80968,0.139153,0.000732,0.029785,0.98643,4566,2|3|4,2,23329,0.164784,4.83,33.83,0.06,0.32,0.0,0.63,4.99,NVIDIA A100-SXM4-80GB,a7eeb9c6f4b5df0f,f86d69189bb7,1,temporal,train,all,0.7,0.15,0.15,C,noise_curve_c_s59_BPIC_2020_DomesticDeclarations
BPIC_2020_DomesticDeclarations,lstm,baseline,0.7,7,0.879731,0.426601,0.989626,0.02394,0.567239,0.028044,0.557297,0.886788,0.750061,0.805738,0.116313,0.118995,0.017083,0.974466,4566,2|3|4,2,27217,0.150497,2.02,14.12,0.06,0.32,0.0,0.63,4.99,NVIDIA A100-SXM4-80GB,a7eeb9c6f4b5df0f,f86d69189bb7,1,temporal,train,all,0.7,0.15,0.15,C,noise_curve_c_s59_BPIC_2020_DomesticDeclarations
BPIC_2020_DomesticDeclarations,lstm,checker,0.7,7,0.884405,0.428919,0.975148,0.01938,0.45566,0.023484,0.483464,0.888177,0.752906,0.80968,0.110461,0.113143,0.009198,0.974938,4566,2|3|4,2,27217,0.150497,1.93,13.52,0.06,0.32,0.0,0.63,4.99,NVIDIA A100-SXM4-80GB,a7eeb9c6f4b5df0f,f86d69189bb7,1,temporal,train,all,0.7,0.15,0.15,C,noise_curve_c_s59_BPIC_2020_DomesticDeclarations
BPIC_2020_DomesticDeclarations,lstm,checker_net,0.7,7,0.884291,0.42886,0.968422,0.019494,0.494363,0.023598,0.440937,0.887817,0.753556,0.80968,0.115338,0.11802,0.009198,0.974232,4566,2|3|4,2,27217,0.150497,2.25,15.73,0.06,0.32,0.0,0.63,4.99,NVIDIA A100-SXM4-80GB,a7eeb9c6f4b5df0f,f86d69189bb7,1,temporal,train,all,0.7,0.15,0.15,C,noise_curve_c_s59_BPIC_2020_DomesticDeclarations
BPIC_2020_DomesticDeclarations,lstm,checker_net_state,0.7,7,0.879845,0.426649,0.972868,0.02394,0.539221,0.028044,0.505501,0.885427,0.750305,0.805738,0.120458,0.123141,0.017083,0.973854,4566,2|3|4,2,27217,0.150497,2.11,14.77,0.06,0.32,0.0,0.63,4.99,NVIDIA A100-SXM4-80GB,a7eeb9c6f4b5df0f,f86d69189bb7,1,temporal,train,all,0.7,0.15,0.15,C,noise_curve_c_s59_BPIC_2020_DomesticDeclarations
BPIC_2020_DomesticDeclarations,lstm,marking,0.7,7,0.879617,0.426555,0.96808,0.024282,0.583279,0.028386,0.561853,0.891686,0.703324,0.805738,0.09705,0.099732,0.017083,0.978305,4566,2|3|4,6,27217,0.150497,2.18,23.96,0.06,0.32,0.0,0.63,4.99,NVIDIA A100-SXM4-80GB,a7eeb9c6f4b5df0f,f86d69189bb7,1,temporal,train,all,0.7,0.15,0.15,C,noise_curve_c_s59_BPIC_2020_DomesticDeclarations
BPIC_2020_DomesticDeclarations,lstm,gnn,0.7,7,0.879959,0.426721,0.967282,0.024168,0.576971,0.028044,0.567345,0.886163,0.746241,0.805738,0.117532,0.120215,0.017083,0.974529,4566,2|3|4,3,27217,0.150497,3.15,25.19,0.06,0.32,0.0,0.63,4.99,NVIDIA A100-SXM4-80GB,a7eeb9c6f4b5df0f,f86d69189bb7,1,temporal,train,all,0.7,0.15,0.15,C,noise_curve_c_s59_BPIC_2020_DomesticDeclarations
BPIC_2020_DomesticDeclarations,lstm,seq,0.7,7,0.875285,0.424304,0.968308,0.028614,0.581801,0.032718,0.568468,0.888455,0.749248,0.805738,0.109242,0.111924,0.017083,0.976327,4566,2|3|4,2,27217,0.150497,4.48,31.35,0.06,0.32,0.0,0.63,4.99,NVIDIA A100-SXM4-80GB,a7eeb9c6f4b5df0f,f86d69189bb7,1,temporal,train,all,0.7,0.15,0.15,C,noise_curve_c_s59_BPIC_2020_DomesticDeclarations
BPIC_2020_DomesticDeclarations,lstm,lll,0.7,7,0.885773,0.463125,0.972184,0.005358,0.195997,0.0,0.005476,0.88399,0.656669,0.788436,0.111843,0.0,0.008322,0.988016,4566,2|3|4,2,27217,0.150497,2.03,14.21,0.06,0.32,0.0,0.63,4.99,NVIDIA A100-SXM4-80GB,a7eeb9c6f4b5df0f,f86d69189bb7,1,temporal,train,all,0.7,0.15,0.15,C,noise_curve_c_s59_BPIC_2020_DomesticDeclarations
BPIC_2020_DomesticDeclarations,lstm,gll,0.7,7,0.884747,0.397457,0.968194,0.023028,0.490514,0.0,0.367007,0.879398,0.684955,0.80968,0.142648,0.0,0.031318,0.986114,4566,2|3|4,2,27217,0.150497,4.54,31.77,0.06,0.32,0.0,0.63,4.99,NVIDIA A100-SXM4-80GB,a7eeb9c6f4b5df0f,f86d69189bb7,1,temporal,train,all,0.7,0.15,0.15,C,noise_curve_c_s59_BPIC_2020_DomesticDeclarations
BPIC_2020_DomesticDeclarations,lstm,baseline,0.8,7,0.803352,0.388523,0.944824,0.100775,0.671452,0.104879,0.657837,0.799716,0.642933,0.67915,0.223604,0.226286,0.154183,0.955803,4566,2|3|4,4,31106,0.13825,1.85,16.65,0.06,0.32,0.0,0.63,4.99,NVIDIA A100-SXM4-80GB,a7eeb9c6f4b5df0f,f86d69189bb7,1,temporal,train,all,0.7,0.15,0.15,C,noise_curve_c_s59_BPIC_2020_DomesticDeclarations
BPIC_2020_DomesticDeclarations,lstm,checker,0.8,7,0.872891,0.399119,0.96979,0.009348,0.572886,0.03534,0.600494,0.861508,0.701861,0.789093,0.075835,0.139316,0.017083,0.971924,4566,2|3|4,10,31106,0.13825,1.87,28.06,0.06,0.32,0.0,0.63,4.99,NVIDIA A100-SXM4-80GB,a7eeb9c6f4b5df0f,f86d69189bb7,1,temporal,train,all,0.7,0.15,0.15,C,noise_curve_c_s59_BPIC_2020_DomesticDeclarations
BPIC_2020_DomesticDeclarations,lstm,checker_net,0.8,7,0.878933,0.393569,0.944482,0.02451,0.6214,0.010716,0.545175,0.88413,0.738356,0.805738,0.120865,0.075998,0.039641,0.975635,4566,2|3|4,2,31106,0.13825,1.96,13.74,0.06,0.32,0.0,0.63,4.99,NVIDIA A100-SXM4-80GB,a7eeb9c6f4b5df0f,f86d69189bb7,1,temporal,train,all,0.7,0.15,0.15,C,noise_curve_c_s59_BPIC_2020_DomesticDeclarations
BPIC_2020_DomesticDeclarations,lstm,checker_net_state,0.8,7,0.7842,0.354582,0.953488,0.116849,0.648504,0.127565,0.583115,0.761498,0.618304,0.552562,0.362351,0.355686,0.288436,0.93409,4566,2|3|4,11,31106,0.13825,1.96,31.36,0.06,0.32,0.0,0.63,4.99,NVIDIA A100-SXM4-80GB,a7eeb9c6f4b5df0f,f86d69189bb7,1,temporal,train,all,0.7,0.15,0.15,C,noise_curve_c_s59_BPIC_2020_DomesticDeclarations
BPIC_2020_DomesticDeclarations,lstm,marking,0.8,7,0.862403,0.417826,0.942316,0.041724,0.657939,0.045828,0.645686,0.873955,0.726977,0.792378,0.155409,0.158092,0.03986,0.968958,4566,2|3|4,4,31106,0.13825,2.13,19.21,0.06,0.32,0.0,0.63,4.99,NVIDIA A100-SXM4-80GB,a7eeb9c6f4b5df0f,f86d69189bb7,1,temporal,train,all,0.7,0.15,0.15,C,noise_curve_c_s59_BPIC_2020_DomesticDeclarations
BPIC_2020_DomesticDeclarations,lstm,gnn,0.8,7,0.862745,0.418051,0.95839,0.041268,0.676027,0.045486,0.651687,0.879173,0.739657,0.779019,0.128343,0.131025,0.017083,0.971819,4566,2|3|4,7,31106,0.13825,2.67,32.02,0.06,0.32,0.0,0.63,4.99,NVIDIA A100-SXM4-80GB,a7eeb9c6f4b5df0f,f86d69189bb7,1,temporal,train,all,0.7,0.15,0.15,C,noise_curve_c_s59_BPIC_2020_DomesticDeclarations
BPIC_2020_DomesticDeclarations,lstm,seq,0.8,7,0.851003,0.415046,0.925901,0.057798,0.673452,0.062244,0.65388,0.872844,0.729416,0.779019,0.15419,0.156954,0.062637,0.966056,4566,2|3|4,8,31106,0.13825,4.35,56.59,0.06,0.32,0.0,0.63,4.99,NVIDIA A100-SXM4-80GB,a7eeb9c6f4b5df0f,f86d69189bb7,1,temporal,train,all,0.7,0.15,0.15,C,noise_curve_c_s59_BPIC_2020_DomesticDeclarations
BPIC_2020_DomesticDeclarations,lstm,lll,0.8,7,0.884975,0.465888,0.972184,0.022686,0.326105,0.0,0.009057,0.875852,0.673576,0.801796,0.155897,0.0,0.061761,0.980344,4566,2|3|4,2,31106,0.13825,2.29,16.01,0.06,0.32,0.0,0.63,4.99,NVIDIA A100-SXM4-80GB,a7eeb9c6f4b5df0f,f86d69189bb7,1,temporal,train,all,0.7,0.15,0.15,C,noise_curve_c_s59_BPIC_2020_DomesticDeclarations
BPIC_2020_DomesticDeclarations,lstm,gll,0.8,7,0.884405,0.399674,0.96979,0.023598,0.573928,0.000228,0.435095,0.879758,0.685117,0.809899,0.139397,8.1e-05,0.031099,0.986304,4566,2|3|4,21,31106,0.13825,4.52,117.4,0.06,0.32,0.0,0.63,4.99,NVIDIA A100-SXM4-80GB,a7eeb9c6f4b5df0f,f86d69189bb7,1,temporal,train,all,0.7,0.15,0.15,C,noise_curve_c_s59_BPIC_2020_DomesticDeclarations
BPIC_2020_DomesticDeclarations,lstm,baseline,0.0,8,0.907775,0.524095,0.998974,0.0,0.000626,0.001254,0.04041,0.918059,0.795416,0.837276,0.064781,0.065512,0.0,0.982427,4566,2|3|4,6,0,0.999456,1.87,20.62,0.06,0.32,0.0,0.63,4.99,NVIDIA A100-SXM4-80GB,a7eeb9c6f4b5df0f,f86d69189bb7,1,temporal,train,all,0.7,0.15,0.15,C,noise_curve_c_s59_BPIC_2020_DomesticDeclarations
BPIC_2020_DomesticDeclarations,lstm,checker,0.0,8,0.907775,0.524095,0.998974,0.0,0.000408,0.001254,0.040315,0.917161,0.80013,0.837276,0.077705,0.078436,0.0,0.980188,4566,2|3|4,6,0,0.999456,1.85,20.3,0.06,0.32,0.0,0.63,4.99,NVIDIA A100-SXM4-80GB,a7eeb9c6f4b5df0f,f86d69189bb7,1,temporal,train,all,0.7,0.15,0.15,C,noise_curve_c_s59_BPIC_2020_DomesticDeclarations
BPIC_2020_DomesticDeclarations,lstm,checker_net,0.0,8,0.907775,0.524095,0.998974,0.0,0.000524,0.001254,0.028472,0.916788,0.798992,0.837276,0.076242,0.076973,0.0,0.980382,4566,2|3|4,6,0,0.999456,1.85,20.38,0.06,0.32,0.0,0.63,4.99,NVIDIA A100-SXM4-80GB,a7eeb9c6f4b5df0f,f86d69189bb7,1,temporal,train,all,0.7,0.15,0.15,C,noise_curve_c_s59_BPIC_2020_DomesticDeclarations
BPIC_2020_DomesticDeclarations,lstm,checker_net_state,0.0,8,0.907661,0.523842,0.998974,0.0,0.000576,0.00114,0.029329,0.917245,0.800211,0.837276,0.076485,0.077542,0.0,0.980286,4566,2|3|4,6,0,0.999456,1.88,20.71,0.06,0.32,0.0,0.63,4.99,NVIDIA A100-SXM4-80GB,a7eeb9c6f4b5df0f,f86d69189bb7,1,temporal,train,all,0.7,0.15,0.15,C,noise_curve_c_s59_BPIC_2020_DomesticDeclarations
BPIC_2020_DomesticDeclarations,lstm,marking,0.0,8,0.907775,0.524095,0.981874,0.0,0.00054,0.001254,0.033695,0.916189,0.795497,0.837276,0.070145,0.071202,0.0,0.981684,4566,2|3|4,6,0,0.999456,2.07,22.78,0.06,0.32,0.0,0.63,4.99,NVIDIA A100-SXM4-80GB,a7eeb9c6f4b5df0f,f86d69189bb7,1,temporal,train,all,0.7,0.15,0.15,C,noise_curve_c_s59_BPIC_2020_DomesticDeclarations
BPIC_2020_DomesticDeclarations,lstm,gnn,0.0,8,0.907547,0.523588,0.998974,0.0,0.001231,0.001026,0.045653,0.919027,0.802081,0.837057,0.067545,0.068195,0.0,0.981542,4566,2|3|4,3,0,0.999456,2.66,21.3,0.06,0.32,0.0,0.63,4.99,NVIDIA A100-SXM4-80GB,a7eeb9c6f4b5df0f,f86d69189bb7,1,temporal,train,all,0.7,0.15,0.15,C,noise_curve_c_s59_BPIC_2020_DomesticDeclarations
BPIC_2020_DomesticDeclarations,lstm,seq,0.0,8,0.907547,0.523588,0.981874,0.0,0.000847,0.001026,0.038168,0.918373,0.800699,0.837057,0.065187,0.065838,0.0,0.982282,4566,2|3|4,4,0,0.999456,4.31,38.82,0.06,0.32,0.0,0.63,4.99,NVIDIA A100-SXM4-80GB,a7eeb9c6f4b5df0f,f86d69189bb7,1,temporal,train,all,0.7,0.15,0.15,C,noise_curve_c_s59_BPIC_2020_DomesticDeclarations
BPIC_2020_DomesticDeclarations,lstm,lll,0.0,8,0.906521,0.478028,0.975832,0.00114,0.005789,0.0,0.001812,0.914514,0.793546,0.835961,0.079493,0.071121,0.0,0.980572,4566,2|3|4,1,0,0.999456,2.03,12.18,0.06,0.32,0.0,0.63,4.99,NVIDIA A100-SXM4-80GB,a7eeb9c6f4b5df0f,f86d69189bb7,1,temporal,train,all,0.7,0.15,0.15,C,noise_curve_c_s59_BPIC_2020_DomesticDeclarations
BPIC_2020_DomesticDeclarations,lstm,gll,0.0,8,0.907775,0.524095,0.998404,0.0,0.001312,0.001254,0.02288,0.915881,0.742177,0.837276,0.078111,0.000732,0.0,0.992838,4566,2|3|4,6,0,0.999456,4.51,49.62,0.06,0.32,0.0,0.63,4.99,NVIDIA A100-SXM4-80GB,a7eeb9c6f4b5df0f,f86d69189bb7,1,temporal,train,all,0.7,0.15,0.15,C,noise_curve_c_s59_BPIC_2020_DomesticDeclarations
BPIC_2020_DomesticDeclarations,lstm,baseline,0.1,8,0.907661,0.523842,0.99829,0.000114,0.070495,0.00114,0.099127,0.91923,0.790376,0.837057,0.066,0.066569,0.0,0.982073,4566,2|3|4,6,3888,0.712206,1.85,20.34,0.06,0.32,0.0,0.63,4.99,NVIDIA A100-SXM4-80GB,a7eeb9c6f4b5df0f,f86d69189bb7,1,temporal,train,all,0.7,0.15,0.15,C,noise_curve_c_s59_BPIC_2020_DomesticDeclarations
BPIC_2020_DomesticDeclarations,lstm,checker,0.1,8,0.907661,0.523842,0.99829,0.000114,0.048021,0.00114,0.083175,0.916544,0.796635,0.837057,0.075347,0.075916,0.0,0.980473,4566,2|3|4,6,3888,0.712206,1.93,21.2,0.06,0.32,0.0,0.63,4.99,NVIDIA A100-SXM4-80GB,a7eeb9c6f4b5df0f,f86d69189bb7,1,temporal,train,all,0.7,0.15,0.15,C,noise_curve_c_s59_BPIC_2020_DomesticDeclarations
BPIC_2020_DomesticDeclarations,lstm,checker_net,0.1,8,0.907547,0.523588,0.998062,0.000228,0.053983,0.001026,0.06904,0.916543,0.796635,0.837057,0.075185,0.075754,0.0,0.980491,4566,2|3|4,6,3888,0.712206,1.93,21.28,0.06,0.32,0.0,0.63,4.99,NVIDIA A100-SXM4-80GB,a7eeb9c6f4b5df0f,f86d69189bb7,1,temporal,train,all,0.7,0.15,0.15,C,noise_curve_c_s59_BPIC_2020_DomesticDeclarations
BPIC_2020_DomesticDeclarations,lstm,checker_net_state,0.1,8,0.907661,0.523842,0.998062,0.000114,0.057221,0.00114,0.073714,0.918399,0.80078,0.837057,0.071202,0.071771,0.0,0.981054,4566,2|3|4,6,3888,0.712206,1.96,21.54,0.06,0.32,0.0,0.63,4.99,NVIDIA A100-SXM4-80GB,a7eeb9c6f4b5df0f,f86d69189bb7,1,temporal,train,all,0.7,0.15,0.15,C,noise_curve_c_s59_BPIC_2020_DomesticDeclarations
BPIC_2020_DomesticDeclarations,lstm,marking,0.1,8,0.907547,0.523588,0.997834,0.0,0.076996,0.001026,0.11591,0.919105,0.80078,0.837057,0.065187,0.065838,0.0,0.982038,4566,2|3|4,8,3888,0.712206,2.11,27.39,0.06,0.32,0.0,0.63,4.99,NVIDIA A100-SXM4-80GB,a7eeb9c6f4b5df0f,f86d69189bb7,1,temporal,train,all,0.7,0.15,0.15,C,noise_curve_c_s59_BPIC_2020_DomesticDeclarations
BPIC_2020_DomesticDeclarations,lstm,gnn,0.1,8,0.907547,0.523588,0.980962,0.0,0.073907,0.001026,0.098274,0.920861,0.751199,0.837057,0.061042,0.061692,0.0,0.982913,4566,2|3|4,8,3888,0.712206,2.62,34.07,0.06,0.32,0.0,0.63,4.99,NVIDIA A100-SXM4-80GB,a7eeb9c6f4b5df0f,f86d69189bb7,1,temporal,train,all,0.7,0.15,0.15,C,noise_curve_c_s59_BPIC_2020_DomesticDeclarations
BPIC_2020_DomesticDeclarations,lstm,seq,0.1,8,0.907547,0.523588,0.980848,0.0,0.069386,0.001026,0.099686,0.917073,0.800049,0.837057,0.078274,0.078924,0.0,0.980063,4566,2|3|4,4,3888,0.712206,4.4,39.63,0.06,0.32,0.0,0.63,4.99,NVIDIA A100-SXM4-80GB,a7eeb9c6f4b5df0f,f86d69189bb7,1,temporal,train,all,0.7,0.15,0.15,C,noise_curve_c_s59_BPIC_2020_DomesticDeclarations
BPIC_2020_DomesticDeclarations,lstm,lll,0.1,8,0.906521,0.478028,0.974464,0.001026,0.015638,0.0,0.000652,0.915907,0.742908,0.835961,0.074128,0.0,0.001533,0.991425,4566,2|3|4,3,3888,0.712206,2.02,16.16,0.06,0.32,0.0,0.63,4.99,NVIDIA A100-SXM4-80GB,a7eeb9c6f4b5df0f,f86d69189bb7,1,temporal,train,all,0.7,0.15,0.15,C,noise_curve_c_s59_BPIC_2020_DomesticDeclarations
BPIC_2020_DomesticDeclarations,lstm,gll,0.1,8,0.907547,0.523588,0.979366,0.000114,0.049133,0.001026,0.056191,0.915808,0.741689,0.837057,0.078274,0.00065,0.0,0.992835,4566,2|3|4,5,3888,0.712206,4.52,45.15,0.06,0.32,0.0,0.63,4.99,NVIDIA A100-SXM4-80GB,a7eeb9c6f4b5df0f,f86d69189bb7,1,temporal,train,all,0.7,0.15,0.15,C,noise_curve_c_s59_BPIC_2020_DomesticDeclarations
BPIC_2020_DomesticDeclarations,lstm,baseline,0.2,8,0.907205,0.522807,0.997606,0.000114,0.17193,0.001368,0.194982,0.917951,0.747135,0.836837,0.065106,0.065919,0.000438,0.98182,4566,2|3|4,6,7776,0.513539,1.83,20.17,0.06,0.32,0.0,0.63,4.99,NVIDIA A100-SXM4-80GB,a7eeb9c6f4b5df0f,f86d69189bb7,1,temporal,train,all,0.7,0.15,0.15,C,noise_curve_c_s59_BPIC_2020_DomesticDeclarations
BPIC_2020_DomesticDeclarations,lstm,checker,0.2,8,0.907205,0.522807,0.997606,0.000114,0.119429,0.001368,0.155269,0.916071,0.795822,0.836837,0.06535,0.069333,0.000438,0.981538,4566,2|3|4,6,7776,0.513539,1.93,21.21,0.06,0.32,0.0,0.63,4.99,NVIDIA A100-SXM4-80GB,a7eeb9c6f4b5df0f,f86d69189bb7,1,temporal,train,all,0.7,0.15,0.15,C,noise_curve_c_s59_BPIC_2020_DomesticDeclarations
BPIC_2020_DomesticDeclarations,lstm,checker_net,0.2,8,0.907547,0.523588,0.993388,0.000114,0.13216,0.001026,0.138413,0.918486,0.800536,0.837057,0.06852,0.06917,0.0,0.981355,4566,2|3|4,6,7776,0.513539,1.91,21.01,0.06,0.32,0.0,0.63,4.99,NVIDIA A100-SXM4-80GB,a7eeb9c6f4b5df0f,f86d69189bb7,1,temporal,train,all,0.7,0.15,0.15,C,noise_curve_c_s59_BPIC_2020_DomesticDeclarations
BPIC_2020_DomesticDeclarations,lstm,checker_net_state,0.2,8,0.907205,0.522807,0.993844,0.000114,0.143132,0.001368,0.152333,0.919552,0.792246,0.836837,0.065025,0.065838,0.000438,0.982191,4566,2|3|4,6,7776,0.513539,1.97,21.63,0.06,0.32,0.0,0.63,4.99,NVIDIA A100-SXM4-80GB,a7eeb9c6f4b5df0f,f86d69189bb7,1,temporal,train,all,0.7,0.15,0.15,C,noise_curve_c_s59_BPIC_2020_DomesticDeclarations
BPIC_2020_DomesticDeclarations,lstm,marking,0.2,8,0.906293,0.520674,0.980506,0.00114,0.157162,0.001368,0.176663,0.914205,0.792896,0.835742,0.076729,0.077054,0.00219,0.980353,4566,2|3|4,7,7776,0.513539,2.1,25.2,0.06,0.32,0.0,0.63,4.99,NVIDIA A100-SXM4-80GB,a7eeb9c6f4b5df0f,f86d69189bb7,1,temporal,train,all,0.7,0.15,0.15,C,noise_curve_c_s59_BPIC_2020_DomesticDeclarations
BPIC_2020_DomesticDeclarations,lstm,gnn,0.2,8,0.906521,0.521214,0.99772,0.001254,0.158074,0.001026,0.185512,0.916062,0.798017,0.835961,0.080468,0.080387,0.001752,0.97976,4566,2|3|4,6,7776,0.513539,2.65,29.18,0.06,0.32,0.0,0.63,4.99,NVIDIA A100-SXM4-80GB,a7eeb9c6f4b5df0f,f86d69189bb7,1,temporal,train,all,0.7,0.15,0.15,C,noise_curve_c_s59_BPIC_2020_DomesticDeclarations
BPIC_2020_DomesticDeclarations,lstm,seq,0.2,8,0.906179,0.520402,0.980506,0.001254,0.150238,0.001368,0.174222,0.915728,0.797366,0.835742,0.080549,0.080631,0.00219,0.979859,4566,2|3|4,2,7776,0.513539,4.32,30.25,0.06,0.32,0.0,0.63,4.99,NVIDIA A100-SXM4-80GB,a7eeb9c6f4b5df0f,f86d69189bb7,1,temporal,train,all,0.7,0.15,0.15,C,noise_curve_c_s59_BPIC_2020_DomesticDeclarations
BPIC_2020_DomesticDeclarations,lstm,lll,0.2,8,0.906179,0.477377,0.974236,0.001368,0.036798,0.0,0.002688,0.915563,0.742746,0.835742,0.074535,0.0,0.001752,0.991386,4566,2|3|4,1,7776,0.513539,2.03,12.15,0.06,0.32,0.0,0.63,4.99,NVIDIA A100-SXM4-80GB,a7eeb9c6f4b5df0f,f86d69189bb7,1,temporal,train,all,0.7,0.15,0.15,C,noise_curve_c_s59_BPIC_2020_DomesticDeclarations
BPIC_2020_DomesticDeclarations,lstm,gll,0.2,8,0.906521,0.521214,0.974236,0.001254,0.119953,0.001026,0.110701,0.914369,0.739007,0.835961,0.0812,0.00065,0.001752,0.99271,4566,2|3|4,4,7776,0.513539,4.51,40.59,0.06,0.32,0.0,0.63,4.99,NVIDIA A100-SXM4-80GB,a7eeb9c6f4b5df0f,f86d69189bb7,1,temporal,train,all,0.7,0.15,0.15,C,noise_curve_c_s59_BPIC_2020_DomesticDeclarations
BPIC_2020_DomesticDeclarations,lstm,baseline,0.3,8,0.906179,0.520402,0.976402,0.001254,0.238746,0.001368,0.255913,0.915894,0.792977,0.835742,0.07234,0.072421,0.00219,0.981107,4566,2|3|4,9,11665,0.375561,1.85,25.88,0.06,0.32,0.0,0.63,4.99,NVIDIA A100-SXM4-80GB,a7eeb9c6f4b5df0f,f86d69189bb7,1,temporal,train,all,0.7,0.15,0.15,C,noise_curve_c_s59_BPIC_2020_DomesticDeclarations
BPIC_2020_DomesticDeclarations,lstm,checker,0.3,8,0.907205,0.522804,0.980734,0.000228,0.171069,0.001482,0.205114,0.915876,0.795091,0.836837,0.064618,0.071121,0.000657,0.981657,4566,2|3|4,9,11665,0.375561,2.0,27.98,0.06,0.32,0.0,0.63,4.99,NVIDIA A100-SXM4-80GB,a7eeb9c6f4b5df0f,f86d69189bb7,1,temporal,train,all,0.7,0.15,0.15,C,noise_curve_c_s59_BPIC_2020_DomesticDeclarations
BPIC_2020_DomesticDeclarations,lstm,checker_net,0.3,8,0.906065,0.520349,0.976288,0.001368,0.189629,0.001482,0.1835,0.915525,0.793384,0.835742,0.072178,0.072259,0.00219,0.981196,4566,2|3|4,9,11665,0.375561,1.86,25.99,0.06,0.32,0.0,0.63,4.99,NVIDIA A100-SXM4-80GB,a7eeb9c6f4b5df0f,f86d69189bb7,1,temporal,train,all,0.7,0.15,0.15,C,noise_curve_c_s59_BPIC_2020_DomesticDeclarations
BPIC_2020_DomesticDeclarations,lstm,checker_net_state,0.3,8,0.907091,0.522545,0.976402,0.000342,0.199729,0.001368,0.19754,0.91638,0.794847,0.836837,0.070877,0.071609,0.000438,0.981283,4566,2|3|4,9,11665,0.375561,2.02,28.29,0.06,0.32,0.0,0.63,4.99,NVIDIA A100-SXM4-80GB,a7eeb9c6f4b5df0f,f86d69189bb7,1,temporal,train,all,0.7,0.15,0.15,C,noise_curve_c_s59_BPIC_2020_DomesticDeclarations
BPIC_2020_DomesticDeclarations,lstm,marking,0.3,8,0.902303,0.511074,0.979594,0.001482,0.235703,0.005472,0.258246,0.914009,0.791758,0.832457,0.077542,0.080224,0.009198,0.980052,4566,2|3|4,1,11665,0.375561,2.12,12.71,0.06,0.32,0.0,0.63,4.99,NVIDIA A100-SXM4-80GB,a7eeb9c6f4b5df0f,f86d69189bb7,1,temporal,train,all,0.7,0.15,0.15,C,noise_curve_c_s59_BPIC_2020_DomesticDeclarations
BPIC_2020_DomesticDeclarations,lstm,gnn,0.3,8,0.902303,0.511078,0.997492,0.001482,0.244195,0.005358,0.260631,0.915056,0.794115,0.832457,0.074697,0.077298,0.008979,0.980562,4566,2|3|4,9,11665,0.375561,2.65,37.14,0.06,0.32,0.0,0.63,4.99,NVIDIA A100-SXM4-80GB,a7eeb9c6f4b5df0f,f86d69189bb7,1,temporal,train,all,0.7,0.15,0.15,C,noise_curve_c_s59_BPIC_2020_DomesticDeclarations
BPIC_2020_DomesticDeclarations,lstm,seq,0.3,8,0.902531,0.51118,0.997834,0.001254,0.226787,0.005244,0.253864,0.911885,0.789401,0.832457,0.087133,0.089815,0.009198,0.978555,4566,2|3|4,2,11665,0.375561,4.33,30.3,0.06,0.32,0.0,0.63,4.99,NVIDIA A100-SXM4-80GB,a7eeb9c6f4b5df0f,f86d69189bb7,1,temporal,train,all,0.7,0.15,0.15,C,noise_curve_c_s59_BPIC_2020_DomesticDeclarations
BPIC_2020_DomesticDeclarations,lstm,lll,0.3,8,0.902531,0.469814,0.974464,0.00513,0.065585,0.0,0.004425,0.911297,0.734292,0.832457,0.08437,0.0,0.008322,0.990176,4566,2|3|4,1,11665,0.375561,2.03,12.15,0.06,0.32,0.0,0.63,4.99,NVIDIA A100-SXM4-80GB,a7eeb9c6f4b5df0f,f86d69189bb7,1,temporal,train,all,0.7,0.15,0.15,C,noise_curve_c_s59_BPIC_2020_DomesticDeclarations
BPIC_2020_DomesticDeclarations,lstm,gll,0.3,8,0.905837,0.477177,0.975262,0.00114,0.179897,0.001368,0.158048,0.913993,0.738682,0.835742,0.081525,0.000813,0.00219,0.992669,4566,2|3|4,9,11665,0.375561,4.51,63.11,0.06,0.32,0.0,0.63,4.99,NVIDIA A100-SXM4-80GB,a7eeb9c6f4b5df0f,f86d69189bb7,1,temporal,train,all,0.7,0.15,0.15,C,noise_curve_c_s59_BPIC_2020_DomesticDeclarations
BPIC_2020_DomesticDeclarations,lstm,baseline,0.4,8,0.897743,0.508798,0.99259,0.006042,0.322207,0.010032,0.326878,0.909296,0.785012,0.828515,0.097293,0.099976,0.017083,0.976724,4566,2|3|4,1,15553,0.273234,1.87,11.2,0.06,0.32,0.0,0.63,4.99,NVIDIA A100-SXM4-80GB,a7eeb9c6f4b5df0f,f86d69189bb7,1,temporal,train,all,0.7,0.15,0.15,C,noise_curve_c_s59_BPIC_2020_DomesticDeclarations
BPIC_2020_DomesticDeclarations,lstm,checker,0.4,8,0.898085,0.508968,0.997036,0.0057,0.240044,0.00969,0.266778,0.909296,0.785012,0.828515,0.097293,0.099976,0.017083,0.976724,4566,2|3|4,1,15553,0.273234,1.94,11.63,0.06,0.32,0.0,0.63,4.99,NVIDIA A100-SXM4-80GB,a7eeb9c6f4b5df0f,f86d69189bb7,1,temporal,train,all,0.7,0.15,0.15,C,noise_curve_c_s59_BPIC_2020_DomesticDeclarations
BPIC_2020_DomesticDeclarations,lstm,checker_net,0.4,8,0.901391,0.510612,0.992932,0.002394,0.261523,0.006384,0.243013,0.910457,0.787369,0.831581,0.092579,0.095261,0.010731,0.977095,4566,2|3|4,1,15553,0.273234,1.93,11.59,0.06,0.32,0.0,0.63,4.99,NVIDIA A100-SXM4-80GB,a7eeb9c6f4b5df0f,f86d69189bb7,1,temporal,train,all,0.7,0.15,0.15,C,noise_curve_c_s59_BPIC_2020_DomesticDeclarations
BPIC_2020_DomesticDeclarations,lstm,checker_net_state,0.4,8,0.897743,0.508798,0.992476,0.006042,0.287659,0.010032,0.276822,0.909296,0.785012,0.828515,0.097293,0.099976,0.017083,0.976724,4566,2|3|4,1,15553,0.273234,1.96,11.78,0.06,0.32,0.0,0.63,4.99,NVIDIA A100-SXM4-80GB,a7eeb9c6f4b5df0f,f86d69189bb7,1,temporal,train,all,0.7,0.15,0.15,C,noise_curve_c_s59_BPIC_2020_DomesticDeclarations
BPIC_2020_DomesticDeclarations,lstm,marking,0.4,8,0.901277,0.510578,0.993046,0.00228,0.334194,0.006384,0.336733,0.911761,0.78932,0.831581,0.084857,0.08754,0.010731,0.978241,4566,2|3|4,1,15553,0.273234,2.12,12.73,0.06,0.32,0.0,0.63,4.99,NVIDIA A100-SXM4-80GB,a7eeb9c6f4b5df0f,f86d69189bb7,1,temporal,train,all,0.7,0.15,0.15,C,noise_curve_c_s59_BPIC_2020_DomesticDeclarations
BPIC_2020_DomesticDeclarations,lstm,gnn,0.4,8,0.901847,0.510861,0.993274,0.00171,0.340257,0.0057,0.335181,0.913648,0.791596,0.832457,0.076567,0.079249,0.009198,0.980169,4566,2|3|4,2,15553,0.273234,2.67,18.7,0.06,0.32,0.0,0.63,4.99,NVIDIA A100-SXM4-80GB,a7eeb9c6f4b5df0f,f86d69189bb7,1,temporal,train,all,0.7,0.15,0.15,C,noise_curve_c_s59_BPIC_2020_DomesticDeclarations
BPIC_2020_DomesticDeclarations,lstm,seq,0.4,8,0.902417,0.511442,0.993616,0.00513,0.335095,0.005244,0.352055,0.913751,0.791433,0.832457,0.076079,0.07616,0.00219,0.980643,4566,2|3|4,5,15553,0.273234,4.69,46.93,0.06,0.32,0.0,0.63,4.99,NVIDIA A100-SXM4-80GB,a7eeb9c6f4b5df0f,f86d69189bb7,1,temporal,train,all,0.7,0.15,0.15,C,noise_curve_c_s59_BPIC_2020_DomesticDeclarations
BPIC_2020_DomesticDeclarations,lstm,lll,0.4,8,0.884861,0.397462,0.975262,0.022914,0.093152,0.0,0.005555,0.888236,0.701211,0.80968,0.121515,0.0,0.031099,0.983564,4566,2|3|4,1,15553,0.273234,2.03,12.18,0.06,0.32,0.0,0.63,4.99,NVIDIA A100-SXM4-80GB,a7eeb9c6f4b5df0f,f86d69189bb7,1,temporal,train,all,0.7,0.15,0.15,C,noise_curve_c_s59_BPIC_2020_DomesticDeclarations
BPIC_2020_DomesticDeclarations,lstm,gll,0.4,8,0.905837,0.476922,0.974236,0.001368,0.266675,0.001368,0.227161,0.913993,0.738682,0.835742,0.081525,0.000813,0.00219,0.992669,4566,2|3|4,9,15553,0.273234,4.64,64.89,0.06,0.32,0.0,0.63,4.99,NVIDIA A100-SXM4-80GB,a7eeb9c6f4b5df0f,f86d69189bb7,1,temporal,train,all,0.7,0.15,0.15,C,noise_curve_c_s59_BPIC_2020_DomesticDeclarations
BPIC_2020_DomesticDeclarations,lstm,baseline,0.5,8,0.901847,0.510857,0.994528,0.00171,0.413034,0.005814,0.419999,0.91511,0.785174,0.832457,0.070308,0.07299,0.009198,0.981079,4566,2|3|4,4,19441,0.212682,2.01,18.1,0.06,0.32,0.0,0.63,4.99,NVIDIA A100-SXM4-80GB,a7eeb9c6f4b5df0f,f86d69189bb7,1,temporal,train,all,0.7,0.15,0.15,C,noise_curve_c_s59_BPIC_2020_DomesticDeclarations
BPIC_2020_DomesticDeclarations,lstm,checker,0.5,8,0.901961,0.511111,0.998062,0.00171,0.307954,0.005814,0.345446,0.91511,0.78233,0.832457,0.070227,0.072909,0.009198,0.981278,4566,2|3|4,7,19441,0.212682,2.01,24.16,0.06,0.32,0.0,0.63,4.99,NVIDIA A100-SXM4-80GB,a7eeb9c6f4b5df0f,f86d69189bb7,1,temporal,train,all,0.7,0.15,0.15,C,noise_curve_c_s59_BPIC_2020_DomesticDeclarations
BPIC_2020_DomesticDeclarations,lstm,checker_net,0.5,8,0.902075,0.510974,0.991336,0.001482,0.343374,0.005472,0.317611,0.914538,0.791677,0.832457,0.072584,0.075266,0.009198,0.980789,4566,2|3|4,4,19441,0.212682,2.06,18.5,0.06,0.32,0.0,0.63,4.99,NVIDIA A100-SXM4-80GB,a7eeb9c6f4b5df0f,f86d69189bb7,1,temporal,train,all,0.7,0.15,0.15,C,noise_curve_c_s59_BPIC_2020_DomesticDeclarations
BPIC_2020_DomesticDeclarations,lstm,checker_net_state,0.5,8,0.898199,0.522915,0.97378,0.001596,0.356834,0.0057,0.343624,0.904607,0.768674,0.813184,0.060961,0.063643,0.009198,0.98032,4566,2|3|4,10,19441,0.212682,1.9,28.49,0.06,0.32,0.0,0.63,4.99,NVIDIA A100-SXM4-80GB,a7eeb9c6f4b5df0f,f86d69189bb7,1,temporal,train,all,0.7,0.15,0.15,C,noise_curve_c_s59_BPIC_2020_DomesticDeclarations
BPIC_2020_DomesticDeclarations,lstm,marking,0.5,8,0.901847,0.51086,0.991564,0.00171,0.409885,0.0057,0.415382,0.915664,0.795416,0.832457,0.071934,0.074616,0.009198,0.9809,4566,2|3|4,6,19441,0.212682,2.12,23.32,0.06,0.32,0.0,0.63,4.99,NVIDIA A100-SXM4-80GB,a7eeb9c6f4b5df0f,f86d69189bb7,1,temporal,train,all,0.7,0.15,0.15,C,noise_curve_c_s59_BPIC_2020_DomesticDeclarations
BPIC_2020_DomesticDeclarations,lstm,gnn,0.5,8,0.901049,0.510365,0.99487,0.001824,0.402177,0.005928,0.412455,0.915815,0.792977,0.832457,0.070552,0.073234,0.009198,0.981018,4566,2|3|4,9,19441,0.212682,2.64,36.99,0.06,0.32,0.0,0.63,4.99,NVIDIA A100-SXM4-80GB,a7eeb9c6f4b5df0f,f86d69189bb7,1,temporal,train,all,0.7,0.15,0.15,C,noise_curve_c_s59_BPIC_2020_DomesticDeclarations
BPIC_2020_DomesticDeclarations,lstm,seq,0.5,8,0.901847,0.510857,0.971044,0.00171,0.402264,0.005814,0.399287,0.912422,0.790539,0.832457,0.085589,0.088271,0.009198,0.978784,4566,2|3|4,2,19441,0.212682,4.04,28.28,0.06,0.32,0.0,0.63,4.99,NVIDIA A100-SXM4-80GB,a7eeb9c6f4b5df0f,f86d69189bb7,1,temporal,train,all,0.7,0.15,0.15,C,noise_curve_c_s59_BPIC_2020_DomesticDeclarations
BPIC_2020_DomesticDeclarations,lstm,lll,0.5,8,0.906293,0.477985,0.972184,0.001254,0.114166,0.0,0.002611,0.915907,0.742908,0.835961,0.074128,0.0,0.001533,0.991425,4566,2|3|4,2,19441,0.212682,2.02,14.12,0.06,0.32,0.0,0.63,4.99,NVIDIA A100-SXM4-80GB,a7eeb9c6f4b5df0f,f86d69189bb7,1,temporal,train,all,0.7,0.15,0.15,C,noise_curve_c_s59_BPIC_2020_DomesticDeclarations
BPIC_2020_DomesticDeclarations,lstm,gll,0.5,8,0.902303,0.469679,0.968194,0.005244,0.336022,0.000456,0.263556,0.908059,0.728115,0.832457,0.097131,0.000244,0.000657,0.991431,4566,2|3|4,2,19441,0.212682,4.54,31.79,0.06,0.32,0.0,0.63,4.99,NVIDIA A100-SXM4-80GB,a7eeb9c6f4b5df0f,f86d69189bb7,1,temporal,train,all,0.7,0.15,0.15,C,noise_curve_c_s59_BPIC_2020_DomesticDeclarations
BPIC_2020_DomesticDeclarations,lstm,baseline,0.6,8,0.879731,0.426607,0.950638,0.02394,0.486376,0.02793,0.485632,0.887888,0.74998,0.805738,0.116638,0.11932,0.017083,0.975384,4566,2|3|4,1,23329,0.165737,2.18,13.09,0.06,0.32,0.0,0.63,4.99,NVIDIA A100-SXM4-80GB,a7eeb9c6f4b5df0f,f86d69189bb7,1,temporal,train,all,0.7,0.15,0.15,C,noise_curve_c_s59_BPIC_2020_DomesticDeclarations
BPIC_2020_DomesticDeclarations,lstm,checker,0.6,8,0.902417,0.511123,0.979708,0.001368,0.380855,0.005358,0.418902,0.9145,0.789401,0.832457,0.07421,0.076892,0.009198,0.98051,4566,2|3|4,7,23329,0.165737,1.81,21.68,0.06,0.32,0.0,0.63,4.99,NVIDIA A100-SXM4-80GB,a7eeb9c6f4b5df0f,f86d69189bb7,1,temporal,train,all,0.7,0.15,0.15,C,noise_curve_c_s59_BPIC_2020_DomesticDeclarations
BPIC_2020_DomesticDeclarations,lstm,checker_net,0.6,8,0.902075,0.510953,0.971842,0.00171,0.420469,0.0057,0.383119,0.913189,0.790295,0.832457,0.078274,0.080956,0.009198,0.979917,4566,2|3|4,7,23329,0.165737,1.8,21.63,0.06,0.32,0.0,0.63,4.99,NVIDIA A100-SXM4-80GB,a7eeb9c6f4b5df0f,f86d69189bb7,1,temporal,train,all,0.7,0.15,0.15,C,noise_curve_c_s59_BPIC_2020_DomesticDeclarations
BPIC_2020_DomesticDeclarations,lstm,checker_net_state,0.6,8,0.879731,0.426607,0.950638,0.02394,0.457831,0.02793,0.439772,0.888259,0.755019,0.805738,0.118914,0.121596,0.017083,0.974952,4566,2|3|4,1,23329,0.165737,1.85,11.11,0.06,0.32,0.0,0.63,4.99,NVIDIA A100-SXM4-80GB,a7eeb9c6f4b5df0f,f86d69189bb7,1,temporal,train,all,0.7,0.15,0.15,C,noise_curve_c_s59_BPIC_2020_DomesticDeclarations
BPIC_2020_DomesticDeclarations,lstm,marking,0.6,8,0.883493,0.428458,0.973096,0.020406,0.499361,0.024396,0.495631,0.89475,0.762741,0.808804,0.095343,0.098025,0.010731,0.978337,4566,2|3|4,5,23329,0.165737,2.02,20.23,0.06,0.32,0.0,0.63,4.99,NVIDIA A100-SXM4-80GB,a7eeb9c6f4b5df0f,f86d69189bb7,1,temporal,train,all,0.7,0.15,0.15,C,noise_curve_c_s59_BPIC_2020_DomesticDeclarations
BPIC_2020_DomesticDeclarations,lstm,gnn,0.6,8,0.900935,0.510393,0.973096,0.002736,0.487257,0.006726,0.483906,0.914223,0.79127,0.831581,0.075429,0.078111,0.010731,0.980411,4566,2|3|4,8,23329,0.165737,2.65,34.5,0.06,0.32,0.0,0.63,4.99,NVIDIA A100-SXM4-80GB,a7eeb9c6f4b5df0f,f86d69189bb7,1,temporal,train,all,0.7,0.15,0.15,C,noise_curve_c_s59_BPIC_2020_DomesticDeclarations
BPIC_2020_DomesticDeclarations,lstm,seq,0.6,8,0.884519,0.428973,0.97207,0.01938,0.491968,0.02337,0.483366,0.891289,0.755019,0.80968,0.100382,0.103064,0.009198,0.977309,4566,2|3|4,4,23329,0.165737,4.49,40.43,0.06,0.32,0.0,0.63,4.99,NVIDIA A100-SXM4-80GB,a7eeb9c6f4b5df0f,f86d69189bb7,1,temporal,train,all,0.7,0.15,0.15,C,noise_curve_c_s59_BPIC_2020_DomesticDeclarations
BPIC_2020_DomesticDeclarations,lstm,lll,0.6,8,0.883721,0.397207,0.974236,0.024054,0.163,0.0,0.009237,0.887214,0.699342,0.808804,0.123547,0.0,0.032633,0.983274,4566,2|3|4,1,23329,0.165737,2.17,12.99,0.06,0.32,0.0,0.63,4.99,NVIDIA A100-SXM4-80GB,a7eeb9c6f4b5df0f,f86d69189bb7,1,temporal,train,all,0.7,0.15,0.15,C,noise_curve_c_s59_BPIC_2020_DomesticDeclarations
BPIC_2020_DomesticDeclarations,lstm,gll,0.6,8,0.900821,0.475418,0.971956,0.006156,0.412299,0.001596,0.314805,0.902963,0.720393,0.828734,0.108917,0.000732,0.003504,0.990659,4566,2|3|4,5,23329,0.165737,4.62,46.24,0.06,0.32,0.0,0.63,4.99,NVIDIA A100-SXM4-80GB,a7eeb9c6f4b5df0f,f86d69189bb7,1,temporal,train,all,0.7,0.15,0.15,C,noise_curve_c_s59_BPIC_2020_DomesticDeclarations
BPIC_2020_DomesticDeclarations,lstm,baseline,0.7,8,0.879731,0.426601,0.950524,0.02394,0.580731,0.028044,0.574431,0.88683,0.74998,0.805738,0.116151,0.118833,0.017083,0.974484,4566,2|3|4,3,27217,0.148728,1.9,15.23,0.06,0.32,0.0,0.63,4.99,NVIDIA A100-SXM4-80GB,a7eeb9c6f4b5df0f,f86d69189bb7,1,temporal,train,all,0.7,0.15,0.15,C,noise_curve_c_s59_BPIC_2020_DomesticDeclarations
BPIC_2020_DomesticDeclarations,lstm,checker,0.7,8,0.879959,0.426701,0.97264,0.023826,0.463914,0.02793,0.502928,0.886835,0.749817,0.805738,0.115907,0.118589,0.016864,0.974517,4566,2|3|4,3,27217,0.148728,1.81,14.47,0.06,0.32,0.0,0.63,4.99,NVIDIA A100-SXM4-80GB,a7eeb9c6f4b5df0f,f86d69189bb7,1,temporal,train,all,0.7,0.15,0.15,C,noise_curve_c_s59_BPIC_2020_DomesticDeclarations
BPIC_2020_DomesticDeclarations,lstm,checker_net,0.7,8,0.897401,0.466051,0.969106,0.006156,0.521909,0.009918,0.466735,0.911346,0.787125,0.828515,0.085101,0.087783,0.016864,0.979118,4566,2|3|4,8,27217,0.148728,1.82,23.66,0.06,0.32,0.0,0.63,4.99,NVIDIA A100-SXM4-80GB,a7eeb9c6f4b5df0f,f86d69189bb7,1,temporal,train,all,0.7,0.15,0.15,C,noise_curve_c_s59_BPIC_2020_DomesticDeclarations
BPIC_2020_DomesticDeclarations,lstm,checker_net_state,0.7,8,0.872207,0.374204,0.944596,0.028158,0.512197,0.031122,0.461425,0.882603,0.719743,0.795445,0.129074,0.149801,0.060885,0.971167,4566,2|3|4,20,27217,0.148728,2.03,50.74,0.06,0.32,0.0,0.63,4.99,NVIDIA A100-SXM4-80GB,a7eeb9c6f4b5df0f,f86d69189bb7,1,temporal,train,all,0.7,0.15,0.15,C,noise_curve_c_s59_BPIC_2020_DomesticDeclarations
BPIC_2020_DomesticDeclarations,lstm,marking,0.7,8,0.878249,0.425831,0.950524,0.025764,0.577347,0.029868,0.562171,0.884902,0.743233,0.805738,0.125986,0.128668,0.017083,0.972762,4566,2|3|4,2,27217,0.148728,2.3,16.13,0.06,0.32,0.0,0.63,4.99,NVIDIA A100-SXM4-80GB,a7eeb9c6f4b5df0f,f86d69189bb7,1,temporal,train,all,0.7,0.15,0.15,C,noise_curve_c_s59_BPIC_2020_DomesticDeclarations
BPIC_2020_DomesticDeclarations,lstm,gnn,0.7,8,0.879959,0.426698,0.951094,0.02394,0.58057,0.028044,0.564817,0.882563,0.743965,0.805738,0.137365,0.140047,0.017083,0.97097,4566,2|3|4,2,27217,0.148728,2.71,18.95,0.06,0.32,0.0,0.63,4.99,NVIDIA A100-SXM4-80GB,a7eeb9c6f4b5df0f,f86d69189bb7,1,temporal,train,all,0.7,0.15,0.15,C,noise_curve_c_s59_BPIC_2020_DomesticDeclarations
BPIC_2020_DomesticDeclarations,lstm,seq,0.7,8,0.867305,0.420424,0.96808,0.036594,0.575145,0.040698,0.564983,0.876426,0.727709,0.792378,0.134114,0.136796,0.03986,0.971172,4566,2|3|4,7,27217,0.148728,4.31,51.72,0.06,0.32,0.0,0.63,4.99,NVIDIA A100-SXM4-80GB,a7eeb9c6f4b5df0f,f86d69189bb7,1,temporal,train,all,0.7,0.15,0.15,C,noise_curve_c_s59_BPIC_2020_DomesticDeclarations
BPIC_2020_DomesticDeclarations,lstm,lll,0.7,8,0.906521,0.521485,0.974236,0.001026,0.21813,0.0,0.000942,0.916496,0.742746,0.835961,0.072178,0.0,0.0,0.991692,4566,2|3|4,8,27217,0.148728,2.01,26.18,0.06,0.32,0.0,0.63,4.99,NVIDIA A100-SXM4-80GB,a7eeb9c6f4b5df0f,f86d69189bb7,1,temporal,train,all,0.7,0.15,0.15,C,noise_curve_c_s59_BPIC_2020_DomesticDeclarations
BPIC_2020_DomesticDeclarations,lstm,gll,0.7,8,0.880871,0.396559,0.968194,0.027018,0.507509,0.000228,0.382284,0.87831,0.682598,0.806614,0.1472,0.0,0.031099,0.986093,4566,2|3|4,3,27217,0.148728,4.52,36.16,0.06,0.32,0.0,0.63,4.99,NVIDIA A100-SXM4-80GB,a7eeb9c6f4b5df0f,f86d69189bb7,1,temporal,train,all,0.7,0.15,0.15,C,noise_curve_c_s59_BPIC_2020_DomesticDeclarations
BPIC_2020_DomesticDeclarations,lstm,baseline,0.8,8,0.817715,0.401824,0.983926,0.045372,0.64746,0.04959,0.648425,0.806483,0.640657,0.70806,0.11233,0.097293,0.084976,0.968137,4566,2|3|4,13,31106,0.137434,1.8,32.49,0.06,0.32,0.0,0.63,4.99,NVIDIA A100-SXM4-80GB,a7eeb9c6f4b5df0f,f86d69189bb7,1,temporal,train,all,0.7,0.15,0.15,C,noise_curve_c_s59_BPIC_2020_DomesticDeclarations
BPIC_2020_DomesticDeclarations,lstm,checker,0.8,8,0.861149,0.535522,0.973096,0.004902,0.535985,0.009918,0.576641,0.84085,0.690401,0.757556,0.021702,0.045761,0.015331,0.976882,4566,2|3|4,10,31106,0.137434,1.81,27.11,0.06,0.32,0.0,0.63,4.99,NVIDIA A100-SXM4-80GB,a7eeb9c6f4b5df0f,f86d69189bb7,1,temporal,train,all,0.7,0.15,0.15,C,noise_curve_c_s59_BPIC_2020_DomesticDeclarations
BPIC_2020_DomesticDeclarations,lstm,checker_net,0.8,8,0.863315,0.53509,0.971386,0.003078,0.591313,0.006726,0.525497,0.843436,0.695765,0.760841,0.038365,0.033732,0.010074,0.974573,4566,2|3|4,10,31106,0.137434,1.81,27.15,0.06,0.32,0.0,0.63,4.99,NVIDIA A100-SXM4-80GB,a7eeb9c6f4b5df0f,f86d69189bb7,1,temporal,train,all,0.7,0.15,0.15,C,noise_curve_c_s59_BPIC_2020_DomesticDeclarations
BPIC_2020_DomesticDeclarations,lstm,checker_net_state,0.8,8,0.826835,0.443938,0.96352,0.036252,0.630199,0.040356,0.590069,0.804305,0.634398,0.715068,0.093311,0.060636,0.03986,0.968161,4566,2|3|4,10,31106,0.137434,1.84,27.61,0.06,0.32,0.0,0.63,4.99,NVIDIA A100-SXM4-80GB,a7eeb9c6f4b5df0f,f86d69189bb7,1,temporal,train,all,0.7,0.15,0.15,C,noise_curve_c_s59_BPIC_2020_DomesticDeclarations
BPIC_2020_DomesticDeclarations,lstm,marking,0.8,8,0.860237,0.416438,0.95098,0.048108,0.65856,0.05187,0.646225,0.872857,0.725595,0.779019,0.150939,0.153459,0.062637,0.968585,4566,2|3|4,4,31106,0.137434,2.02,18.2,0.06,0.32,0.0,0.63,4.99,NVIDIA A100-SXM4-80GB,a7eeb9c6f4b5df0f,f86d69189bb7,1,temporal,train,all,0.7,0.15,0.15,C,noise_curve_c_s59_BPIC_2020_DomesticDeclarations
BPIC_2020_DomesticDeclarations,lstm,gnn,0.8,8,0.814979,0.374518,0.956794,0.052782,0.640167,0.056886,0.630121,0.805681,0.642445,0.70806,0.105096,0.128993,0.084319,0.966818,4566,2|3|4,17,31106,0.137434,2.45,53.8,0.06,0.32,0.0,0.63,4.99,NVIDIA A100-SXM4-80GB,a7eeb9c6f4b5df0f,f86d69189bb7,1,temporal,train,all,0.7,0.15,0.15,C,noise_curve_c_s59_BPIC_2020_DomesticDeclarations
BPIC_2020_DomesticDeclarations,lstm,seq,0.8,8,0.860579,0.418003,0.967282,0.043662,0.654153,0.047766,0.643139,0.869689,0.718524,0.792378,0.15354,0.156385,0.062199,0.9681,4566,2|3|4,9,31106,0.137434,3.73,52.26,0.06,0.32,0.0,0.63,4.99,NVIDIA A100-SXM4-80GB,a7eeb9c6f4b5df0f,f86d69189bb7,1,temporal,train,all,0.7,0.15,0.15,C,noise_curve_c_s59_BPIC_2020_DomesticDeclarations
BPIC_2020_DomesticDeclarations,lstm,lll,0.8,8,0.901391,0.46957,0.972754,0.00627,0.33106,0.0,0.008323,0.914397,0.733805,0.831581,0.075754,0.0,0.0,0.991846,4566,2|3|4,2,31106,0.137434,1.94,13.58,0.06,0.32,0.0,0.63,4.99,NVIDIA A100-SXM4-80GB,a7eeb9c6f4b5df0f,f86d69189bb7,1,temporal,train,all,0.7,0.15,0.15,C,noise_curve_c_s59_BPIC_2020_DomesticDeclarations
BPIC_2020_DomesticDeclarations,lstm,gll,0.8,8,0.856931,0.486776,0.97378,0.00969,0.564658,0.000228,0.43819,0.835501,0.681135,0.757556,0.063643,0.0,0.010074,0.977651,4566,2|3|4,25,31106,0.137434,4.59,137.71,0.06,0.32,0.0,0.63,4.99,NVIDIA A100-SXM4-80GB,a7eeb9c6f4b5df0f,f86d69189bb7,1,temporal,train,all,0.7,0.15,0.15,C,noise_curve_c_s59_BPIC_2020_DomesticDeclarations
BPIC_2020_DomesticDeclarations,lstm,baseline,0.0,9,0.907661,0.523842,0.981646,0.0,0.001096,0.00114,0.039859,0.918472,0.801187,0.837276,0.07104,0.071771,0.0,0.981066,4566,2|3|4,3,0,0.999456,1.78,14.24,0.06,0.32,0.0,0.63,4.99,NVIDIA A100-SXM4-80GB,a7eeb9c6f4b5df0f,f86d69189bb7,1,temporal,train,all,0.7,0.15,0.15,C,noise_curve_c_s59_BPIC_2020_DomesticDeclarations
BPIC_2020_DomesticDeclarations,lstm,checker,0.0,9,0.907661,0.523842,0.998974,0.0,0.000745,0.00114,0.039188,0.918472,0.801187,0.837276,0.07104,0.071771,0.0,0.981066,4566,2|3|4,3,0,0.999456,1.84,14.7,0.06,0.32,0.0,0.63,4.99,NVIDIA A100-SXM4-80GB,a7eeb9c6f4b5df0f,f86d69189bb7,1,temporal,train,all,0.7,0.15,0.15,C,noise_curve_c_s59_BPIC_2020_DomesticDeclarations
BPIC_2020_DomesticDeclarations,lstm,checker_net,0.0,9,0.907661,0.523842,0.981874,0.0,0.000907,0.00114,0.027063,0.918472,0.801187,0.837276,0.07104,0.071771,0.0,0.981066,4566,2|3|4,3,0,0.999456,1.93,15.44,0.06,0.32,0.0,0.63,4.99,NVIDIA A100-SXM4-80GB,a7eeb9c6f4b5df0f,f86d69189bb7,1,temporal,train,all,0.7,0.15,0.15,C,noise_curve_c_s59_BPIC_2020_DomesticDeclarations
BPIC_2020_DomesticDeclarations,lstm,checker_net_state,0.0,9,0.907661,0.523842,0.998746,0.0,0.000968,0.00114,0.02858,0.918472,0.801187,0.837276,0.07104,0.071771,0.0,0.981066,4566,2|3|4,3,0,0.999456,1.94,15.53,0.06,0.32,0.0,0.63,4.99,NVIDIA A100-SXM4-80GB,a7eeb9c6f4b5df0f,f86d69189bb7,1,temporal,train,all,0.7,0.15,0.15,C,noise_curve_c_s59_BPIC_2020_DomesticDeclarations
BPIC_2020_DomesticDeclarations,lstm,marking,0.0,9,0.907547,0.523588,0.998404,0.0,0.001045,0.001026,0.041102,0.916058,0.795091,0.837057,0.058929,0.069658,0.0,0.981774,4566,2|3|4,4,0,0.999456,2.12,19.06,0.06,0.32,0.0,0.63,4.99,NVIDIA A100-SXM4-80GB,a7eeb9c6f4b5df0f,f86d69189bb7,1,temporal,train,all,0.7,0.15,0.15,C,noise_curve_c_s59_BPIC_2020_DomesticDeclarations
BPIC_2020_DomesticDeclarations,lstm,gnn,0.0,9,0.907547,0.523588,0.998632,0.0,0.000669,0.001026,0.038333,0.9161,0.795091,0.837057,0.059335,0.06982,0.0,0.981775,4566,2|3|4,7,0,0.999456,2.67,32.02,0.06,0.32,0.0,0.63,4.99,NVIDIA A100-SXM4-80GB,a7eeb9c6f4b5df0f,f86d69189bb7,1,temporal,train,all,0.7,0.15,0.15,C,noise_curve_c_s59_BPIC_2020_DomesticDeclarations
BPIC_2020_DomesticDeclarations,lstm,seq,0.0,9,0.907547,0.523588,0.998404,0.0,0.002388,0.001026,0.033462,0.918326,0.80078,0.837057,0.071202,0.071852,0.0,0.981041,4566,2|3|4,1,0,0.999456,4.46,26.74,0.06,0.32,0.0,0.63,4.99,NVIDIA A100-SXM4-80GB,a7eeb9c6f4b5df0f,f86d69189bb7,1,temporal,train,all,0.7,0.15,0.15,C,noise_curve_c_s59_BPIC_2020_DomesticDeclarations
BPIC_2020_DomesticDeclarations,lstm,lll,0.0,9,0.906521,0.478028,0.97606,0.001026,0.00254,0.0,0.000298,0.915568,0.794278,0.835961,0.070877,0.058685,0.0,0.982076,4566,2|3|4,6,0,0.999456,2.07,22.72,0.06,0.32,0.0,0.63,4.99,NVIDIA A100-SXM4-80GB,a7eeb9c6f4b5df0f,f86d69189bb7,1,temporal,train,all,0.7,0.15,0.15,C,noise_curve_c_s59_BPIC_2020_DomesticDeclarations
BPIC_2020_DomesticDeclarations,lstm,gll,0.0,9,0.907661,0.523842,0.998404,0.0,0.001506,0.00114,0.022446,0.915881,0.742177,0.837276,0.078111,0.000732,0.0,0.992838,4566,2|3|4,3,0,0.999456,4.51,36.1,0.06,0.32,0.0,0.63,4.99,NVIDIA A100-SXM4-80GB,a7eeb9c6f4b5df0f,f86d69189bb7,1,temporal,train,all,0.7,0.15,0.15,C,noise_curve_c_s59_BPIC_2020_DomesticDeclarations
BPIC_2020_DomesticDeclarations,lstm,baseline,0.1,9,0.906407,0.520941,0.998176,0.001026,0.079767,0.001482,0.1092,0.917943,0.800211,0.835742,0.069414,0.069495,0.00219,0.981368,4566,2|3|4,3,3888,0.710981,1.85,14.83,0.06,0.32,0.0,0.63,4.99,NVIDIA A100-SXM4-80GB,a7eeb9c6f4b5df0f,f86d69189bb7,1,temporal,train,all,0.7,0.15,0.15,C,noise_curve_c_s59_BPIC_2020_DomesticDeclarations
BPIC_2020_DomesticDeclarations,lstm,checker,0.1,9,0.907205,0.522807,0.99886,0.000114,0.054876,0.001368,0.090807,0.918819,0.801918,0.836837,0.067626,0.068357,0.000438,0.981495,4566,2|3|4,3,3888,0.710981,1.92,15.38,0.06,0.32,0.0,0.63,4.99,NVIDIA A100-SXM4-80GB,a7eeb9c6f4b5df0f,f86d69189bb7,1,temporal,train,all,0.7,0.15,0.15,C,noise_curve_c_s59_BPIC_2020_DomesticDeclarations
BPIC_2020_DomesticDeclarations,lstm,checker_net,0.1,9,0.906179,0.520407,0.99772,0.00114,0.061009,0.001368,0.076484,0.917943,0.800211,0.835742,0.069414,0.069495,0.00219,0.981368,4566,2|3|4,3,3888,0.710981,2.04,16.29,0.06,0.32,0.0,0.63,4.99,NVIDIA A100-SXM4-80GB,a7eeb9c6f4b5df0f,f86d69189bb7,1,temporal,train,all,0.7,0.15,0.15,C,noise_curve_c_s59_BPIC_2020_DomesticDeclarations
BPIC_2020_DomesticDeclarations,lstm,checker_net_state,0.1,9,0.906407,0.520941,0.998176,0.001026,0.065158,0.001482,0.082942,0.917943,0.800211,0.835742,0.069414,0.069495,0.00219,0.981368,4566,2|3|4,3,3888,0.710981,2.37,18.94,0.06,0.32,0.0,0.63,4.99,NVIDIA A100-SXM4-80GB,a7eeb9c6f4b5df0f,f86d69189bb7,1,temporal,train,all,0.7,0.15,0.15,C,noise_curve_c_s59_BPIC_2020_DomesticDeclarations
BPIC_2020_DomesticDeclarations,lstm,marking,0.1,9,0.907661,0.523842,0.981076,0.0,0.071067,0.00114,0.111126,0.918314,0.80013,0.837057,0.070958,0.071609,0.0,0.981079,4566,2|3|4,5,3888,0.710981,2.11,21.08,0.06,0.32,0.0,0.63,4.99,NVIDIA A100-SXM4-80GB,a7eeb9c6f4b5df0f,f86d69189bb7,1,temporal,train,all,0.7,0.15,0.15,C,noise_curve_c_s59_BPIC_2020_DomesticDeclarations
BPIC_2020_DomesticDeclarations,lstm,gnn,0.1,9,0.906293,0.520674,0.998176,0.001254,0.079299,0.001254,0.113265,0.91797,0.800374,0.835742,0.069414,0.069495,0.00219,0.981368,4566,2|3|4,2,3888,0.710981,2.67,18.69,0.06,0.32,0.0,0.63,4.99,NVIDIA A100-SXM4-80GB,a7eeb9c6f4b5df0f,f86d69189bb7,1,temporal,train,all,0.7,0.15,0.15,C,noise_curve_c_s59_BPIC_2020_DomesticDeclarations
BPIC_2020_DomesticDeclarations,lstm,seq,0.1,9,0.906179,0.520402,0.998176,0.00114,0.072392,0.001368,0.10025,0.916124,0.79696,0.835742,0.074291,0.074372,0.00219,0.980521,4566,2|3|4,1,3888,0.710981,4.32,25.93,0.06,0.32,0.0,0.63,4.99,NVIDIA A100-SXM4-80GB,a7eeb9c6f4b5df0f,f86d69189bb7,1,temporal,train,all,0.7,0.15,0.15,C,noise_curve_c_s59_BPIC_2020_DomesticDeclarations
BPIC_2020_DomesticDeclarations,lstm,lll,0.1,9,0.906521,0.478029,0.975832,0.001254,0.018048,0.0,0.000602,0.917838,0.744615,0.835961,0.069739,0.0,0.0,0.991946,4566,2|3|4,3,3888,0.710981,2.02,16.17,0.06,0.32,0.0,0.63,4.99,NVIDIA A100-SXM4-80GB,a7eeb9c6f4b5df0f,f86d69189bb7,1,temporal,train,all,0.7,0.15,0.15,C,noise_curve_c_s59_BPIC_2020_DomesticDeclarations
BPIC_2020_DomesticDeclarations,lstm,gll,0.1,9,0.907547,0.523588,0.980164,0.000228,0.044225,0.001026,0.054709,0.915808,0.741689,0.837057,0.078274,0.00065,0.0,0.992835,4566,2|3|4,10,3888,0.710981,4.68,70.18,0.06,0.32,0.0,0.63,4.99,NVIDIA A100-SXM4-80GB,a7eeb9c6f4b5df0f,f86d69189bb7,1,temporal,train,all,0.7,0.15,0.15,C,noise_curve_c_s59_BPIC_2020_DomesticDeclarations
BPIC_2020_DomesticDeclarations,lstm,baseline,0.2,9,0.906521,0.521224,0.98062,0.001254,0.146444,0.001026,0.174049,0.916951,0.798586,0.835961,0.075185,0.075104,0.001752,0.980613,4566,2|3|4,5,7776,0.51871,1.84,18.44,0.06,0.32,0.0,0.63,4.99,NVIDIA A100-SXM4-80GB,a7eeb9c6f4b5df0f,f86d69189bb7,1,temporal,train,all,0.7,0.15,0.15,C,noise_curve_c_s59_BPIC_2020_DomesticDeclarations
BPIC_2020_DomesticDeclarations,lstm,checker,0.2,9,0.906635,0.521488,0.98062,0.001026,0.100469,0.001026,0.138731,0.916951,0.798586,0.835961,0.075185,0.075104,0.001752,0.980613,4566,2|3|4,5,7776,0.51871,1.96,19.61,0.06,0.32,0.0,0.63,4.99,NVIDIA A100-SXM4-80GB,a7eeb9c6f4b5df0f,f86d69189bb7,1,temporal,train,all,0.7,0.15,0.15,C,noise_curve_c_s59_BPIC_2020_DomesticDeclarations
BPIC_2020_DomesticDeclarations,lstm,checker_net,0.2,9,0.906521,0.521224,0.976288,0.001254,0.110747,0.001026,0.120827,0.91627,0.798342,0.835961,0.080062,0.07998,0.001752,0.979956,4566,2|3|4,5,7776,0.51871,1.93,19.28,0.06,0.32,0.0,0.63,4.99,NVIDIA A100-SXM4-80GB,a7eeb9c6f4b5df0f,f86d69189bb7,1,temporal,train,all,0.7,0.15,0.15,C,noise_curve_c_s59_BPIC_2020_DomesticDeclarations
BPIC_2020_DomesticDeclarations,lstm,checker_net_state,0.2,9,0.906521,0.521224,0.976516,0.001254,0.119768,0.001026,0.133478,0.91627,0.798342,0.835961,0.080062,0.07998,0.001752,0.979956,4566,2|3|4,5,7776,0.51871,1.95,19.52,0.06,0.32,0.0,0.63,4.99,NVIDIA A100-SXM4-80GB,a7eeb9c6f4b5df0f,f86d69189bb7,1,temporal,train,all,0.7,0.15,0.15,C,noise_curve_c_s59_BPIC_2020_DomesticDeclarations
BPIC_2020_DomesticDeclarations,lstm,marking,0.2,9,0.906407,0.520945,0.997492,0.00114,0.147528,0.001254,0.17228,0.917146,0.797692,0.835742,0.072665,0.072746,0.00219,0.980943,4566,2|3|4,8,7776,0.51871,2.1,27.29,0.06,0.32,0.0,0.63,4.99,NVIDIA A100-SXM4-80GB,a7eeb9c6f4b5df0f,f86d69189bb7,1,temporal,train,all,0.7,0.15,0.15,C,noise_curve_c_s59_BPIC_2020_DomesticDeclarations
BPIC_2020_DomesticDeclarations,lstm,gnn,0.2,9,0.905951,0.520296,0.997378,0.001482,0.15353,0.001596,0.18052,0.915957,0.798017,0.835742,0.080143,0.080224,0.00219,0.979921,4566,2|3|4,2,7776,0.51871,2.67,18.7,0.06,0.32,0.0,0.63,4.99,NVIDIA A100-SXM4-80GB,a7eeb9c6f4b5df0f,f86d69189bb7,1,temporal,train,all,0.7,0.15,0.15,C,noise_curve_c_s59_BPIC_2020_DomesticDeclarations
BPIC_2020_DomesticDeclarations,lstm,seq,0.2,9,0.906179,0.520401,0.977314,0.001026,0.141065,0.001368,0.174,0.917608,0.744534,0.835742,0.065106,0.065269,0.00219,0.982289,4566,2|3|4,1,7776,0.51871,4.12,24.72,0.06,0.32,0.0,0.63,4.99,NVIDIA A100-SXM4-80GB,a7eeb9c6f4b5df0f,f86d69189bb7,1,temporal,train,all,0.7,0.15,0.15,C,noise_curve_c_s59_BPIC_2020_DomesticDeclarations
BPIC_2020_DomesticDeclarations,lstm,lll,0.2,9,0.902303,0.469776,0.975604,0.005358,0.042805,0.0,0.003271,0.91061,0.733805,0.832457,0.09136,0.0,0.008322,0.989406,4566,2|3|4,1,7776,0.51871,2.08,12.48,0.06,0.32,0.0,0.63,4.99,NVIDIA A100-SXM4-80GB,a7eeb9c6f4b5df0f,f86d69189bb7,1,temporal,train,all,0.7,0.15,0.15,C,noise_curve_c_s59_BPIC_2020_DomesticDeclarations
BPIC_2020_DomesticDeclarations,lstm,gll,0.2,9,0.906179,0.520402,0.974236,0.001254,0.112035,0.001368,0.100143,0.913993,0.738682,0.835742,0.081525,0.000813,0.00219,0.992669,4566,2|3|4,5,7776,0.51871,4.54,45.43,0.06,0.32,0.0,0.63,4.99,NVIDIA A100-SXM4-80GB,a7eeb9c6f4b5df0f,f86d69189bb7,1,temporal,train,all,0.7,0.15,0.15,C,noise_curve_c_s59_BPIC_2020_DomesticDeclarations
BPIC_2020_DomesticDeclarations,lstm,baseline,0.3,9,0.902645,0.511763,0.98005,0.001368,0.236383,0.005016,0.261425,0.913825,0.792002,0.832457,0.076485,0.079086,0.008979,0.980198,4566,2|3|4,4,11665,0.358552,1.9,17.13,0.06,0.32,0.0,0.63,4.99,NVIDIA A100-SXM4-80GB,a7eeb9c6f4b5df0f,f86d69189bb7,1,temporal,train,all,0.7,0.15,0.15,C,noise_curve_c_s59_BPIC_2020_DomesticDeclarations
BPIC_2020_DomesticDeclarations,lstm,checker,0.3,9,0.902645,0.511763,0.981076,0.001368,0.169913,0.005016,0.21396,0.914134,0.792246,0.832457,0.077542,0.080143,0.008979,0.980016,4566,2|3|4,4,11665,0.358552,1.95,17.51,0.06,0.32,0.0,0.63,4.99,NVIDIA A100-SXM4-80GB,a7eeb9c6f4b5df0f,f86d69189bb7,1,temporal,train,all,0.7,0.15,0.15,C,noise_curve_c_s59_BPIC_2020_DomesticDeclarations
BPIC_2020_DomesticDeclarations,lstm,checker_net,0.3,9,0.906065,0.520349,0.976288,0.001368,0.186523,0.001482,0.190622,0.915499,0.794603,0.835742,0.076079,0.07616,0.00219,0.980414,4566,2|3|4,4,11665,0.358552,1.81,16.25,0.06,0.32,0.0,0.63,4.99,NVIDIA A100-SXM4-80GB,a7eeb9c6f4b5df0f,f86d69189bb7,1,temporal,train,all,0.7,0.15,0.15,C,noise_curve_c_s59_BPIC_2020_DomesticDeclarations
BPIC_2020_DomesticDeclarations,lstm,checker_net_state,0.3,9,0.902645,0.511763,0.976288,0.001368,0.200393,0.005016,0.209673,0.913812,0.791758,0.832457,0.076648,0.079249,0.008979,0.980181,4566,2|3|4,4,11665,0.358552,1.85,16.63,0.06,0.32,0.0,0.63,4.99,NVIDIA A100-SXM4-80GB,a7eeb9c6f4b5df0f,f86d69189bb7,1,temporal,train,all,0.7,0.15,0.15,C,noise_curve_c_s59_BPIC_2020_DomesticDeclarations
BPIC_2020_DomesticDeclarations,lstm,marking,0.3,9,0.902303,0.51161,0.99715,0.001482,0.238026,0.00513,0.254297,0.913677,0.792977,0.832457,0.08185,0.084451,0.008979,0.979565,4566,2|3|4,11,11665,0.358552,2.01,32.16,0.06,0.32,0.0,0.63,4.99,NVIDIA A100-SXM4-80GB,a7eeb9c6f4b5df0f,f86d69189bb7,1,temporal,train,all,0.7,0.15,0.15,C,noise_curve_c_s59_BPIC_2020_DomesticDeclarations
BPIC_2020_DomesticDeclarations,lstm,gnn,0.3,9,0.902531,0.511181,0.993274,0.001254,0.241186,0.005244,0.257589,0.914585,0.792896,0.832457,0.074453,0.077136,0.009198,0.980487,4566,2|3|4,2,11665,0.358552,2.46,17.22,0.06,0.32,0.0,0.63,4.99,NVIDIA A100-SXM4-80GB,a7eeb9c6f4b5df0f,f86d69189bb7,1,temporal,train,all,0.7,0.15,0.15,C,noise_curve_c_s59_BPIC_2020_DomesticDeclarations
BPIC_2020_DomesticDeclarations,lstm,seq,0.3,9,0.902531,0.51118,0.980392,0.001254,0.228721,0.005244,0.244218,0.914663,0.789807,0.832457,0.073641,0.076323,0.009198,0.980548,4566,2|3|4,3,11665,0.358552,3.74,29.93,0.06,0.32,0.0,0.63,4.99,NVIDIA A100-SXM4-80GB,a7eeb9c6f4b5df0f,f86d69189bb7,1,temporal,train,all,0.7,0.15,0.15,C,noise_curve_c_s59_BPIC_2020_DomesticDeclarations
BPIC_2020_DomesticDeclarations,lstm,lll,0.3,9,0.902531,0.469814,0.975262,0.005244,0.062957,0.0,0.004563,0.909541,0.731935,0.832457,0.09705,0.0,0.008322,0.988849,4566,2|3|4,1,11665,0.358552,1.94,11.64,0.06,0.32,0.0,0.63,4.99,NVIDIA A100-SXM4-80GB,a7eeb9c6f4b5df0f,f86d69189bb7,1,temporal,train,all,0.7,0.15,0.15,C,noise_curve_c_s59_BPIC_2020_DomesticDeclarations
BPIC_2020_DomesticDeclarations,lstm,gll,0.3,9,0.905951,0.520299,0.97435,0.001368,0.180424,0.001482,0.166405,0.913993,0.738682,0.835742,0.081525,0.000813,0.00219,0.992669,4566,2|3|4,4,11665,0.358552,4.59,41.35,0.06,0.32,0.0,0.63,4.99,NVIDIA A100-SXM4-80GB,a7eeb9c6f4b5df0f,f86d69189bb7,1,temporal,train,all,0.7,0.15,0.15,C,noise_curve_c_s59_BPIC_2020_DomesticDeclarations
BPIC_2020_DomesticDeclarations,lstm,baseline,0.4,9,0.902189,0.511024,0.993388,0.001482,0.315102,0.005472,0.334461,0.914621,0.792977,0.832457,0.074453,0.077136,0.009198,0.980474,4566,2|3|4,4,15553,0.269697,1.81,16.29,0.06,0.32,0.0,0.63,4.99,NVIDIA A100-SXM4-80GB,a7eeb9c6f4b5df0f,f86d69189bb7,1,temporal,train,all,0.7,0.15,0.15,C,noise_curve_c_s59_BPIC_2020_DomesticDeclarations
BPIC_2020_DomesticDeclarations,lstm,checker,0.4,9,0.902303,0.511074,0.997948,0.001482,0.227309,0.005472,0.267939,0.913463,0.791514,0.832457,0.077867,0.080549,0.009198,0.979967,4566,2|3|4,4,15553,0.269697,1.82,16.35,0.06,0.32,0.0,0.63,4.99,NVIDIA A100-SXM4-80GB,a7eeb9c6f4b5df0f,f86d69189bb7,1,temporal,train,all,0.7,0.15,0.15,C,noise_curve_c_s59_BPIC_2020_DomesticDeclarations
BPIC_2020_DomesticDeclarations,lstm,checker_net,0.4,9,0.905837,0.520246,0.993388,0.001482,0.248021,0.001596,0.243548,0.916804,0.798667,0.835742,0.072665,0.072746,0.00219,0.980886,4566,2|3|4,4,15553,0.269697,1.81,16.33,0.06,0.32,0.0,0.63,4.99,NVIDIA A100-SXM4-80GB,a7eeb9c6f4b5df0f,f86d69189bb7,1,temporal,train,all,0.7,0.15,0.15,C,noise_curve_c_s59_BPIC_2020_DomesticDeclarations
BPIC_2020_DomesticDeclarations,lstm,checker_net_state,0.4,9,0.902303,0.511074,0.993388,0.001482,0.267858,0.005472,0.267438,0.914594,0.792977,0.832457,0.074535,0.077217,0.009198,0.980463,4566,2|3|4,4,15553,0.269697,1.85,16.65,0.06,0.32,0.0,0.63,4.99,NVIDIA A100-SXM4-80GB,a7eeb9c6f4b5df0f,f86d69189bb7,1,temporal,train,all,0.7,0.15,0.15,C,noise_curve_c_s59_BPIC_2020_DomesticDeclarations
BPIC_2020_DomesticDeclarations,lstm,marking,0.4,9,0.902075,0.510974,0.975148,0.001482,0.322963,0.005472,0.332452,0.913523,0.791514,0.832457,0.077786,0.080468,0.009198,0.979974,4566,2|3|4,3,15553,0.269697,2.04,16.32,0.06,0.32,0.0,0.63,4.99,NVIDIA A100-SXM4-80GB,a7eeb9c6f4b5df0f,f86d69189bb7,1,temporal,train,all,0.7,0.15,0.15,C,noise_curve_c_s59_BPIC_2020_DomesticDeclarations
BPIC_2020_DomesticDeclarations,lstm,gnn,0.4,9,0.902189,0.51102,0.997378,0.001482,0.31412,0.005472,0.323302,0.912667,0.79062,0.832457,0.08502,0.087702,0.009198,0.979034,4566,2|3|4,8,15553,0.269697,2.45,31.91,0.06,0.32,0.0,0.63,4.99,NVIDIA A100-SXM4-80GB,a7eeb9c6f4b5df0f,f86d69189bb7,1,temporal,train,all,0.7,0.15,0.15,C,noise_curve_c_s59_BPIC_2020_DomesticDeclarations
BPIC_2020_DomesticDeclarations,lstm,seq,0.4,9,0.901391,0.510613,0.990994,0.002394,0.317141,0.006498,0.320503,0.914283,0.792327,0.831581,0.075673,0.078355,0.010731,0.980366,4566,2|3|4,1,15553,0.269697,3.79,22.71,0.06,0.32,0.0,0.63,4.99,NVIDIA A100-SXM4-80GB,a7eeb9c6f4b5df0f,f86d69189bb7,1,temporal,train,all,0.7,0.15,0.15,C,noise_curve_c_s59_BPIC_2020_DomesticDeclarations
BPIC_2020_DomesticDeclarations,lstm,lll,0.4,9,0.902303,0.46977,0.975262,0.005358,0.084034,0.0,0.006515,0.909317,0.73161,0.832457,0.091685,0.0,0.008322,0.989413,4566,2|3|4,1,15553,0.269697,2.4,14.37,0.06,0.32,0.0,0.63,4.99,NVIDIA A100-SXM4-80GB,a7eeb9c6f4b5df0f,f86d69189bb7,1,temporal,train,all,0.7,0.15,0.15,C,noise_curve_c_s59_BPIC_2020_DomesticDeclarations
BPIC_2020_DomesticDeclarations,lstm,gll,0.4,9,0.905951,0.520298,0.992362,0.001254,0.236939,0.001482,0.21047,0.91392,0.738682,0.835742,0.081687,0.000894,0.002409,0.992651,4566,2|3|4,4,15553,0.269697,4.77,42.92,0.06,0.32,0.0,0.63,4.99,NVIDIA A100-SXM4-80GB,a7eeb9c6f4b5df0f,f86d69189bb7,1,temporal,train,all,0.7,0.15,0.15,C,noise_curve_c_s59_BPIC_2020_DomesticDeclarations
BPIC_2020_DomesticDeclarations,lstm,baseline,0.5,9,0.902189,0.511025,0.993388,0.001482,0.408189,0.005472,0.409111,0.914966,0.794684,0.832457,0.073234,0.075916,0.009198,0.980724,4566,2|3|4,5,19441,0.217445,1.77,17.75,0.06,0.32,0.0,0.63,4.99,NVIDIA A100-SXM4-80GB,a7eeb9c6f4b5df0f,f86d69189bb7,1,temporal,train,all,0.7,0.15,0.15,C,noise_curve_c_s59_BPIC_2020_DomesticDeclarations
BPIC_2020_DomesticDeclarations,lstm,checker,0.5,9,0.902189,0.511024,0.997492,0.001482,0.310702,0.005586,0.340768,0.91335,0.791433,0.832457,0.07998,0.082663,0.009198,0.979718,4566,2|3|4,4,19441,0.217445,1.81,16.32,0.06,0.32,0.0,0.63,4.99,NVIDIA A100-SXM4-80GB,a7eeb9c6f4b5df0f,f86d69189bb7,1,temporal,train,all,0.7,0.15,0.15,C,noise_curve_c_s59_BPIC_2020_DomesticDeclarations
BPIC_2020_DomesticDeclarations,lstm,checker_net,0.5,9,0.905837,0.520243,0.993388,0.001482,0.342725,0.001824,0.308607,0.917164,0.798261,0.835742,0.071365,0.071527,0.002409,0.981087,4566,2|3|4,4,19441,0.217445,1.81,16.3,0.06,0.32,0.0,0.63,4.99,NVIDIA A100-SXM4-80GB,a7eeb9c6f4b5df0f,f86d69189bb7,1,temporal,train,all,0.7,0.15,0.15,C,noise_curve_c_s59_BPIC_2020_DomesticDeclarations
BPIC_2020_DomesticDeclarations,lstm,checker_net_state,0.5,9,0.902189,0.511305,0.97606,0.001482,0.349417,0.005586,0.333101,0.915753,0.794115,0.832457,0.069902,0.072584,0.009198,0.981393,4566,2|3|4,11,19441,0.217445,1.84,29.46,0.06,0.32,0.0,0.63,4.99,NVIDIA A100-SXM4-80GB,a7eeb9c6f4b5df0f,f86d69189bb7,1,temporal,train,all,0.7,0.15,0.15,C,noise_curve_c_s59_BPIC_2020_DomesticDeclarations
BPIC_2020_DomesticDeclarations,lstm,marking,0.5,9,0.901847,0.511374,0.975946,0.005586,0.407947,0.005814,0.414823,0.912436,0.787775,0.832457,0.078192,0.078355,0.002409,0.98035,4566,2|3|4,4,19441,0.217445,2.03,18.23,0.06,0.32,0.0,0.63,4.99,NVIDIA A100-SXM4-80GB,a7eeb9c6f4b5df0f,f86d69189bb7,1,temporal,train,all,0.7,0.15,0.15,C,noise_curve_c_s59_BPIC_2020_DomesticDeclarations
BPIC_2020_DomesticDeclarations,lstm,gnn,0.5,9,0.902075,0.511498,0.973894,0.00171,0.389017,0.005472,0.401838,0.914524,0.79249,0.832457,0.074453,0.077136,0.009198,0.98048,4566,2|3|4,5,19441,0.217445,2.46,24.57,0.06,0.32,0.0,0.63,4.99,NVIDIA A100-SXM4-80GB,a7eeb9c6f4b5df0f,f86d69189bb7,1,temporal,train,all,0.7,0.15,0.15,C,noise_curve_c_s59_BPIC_2020_DomesticDeclarations
BPIC_2020_DomesticDeclarations,lstm,seq,0.5,9,0.879959,0.426698,0.971386,0.02394,0.395915,0.028044,0.405457,0.888287,0.750467,0.805738,0.110786,0.113468,0.017083,0.976164,4566,2|3|4,1,19441,0.217445,3.78,22.67,0.06,0.32,0.0,0.63,4.99,NVIDIA A100-SXM4-80GB,a7eeb9c6f4b5df0f,f86d69189bb7,1,temporal,train,all,0.7,0.15,0.15,C,noise_curve_c_s59_BPIC_2020_DomesticDeclarations
BPIC_2020_DomesticDeclarations,lstm,lll,0.5,9,0.881099,0.396651,0.97321,0.026676,0.130255,0.0,0.009348,0.880249,0.68211,0.806614,0.143136,0.0,0.031099,0.981288,4566,2|3|4,1,19441,0.217445,1.96,11.76,0.06,0.32,0.0,0.63,4.99,NVIDIA A100-SXM4-80GB,a7eeb9c6f4b5df0f,f86d69189bb7,1,temporal,train,all,0.7,0.15,0.15,C,noise_curve_c_s59_BPIC_2020_DomesticDeclarations
BPIC_2020_DomesticDeclarations,lstm,gll,0.5,9,0.905951,0.520298,0.974236,0.001254,0.321118,0.001482,0.264159,0.913847,0.738682,0.835742,0.081769,0.000894,0.002409,0.992637,4566,2|3|4,5,19441,0.217445,4.64,46.44,0.06,0.32,0.0,0.63,4.99,NVIDIA A100-SXM4-80GB,a7eeb9c6f4b5df0f,f86d69189bb7,1,temporal,train,all,0.7,0.15,0.15,C,noise_curve_c_s59_BPIC_2020_DomesticDeclarations
BPIC_2020_DomesticDeclarations,lstm,baseline,0.6,9,0.893753,0.516348,0.97378,0.006156,0.487236,0.010146,0.476172,0.901269,0.762741,0.809461,0.075266,0.077948,0.017083,0.978004,4566,2|3|4,7,23329,0.174309,1.77,21.29,0.06,0.32,0.0,0.63,4.99,NVIDIA A100-SXM4-80GB,a7eeb9c6f4b5df0f,f86d69189bb7,1,temporal,train,all,0.7,0.15,0.15,C,noise_curve_c_s59_BPIC_2020_DomesticDeclarations
BPIC_2020_DomesticDeclarations,lstm,checker,0.6,9,0.898199,0.518774,0.978226,0.00171,0.372199,0.0057,0.39871,0.903437,0.767943,0.813403,0.070633,0.073315,0.009198,0.979141,4566,2|3|4,7,23329,0.174309,1.88,22.56,0.06,0.32,0.0,0.63,4.99,NVIDIA A100-SXM4-80GB,a7eeb9c6f4b5df0f,f86d69189bb7,1,temporal,train,all,0.7,0.15,0.15,C,noise_curve_c_s59_BPIC_2020_DomesticDeclarations
BPIC_2020_DomesticDeclarations,lstm,checker_net,0.6,9,0.901277,0.510559,0.974008,0.002508,0.415308,0.006498,0.365427,0.911557,0.786963,0.831581,0.081444,0.084126,0.010731,0.97874,4566,2|3|4,7,23329,0.174309,1.81,21.7,0.06,0.32,0.0,0.63,4.99,NVIDIA A100-SXM4-80GB,a7eeb9c6f4b5df0f,f86d69189bb7,1,temporal,train,all,0.7,0.15,0.15,C,noise_curve_c_s59_BPIC_2020_DomesticDeclarations
BPIC_2020_DomesticDeclarations,lstm,checker_net_state,0.6,9,0.893867,0.516605,0.975832,0.006156,0.441088,0.01026,0.403431,0.903694,0.768349,0.809461,0.072503,0.075185,0.017083,0.979226,4566,2|3|4,7,23329,0.174309,1.84,22.12,0.06,0.32,0.0,0.63,4.99,NVIDIA A100-SXM4-80GB,a7eeb9c6f4b5df0f,f86d69189bb7,1,temporal,train,all,0.7,0.15,0.15,C,noise_curve_c_s59_BPIC_2020_DomesticDeclarations
BPIC_2020_DomesticDeclarations,lstm,marking,0.6,9,0.897515,0.508466,0.991678,0.006156,0.492735,0.01026,0.485907,0.913159,0.790051,0.828515,0.080387,0.083069,0.017083,0.979978,4566,2|3|4,7,23329,0.174309,2.04,24.5,0.06,0.32,0.0,0.63,4.99,NVIDIA A100-SXM4-80GB,a7eeb9c6f4b5df0f,f86d69189bb7,1,temporal,train,all,0.7,0.15,0.15,C,noise_curve_c_s59_BPIC_2020_DomesticDeclarations
BPIC_2020_DomesticDeclarations,lstm,gnn,0.6,9,0.896831,0.506657,0.968422,0.007068,0.482772,0.011172,0.477883,0.913159,0.790051,0.828515,0.080387,0.083069,0.017083,0.979978,4566,2|3|4,2,23329,0.174309,2.57,17.96,0.06,0.32,0.0,0.63,4.99,NVIDIA A100-SXM4-80GB,a7eeb9c6f4b5df0f,f86d69189bb7,1,temporal,train,all,0.7,0.15,0.15,C,noise_curve_c_s59_BPIC_2020_DomesticDeclarations
BPIC_2020_DomesticDeclarations,lstm,seq,0.6,9,0.879959,0.426791,0.973894,0.02394,0.489284,0.028044,0.481089,0.889603,0.751199,0.805738,0.106153,0.108835,0.015331,0.976869,4566,2|3|4,2,23329,0.174309,3.84,26.87,0.06,0.32,0.0,0.63,4.99,NVIDIA A100-SXM4-80GB,a7eeb9c6f4b5df0f,f86d69189bb7,1,temporal,train,all,0.7,0.15,0.15,C,noise_curve_c_s59_BPIC_2020_DomesticDeclarations
BPIC_2020_DomesticDeclarations,lstm,lll,0.6,9,0.850775,0.386903,0.975262,0.04047,0.175158,0.0,0.010199,0.856743,0.643583,0.779019,0.170609,0.0,0.061761,0.977352,4566,2|3|4,1,23329,0.174309,2.5,15.0,0.06,0.32,0.0,0.63,4.99,NVIDIA A100-SXM4-80GB,a7eeb9c6f4b5df0f,f86d69189bb7,1,temporal,train,all,0.7,0.15,0.15,C,noise_curve_c_s59_BPIC_2020_DomesticDeclarations
BPIC_2020_DomesticDeclarations,lstm,gll,0.6,9,0.902075,0.468678,0.971842,0.001482,0.380467,0.004332,0.296637,0.908059,0.728115,0.832457,0.091522,0.002682,0.00876,0.991735,4566,2|3|4,7,23329,0.174309,4.6,55.19,0.06,0.32,0.0,0.63,4.99,NVIDIA A100-SXM4-80GB,a7eeb9c6f4b5df0f,f86d69189bb7,1,temporal,train,all,0.7,0.15,0.15,C,noise_curve_c_s59_BPIC_2020_DomesticDeclarations
BPIC_2020_DomesticDeclarations,lstm,baseline,0.7,9,0.884291,0.428871,0.967396,0.01938,0.566195,0.023484,0.557951,0.885456,0.749329,0.80968,0.12818,0.130862,0.009198,0.972014,4566,2|3|4,3,27217,0.147231,1.96,15.71,0.06,0.32,0.0,0.63,4.99,NVIDIA A100-SXM4-80GB,a7eeb9c6f4b5df0f,f86d69189bb7,1,temporal,train,all,0.7,0.15,0.15,C,noise_curve_c_s59_BPIC_2020_DomesticDeclarations
BPIC_2020_DomesticDeclarations,lstm,checker,0.7,9,0.902303,0.511073,0.98005,0.001368,0.449507,0.005472,0.487506,0.910686,0.787938,0.832457,0.091522,0.094205,0.009198,0.977163,4566,2|3|4,3,27217,0.147231,1.98,15.83,0.06,0.32,0.0,0.63,4.99,NVIDIA A100-SXM4-80GB,a7eeb9c6f4b5df0f,f86d69189bb7,1,temporal,train,all,0.7,0.15,0.15,C,noise_curve_c_s59_BPIC_2020_DomesticDeclarations
BPIC_2020_DomesticDeclarations,lstm,checker_net,0.7,9,0.902417,0.511132,0.97207,0.001254,0.496382,0.005244,0.443525,0.911306,0.789076,0.832457,0.08884,0.091441,0.008979,0.977649,4566,2|3|4,3,27217,0.147231,1.92,15.37,0.06,0.32,0.0,0.63,4.99,NVIDIA A100-SXM4-80GB,a7eeb9c6f4b5df0f,f86d69189bb7,1,temporal,train,all,0.7,0.15,0.15,C,noise_curve_c_s59_BPIC_2020_DomesticDeclarations
BPIC_2020_DomesticDeclarations,lstm,checker_net_state,0.7,9,0.884291,0.428871,0.96808,0.01938,0.536275,0.023484,0.501166,0.886092,0.751199,0.80968,0.125335,0.128018,0.009198,0.972512,4566,2|3|4,3,27217,0.147231,1.96,15.67,0.06,0.32,0.0,0.63,4.99,NVIDIA A100-SXM4-80GB,a7eeb9c6f4b5df0f,f86d69189bb7,1,temporal,train,all,0.7,0.15,0.15,C,noise_curve_c_s59_BPIC_2020_DomesticDeclarations
BPIC_2020_DomesticDeclarations,lstm,marking,0.7,9,0.879731,0.42659,0.967852,0.024054,0.570295,0.028158,0.561319,0.886805,0.746485,0.805738,0.116069,0.118752,0.017083,0.97529,4566,2|3|4,4,27217,0.147231,2.11,19.02,0.06,0.32,0.0,0.63,4.99,NVIDIA A100-SXM4-80GB,a7eeb9c6f4b5df0f,f86d69189bb7,1,temporal,train,all,0.7,0.15,0.15,C,noise_curve_c_s59_BPIC_2020_DomesticDeclarations
BPIC_2020_DomesticDeclarations,lstm,gnn,0.7,9,0.879959,0.426698,0.950752,0.02394,0.58314,0.028044,0.563035,0.888491,0.749411,0.805738,0.10916,0.111843,0.017083,0.976339,4566,2|3|4,2,27217,0.147231,3.01,21.06,0.06,0.32,0.0,0.63,4.99,NVIDIA A100-SXM4-80GB,a7eeb9c6f4b5df0f,f86d69189bb7,1,temporal,train,all,0.7,0.15,0.15,C,noise_curve_c_s59_BPIC_2020_DomesticDeclarations
BPIC_2020_DomesticDeclarations,lstm,seq,0.7,9,0.820565,0.396139,0.950752,0.083675,0.577313,0.087779,0.566084,0.810963,0.660652,0.69251,0.198,0.200683,0.131406,0.958732,4566,2|3|4,1,27217,0.147231,4.33,25.98,0.06,0.32,0.0,0.63,4.99,NVIDIA A100-SXM4-80GB,a7eeb9c6f4b5df0f,f86d69189bb7,1,temporal,train,all,0.7,0.15,0.15,C,noise_curve_c_s59_BPIC_2020_DomesticDeclarations
BPIC_2020_DomesticDeclarations,lstm,lll,0.7,9,0.902303,0.46977,0.972184,0.005358,0.233669,0.0,0.004509,0.911297,0.734455,0.832457,0.08437,0.0,0.008322,0.990174,4566,2|3|4,2,27217,0.147231,2.08,14.56,0.06,0.32,0.0,0.63,4.99,NVIDIA A100-SXM4-80GB,a7eeb9c6f4b5df0f,f86d69189bb7,1,temporal,train,all,0.7,0.15,0.15,C,noise_curve_c_s59_BPIC_2020_DomesticDeclarations
BPIC_2020_DomesticDeclarations,lstm,gll,0.7,9,0.883949,0.397183,0.96865,0.023142,0.489141,0.000342,0.368946,0.879398,0.684955,0.80968,0.150939,0.000163,0.031537,0.981366,4566,2|3|4,3,27217,0.147231,4.78,38.28,0.06,0.32,0.0,0.63,4.99,NVIDIA A100-SXM4-80GB,a7eeb9c6f4b5df0f,f86d69189bb7,1,temporal,train,all,0.7,0.15,0.15,C,noise_curve_c_s59_BPIC_2020_DomesticDeclarations
BPIC_2020_DomesticDeclarations,lstm,baseline,0.8,9,0.826151,0.407018,0.949726,0.040698,0.656762,0.044688,0.638121,0.81388,0.662196,0.70806,0.087377,0.090059,0.017083,0.966873,4566,2|3|4,12,31106,0.140019,1.87,31.82,0.06,0.32,0.0,0.63,4.99,NVIDIA A100-SXM4-80GB,a7eeb9c6f4b5df0f,f86d69189bb7,1,temporal,train,all,0.7,0.15,0.15,C,noise_curve_c_s59_BPIC_2020_DomesticDeclarations
BPIC_2020_DomesticDeclarations,lstm,checker,0.8,9,0.856703,0.530508,0.97834,0.005472,0.546707,0.010602,0.583608,0.830203,0.67577,0.738502,0.038121,0.046249,0.017083,0.972341,4566,2|3|4,8,31106,0.140019,2.0,26.0,0.06,0.32,0.0,0.63,4.99,NVIDIA A100-SXM4-80GB,a7eeb9c6f4b5df0f,f86d69189bb7,1,temporal,train,all,0.7,0.15,0.15,C,noise_curve_c_s59_BPIC_2020_DomesticDeclarations
BPIC_2020_DomesticDeclarations,lstm,checker_net,0.8,9,0.897287,0.522063,0.97207,0.002394,0.613403,0.006384,0.544662,0.901141,0.762416,0.812746,0.073397,0.071121,0.010731,0.977907,4566,2|3|4,8,31106,0.140019,2.28,29.66,0.06,0.32,0.0,0.63,4.99,NVIDIA A100-SXM4-80GB,a7eeb9c6f4b5df0f,f86d69189bb7,1,temporal,train,all,0.7,0.15,0.15,C,noise_curve_c_s59_BPIC_2020_DomesticDeclarations
BPIC_2020_DomesticDeclarations,lstm,checker_net_state,0.8,9,0.835157,0.411025,0.949384,0.02736,0.632348,0.03135,0.573734,0.815622,0.659677,0.734779,0.079655,0.083313,0.017083,0.968887,4566,2|3|4,12,31106,0.140019,1.96,33.34,0.06,0.32,0.0,0.63,4.99,NVIDIA A100-SXM4-80GB,a7eeb9c6f4b5df0f,f86d69189bb7,1,temporal,train,all,0.7,0.15,0.15,C,noise_curve_c_s59_BPIC_2020_DomesticDeclarations
BPIC_2020_DomesticDeclarations,lstm,marking,0.8,9,0.834473,0.446477,0.940834,0.030894,0.665698,0.034998,0.643945,0.81746,0.666098,0.722076,0.064456,0.066407,0.049277,0.967895,4566,2|3|4,11,31106,0.140019,2.09,33.48,0.06,0.32,0.0,0.63,4.99,NVIDIA A100-SXM4-80GB,a7eeb9c6f4b5df0f,f86d69189bb7,1,temporal,train,all,0.7,0.15,0.15,C,noise_curve_c_s59_BPIC_2020_DomesticDeclarations
BPIC_2020_DomesticDeclarations,lstm,gnn,0.8,9,0.838577,0.450347,0.949954,0.0285,0.654219,0.032604,0.631333,0.814388,0.662521,0.734779,0.095099,0.097781,0.017083,0.965282,4566,2|3|4,9,31106,0.140019,2.66,37.3,0.06,0.32,0.0,0.63,4.99,NVIDIA A100-SXM4-80GB,a7eeb9c6f4b5df0f,f86d69189bb7,1,temporal,train,all,0.7,0.15,0.15,C,noise_curve_c_s59_BPIC_2020_DomesticDeclarations
BPIC_2020_DomesticDeclarations,lstm,seq,0.8,9,0.875741,0.424535,0.950638,0.028158,0.644361,0.032262,0.635998,0.883162,0.74299,0.805738,0.122165,0.124848,0.017083,0.972805,4566,2|3|4,8,31106,0.140019,4.52,58.71,0.06,0.32,0.0,0.63,4.99,NVIDIA A100-SXM4-80GB,a7eeb9c6f4b5df0f,f86d69189bb7,1,temporal,train,all,0.7,0.15,0.15,C,noise_curve_c_s59_BPIC_2020_DomesticDeclarations
BPIC_2020_DomesticDeclarations,lstm,lll,0.8,9,0.884861,0.397452,0.972184,0.023142,0.292202,0.0,0.002443,0.89034,0.702512,0.80968,0.11355,0.0,0.031099,0.987836,4566,2|3|4,4,31106,0.140019,2.0,18.04,0.06,0.32,0.0,0.63,4.99,NVIDIA A100-SXM4-80GB,a7eeb9c6f4b5df0f,f86d69189bb7,1,temporal,train,all,0.7,0.15,0.15,C,noise_curve_c_s59_BPIC_2020_DomesticDeclarations
BPIC_2020_DomesticDeclarations,lstm,gll,0.8,9,0.868217,0.393787,0.972184,0.039558,0.592466,0.0,0.45442,0.860842,0.653499,0.793254,0.184345,0.0,0.046649,0.983731,4566,2|3|4,5,31106,0.140019,4.63,46.25,0.06,0.32,0.0,0.63,4.99,NVIDIA A100-SXM4-80GB,a7eeb9c6f4b5df0f,f86d69189bb7,1,temporal,train,all,0.7,0.15,0.15,C,noise_curve_c_s59_BPIC_2020_DomesticDeclarations
